ISO-10303-21;
HEADER;
/* Generated by software containing ST-Developer
 * from STEP Tools, Inc. (www.steptools.com) 
 */

FILE_DESCRIPTION(
/* description */ (''),
/* implementation_level */ '2;1');

FILE_NAME(
/* name */ 'C:\\Users\\Miroslav Hudec\\Desktop\\elektrika4.stp',
/* time_stamp */ '2022-05-09T11:00:00+02:00',
/* author */ ('Hudec'),
/* organization */ (''),
/* preprocessor_version */ 'ST-DEVELOPER v16.1',
/* originating_system */ 'Autodesk Inventor 2016',
/* authorisation */ '');

FILE_SCHEMA (('AUTOMOTIVE_DESIGN { 1 0 10303 214 3 1 1 }'));
ENDSEC;

DATA;
#10=MECHANICAL_DESIGN_GEOMETRIC_PRESENTATION_REPRESENTATION('',(#86,#87,
#88,#79,#81,#80,#84,#82,#83,#85,#103,#60,#61,#48,#53,#49,#51,#52,#50,#56,
#55,#54,#57,#58,#59,#100,#101,#99,#89,#94,#92,#90,#93,#95,#91,#96,#97,#98,
#102,#67,#62,#66,#68,#65,#63,#70,#64,#69,#71,#72,#75,#78,#77,#76,#74,#73,
#104,#39,#40,#41,#38,#46,#47,#42,#43,#44,#45,#34,#33,#35,#36,#37,#15,#16,
#17,#109,#110,#106,#105,#112,#114,#113,#115,#108,#107,#111,#18,#19,#24,
#20,#22,#23,#21,#25,#27,#26,#28,#29,#31,#30,#32),#6229);
#11=SHAPE_REPRESENTATION_RELATIONSHIP('SRR','None',#6238,#12);
#12=ADVANCED_BREP_SHAPE_REPRESENTATION('',(#3233),#6228);
#13=CONICAL_SURFACE('',#3446,2.45,55.);
#14=CONICAL_SURFACE('',#3537,9.75,4.);
#15=STYLED_ITEM('',(#6248),#3108);
#16=STYLED_ITEM('',(#6248),#3109);
#17=STYLED_ITEM('',(#6247),#3110);
#18=STYLED_ITEM('',(#6248),#3111);
#19=STYLED_ITEM('',(#6248),#3112);
#20=STYLED_ITEM('',(#6248),#3113);
#21=STYLED_ITEM('',(#6248),#3114);
#22=STYLED_ITEM('',(#6248),#3115);
#23=STYLED_ITEM('',(#6248),#3116);
#24=STYLED_ITEM('',(#6248),#3117);
#25=STYLED_ITEM('',(#6248),#3118);
#26=STYLED_ITEM('',(#6248),#3119);
#27=STYLED_ITEM('',(#6248),#3120);
#28=STYLED_ITEM('',(#6248),#3121);
#29=STYLED_ITEM('',(#6248),#3122);
#30=STYLED_ITEM('',(#6248),#3123);
#31=STYLED_ITEM('',(#6248),#3124);
#32=STYLED_ITEM('',(#6248),#3125);
#33=STYLED_ITEM('',(#6248),#3126);
#34=STYLED_ITEM('',(#6248),#3127);
#35=STYLED_ITEM('',(#6248),#3128);
#36=STYLED_ITEM('',(#6248),#3129);
#37=STYLED_ITEM('',(#6248),#3130);
#38=STYLED_ITEM('',(#6248),#3131);
#39=STYLED_ITEM('',(#6248),#3132);
#40=STYLED_ITEM('',(#6248),#3133);
#41=STYLED_ITEM('',(#6248),#3134);
#42=STYLED_ITEM('',(#6248),#3135);
#43=STYLED_ITEM('',(#6248),#3136);
#44=STYLED_ITEM('',(#6248),#3137);
#45=STYLED_ITEM('',(#6248),#3138);
#46=STYLED_ITEM('',(#6248),#3139);
#47=STYLED_ITEM('',(#6248),#3140);
#48=STYLED_ITEM('',(#6248),#3141);
#49=STYLED_ITEM('',(#6248),#3142);
#50=STYLED_ITEM('',(#6248),#3143);
#51=STYLED_ITEM('',(#6248),#3144);
#52=STYLED_ITEM('',(#6248),#3145);
#53=STYLED_ITEM('',(#6248),#3146);
#54=STYLED_ITEM('',(#6248),#3147);
#55=STYLED_ITEM('',(#6248),#3148);
#56=STYLED_ITEM('',(#6248),#3149);
#57=STYLED_ITEM('',(#6248),#3150);
#58=STYLED_ITEM('',(#6248),#3151);
#59=STYLED_ITEM('',(#6247),#3152);
#60=STYLED_ITEM('',(#6249),#3153);
#61=STYLED_ITEM('',(#6249),#3154);
#62=STYLED_ITEM('',(#6249),#3155);
#63=STYLED_ITEM('',(#6249),#3156);
#64=STYLED_ITEM('',(#6249),#3157);
#65=STYLED_ITEM('',(#6249),#3158);
#66=STYLED_ITEM('',(#6249),#3159);
#67=STYLED_ITEM('',(#6247),#3160);
#68=STYLED_ITEM('',(#6247),#3161);
#69=STYLED_ITEM('',(#6247),#3162);
#70=STYLED_ITEM('',(#6247),#3163);
#71=STYLED_ITEM('',(#6247),#3164);
#72=STYLED_ITEM('',(#6247),#3165);
#73=STYLED_ITEM('',(#6247),#3174);
#74=STYLED_ITEM('',(#6247),#3175);
#75=STYLED_ITEM('',(#6249),#3181);
#76=STYLED_ITEM('',(#6249),#3182);
#77=STYLED_ITEM('',(#6249),#3183);
#78=STYLED_ITEM('',(#6249),#3184);
#79=STYLED_ITEM('',(#6249),#3185);
#80=STYLED_ITEM('',(#6249),#3186);
#81=STYLED_ITEM('',(#6249),#3187);
#82=STYLED_ITEM('',(#6249),#3188);
#83=STYLED_ITEM('',(#6247),#3189);
#84=STYLED_ITEM('',(#6247),#3191);
#85=STYLED_ITEM('',(#6247),#3194);
#86=STYLED_ITEM('',(#6247),#3195);
#87=STYLED_ITEM('',(#6249),#3196);
#88=STYLED_ITEM('',(#6249),#3197);
#89=STYLED_ITEM('',(#6249),#3198);
#90=STYLED_ITEM('',(#6249),#3199);
#91=STYLED_ITEM('',(#6249),#3200);
#92=STYLED_ITEM('',(#6249),#3201);
#93=STYLED_ITEM('',(#6249),#3202);
#94=STYLED_ITEM('',(#6249),#3203);
#95=STYLED_ITEM('',(#6247),#3204);
#96=STYLED_ITEM('',(#6247),#3205);
#97=STYLED_ITEM('',(#6247),#3208);
#98=STYLED_ITEM('',(#6247),#3210);
#99=STYLED_ITEM('',(#6247),#3211);
#100=STYLED_ITEM('',(#6247),#3213);
#101=STYLED_ITEM('',(#6247),#3215);
#102=STYLED_ITEM('',(#6247),#3217);
#103=STYLED_ITEM('',(#6247),#3218);
#104=STYLED_ITEM('',(#6247),#3219);
#105=STYLED_ITEM('',(#6247),#3220);
#106=STYLED_ITEM('',(#6247),#3221);
#107=STYLED_ITEM('',(#6247),#3222);
#108=STYLED_ITEM('',(#6247),#3223);
#109=STYLED_ITEM('',(#6247),#3224);
#110=STYLED_ITEM('',(#6247),#3225);
#111=STYLED_ITEM('',(#6247),#3226);
#112=STYLED_ITEM('',(#6247),#3227);
#113=STYLED_ITEM('',(#6247),#3228);
#114=STYLED_ITEM('',(#6247),#3229);
#115=STYLED_ITEM('',(#6247),#3233);
#116=SPHERICAL_SURFACE('',#3264,0.1);
#117=SPHERICAL_SURFACE('',#3285,0.1);
#118=SPHERICAL_SURFACE('',#3304,0.1);
#119=SPHERICAL_SURFACE('',#3327,0.1);
#120=LINE('',#4508,#376);
#121=LINE('',#4509,#377);
#122=LINE('',#4563,#378);
#123=LINE('',#4564,#379);
#124=LINE('',#4573,#380);
#125=LINE('',#4574,#381);
#126=LINE('',#4616,#382);
#127=LINE('',#4620,#383);
#128=LINE('',#4635,#384);
#129=LINE('',#4639,#385);
#130=LINE('',#4654,#386);
#131=LINE('',#4658,#387);
#132=LINE('',#4673,#388);
#133=LINE('',#4713,#389);
#134=LINE('',#4714,#390);
#135=LINE('',#4716,#391);
#136=LINE('',#4784,#392);
#137=LINE('',#4833,#393);
#138=LINE('',#4842,#394);
#139=LINE('',#4843,#395);
#140=LINE('',#4883,#396);
#141=LINE('',#4923,#397);
#142=LINE('',#4924,#398);
#143=LINE('',#4926,#399);
#144=LINE('',#4988,#400);
#145=LINE('',#4996,#401);
#146=LINE('',#5055,#402);
#147=LINE('',#5056,#403);
#148=LINE('',#5131,#404);
#149=LINE('',#5132,#405);
#150=LINE('',#5134,#406);
#151=LINE('',#5135,#407);
#152=LINE('',#5204,#408);
#153=LINE('',#5253,#409);
#154=LINE('',#5262,#410);
#155=LINE('',#5263,#411);
#156=LINE('',#5303,#412);
#157=LINE('',#5343,#413);
#158=LINE('',#5344,#414);
#159=LINE('',#5346,#415);
#160=LINE('',#5401,#416);
#161=LINE('',#5404,#417);
#162=LINE('',#5408,#418);
#163=LINE('',#5412,#419);
#164=LINE('',#5416,#420);
#165=LINE('',#5419,#421);
#166=LINE('',#5422,#422);
#167=LINE('',#5424,#423);
#168=LINE('',#5428,#424);
#169=LINE('',#5431,#425);
#170=LINE('',#5434,#426);
#171=LINE('',#5436,#427);
#172=LINE('',#5440,#428);
#173=LINE('',#5443,#429);
#174=LINE('',#5445,#430);
#175=LINE('',#5446,#431);
#176=LINE('',#5448,#432);
#177=LINE('',#5449,#433);
#178=LINE('',#5453,#434);
#179=LINE('',#5455,#435);
#180=LINE('',#5457,#436);
#181=LINE('',#5458,#437);
#182=LINE('',#5460,#438);
#183=LINE('',#5461,#439);
#184=LINE('',#5464,#440);
#185=LINE('',#5466,#441);
#186=LINE('',#5467,#442);
#187=LINE('',#5471,#443);
#188=LINE('',#5473,#444);
#189=LINE('',#5475,#445);
#190=LINE('',#5476,#446);
#191=LINE('',#5478,#447);
#192=LINE('',#5479,#448);
#193=LINE('',#5482,#449);
#194=LINE('',#5484,#450);
#195=LINE('',#5486,#451);
#196=LINE('',#5488,#452);
#197=LINE('',#5490,#453);
#198=LINE('',#5491,#454);
#199=LINE('',#5493,#455);
#200=LINE('',#5494,#456);
#201=LINE('',#5497,#457);
#202=LINE('',#5501,#458);
#203=LINE('',#5504,#459);
#204=LINE('',#5507,#460);
#205=LINE('',#5510,#461);
#206=LINE('',#5513,#462);
#207=LINE('',#5517,#463);
#208=LINE('',#5520,#464);
#209=LINE('',#5523,#465);
#210=LINE('',#5527,#466);
#211=LINE('',#5530,#467);
#212=LINE('',#5533,#468);
#213=LINE('',#5536,#469);
#214=LINE('',#5537,#470);
#215=LINE('',#5539,#471);
#216=LINE('',#5541,#472);
#217=LINE('',#5542,#473);
#218=LINE('',#5546,#474);
#219=LINE('',#5548,#475);
#220=LINE('',#5549,#476);
#221=LINE('',#5551,#477);
#222=LINE('',#5552,#478);
#223=LINE('',#5556,#479);
#224=LINE('',#5559,#480);
#225=LINE('',#5560,#481);
#226=LINE('',#5564,#482);
#227=LINE('',#5566,#483);
#228=LINE('',#5567,#484);
#229=LINE('',#5569,#485);
#230=LINE('',#5570,#486);
#231=LINE('',#5574,#487);
#232=LINE('',#5577,#488);
#233=LINE('',#5578,#489);
#234=LINE('',#5582,#490);
#235=LINE('',#5585,#491);
#236=LINE('',#5586,#492);
#237=LINE('',#5590,#493);
#238=LINE('',#5593,#494);
#239=LINE('',#5594,#495);
#240=LINE('',#5598,#496);
#241=LINE('',#5599,#497);
#242=LINE('',#5600,#498);
#243=LINE('',#5602,#499);
#244=LINE('',#5606,#500);
#245=LINE('',#5607,#501);
#246=LINE('',#5608,#502);
#247=LINE('',#5610,#503);
#248=LINE('',#5893,#504);
#249=LINE('',#5895,#505);
#250=LINE('',#5897,#506);
#251=LINE('',#5898,#507);
#252=LINE('',#5902,#508);
#253=LINE('',#5904,#509);
#254=LINE('',#5907,#510);
#255=LINE('',#5910,#511);
#256=LINE('',#5911,#512);
#257=LINE('',#5914,#513);
#258=LINE('',#5915,#514);
#259=LINE('',#5919,#515);
#260=LINE('',#5921,#516);
#261=LINE('',#5923,#517);
#262=LINE('',#5924,#518);
#263=LINE('',#5928,#519);
#264=LINE('',#5930,#520);
#265=LINE('',#5933,#521);
#266=LINE('',#5936,#522);
#267=LINE('',#5938,#523);
#268=LINE('',#5939,#524);
#269=LINE('',#5943,#525);
#270=LINE('',#5945,#526);
#271=LINE('',#5946,#527);
#272=LINE('',#5949,#528);
#273=LINE('',#5952,#529);
#274=LINE('',#5955,#530);
#275=LINE('',#5957,#531);
#276=LINE('',#5958,#532);
#277=LINE('',#5961,#533);
#278=LINE('',#5962,#534);
#279=LINE('',#5965,#535);
#280=LINE('',#5967,#536);
#281=LINE('',#5968,#537);
#282=LINE('',#5972,#538);
#283=LINE('',#5973,#539);
#284=LINE('',#5974,#540);
#285=LINE('',#5978,#541);
#286=LINE('',#5982,#542);
#287=LINE('',#5983,#543);
#288=LINE('',#5987,#544);
#289=LINE('',#5988,#545);
#290=LINE('',#5989,#546);
#291=LINE('',#5994,#547);
#292=LINE('',#5995,#548);
#293=LINE('',#5997,#549);
#294=LINE('',#5998,#550);
#295=LINE('',#6002,#551);
#296=LINE('',#6004,#552);
#297=LINE('',#6005,#553);
#298=LINE('',#6008,#554);
#299=LINE('',#6010,#555);
#300=LINE('',#6011,#556);
#301=LINE('',#6014,#557);
#302=LINE('',#6015,#558);
#303=LINE('',#6019,#559);
#304=LINE('',#6021,#560);
#305=LINE('',#6022,#561);
#306=LINE('',#6025,#562);
#307=LINE('',#6027,#563);
#308=LINE('',#6028,#564);
#309=LINE('',#6031,#565);
#310=LINE('',#6032,#566);
#311=LINE('',#6034,#567);
#312=LINE('',#6037,#568);
#313=LINE('',#6039,#569);
#314=LINE('',#6042,#570);
#315=LINE('',#6043,#571);
#316=LINE('',#6045,#572);
#317=LINE('',#6048,#573);
#318=LINE('',#6051,#574);
#319=LINE('',#6052,#575);
#320=LINE('',#6055,#576);
#321=LINE('',#6056,#577);
#322=LINE('',#6059,#578);
#323=LINE('',#6062,#579);
#324=LINE('',#6065,#580);
#325=LINE('',#6066,#581);
#326=LINE('',#6070,#582);
#327=LINE('',#6071,#583);
#328=LINE('',#6077,#584);
#329=LINE('',#6079,#585);
#330=LINE('',#6080,#586);
#331=LINE('',#6084,#587);
#332=LINE('',#6085,#588);
#333=LINE('',#6086,#589);
#334=LINE('',#6090,#590);
#335=LINE('',#6091,#591);
#336=LINE('',#6092,#592);
#337=LINE('',#6095,#593);
#338=LINE('',#6096,#594);
#339=LINE('',#6099,#595);
#340=LINE('',#6100,#596);
#341=LINE('',#6104,#597);
#342=LINE('',#6109,#598);
#343=LINE('',#6110,#599);
#344=LINE('',#6111,#600);
#345=LINE('',#6115,#601);
#346=LINE('',#6116,#602);
#347=LINE('',#6117,#603);
#348=LINE('',#6119,#604);
#349=LINE('',#6120,#605);
#350=LINE('',#6122,#606);
#351=LINE('',#6124,#607);
#352=LINE('',#6151,#608);
#353=LINE('',#6153,#609);
#354=LINE('',#6157,#610);
#355=LINE('',#6158,#611);
#356=LINE('',#6161,#612);
#357=LINE('',#6163,#613);
#358=LINE('',#6164,#614);
#359=LINE('',#6168,#615);
#360=LINE('',#6169,#616);
#361=LINE('',#6170,#617);
#362=LINE('',#6173,#618);
#363=LINE('',#6174,#619);
#364=LINE('',#6177,#620);
#365=LINE('',#6178,#621);
#366=LINE('',#6180,#622);
#367=LINE('',#6182,#623);
#368=LINE('',#6185,#624);
#369=LINE('',#6187,#625);
#370=LINE('',#6188,#626);
#371=LINE('',#6191,#627);
#372=LINE('',#6192,#628);
#373=LINE('',#6195,#629);
#374=LINE('',#6196,#630);
#375=LINE('',#6198,#631);
#376=VECTOR('',#3581,1.96880296085351);
#377=VECTOR('',#3582,1.96880296085351);
#378=VECTOR('',#3585,1.96880296075462);
#379=VECTOR('',#3586,1.96880296075462);
#380=VECTOR('',#3589,1.68390796058137);
#381=VECTOR('',#3590,0.200000000000001);
#382=VECTOR('',#3597,1.96880296085351);
#383=VECTOR('',#3600,1.96880296075463);
#384=VECTOR('',#3603,1.96880296085351);
#385=VECTOR('',#3606,1.96880296075462);
#386=VECTOR('',#3609,1.96880296085351);
#387=VECTOR('',#3612,1.96880296075463);
#388=VECTOR('',#3625,1.68390796058137);
#389=VECTOR('',#3630,1.68390796058137);
#390=VECTOR('',#3631,1.68390796058137);
#391=VECTOR('',#3634,0.200000000000001);
#392=VECTOR('',#3655,1.96880296085351);
#393=VECTOR('',#3658,1.96880296075463);
#394=VECTOR('',#3661,1.68390796058137);
#395=VECTOR('',#3662,0.200000000000001);
#396=VECTOR('',#3675,1.68390796058137);
#397=VECTOR('',#3680,1.68390796058137);
#398=VECTOR('',#3681,1.68390796058138);
#399=VECTOR('',#3684,0.200000000000001);
#400=VECTOR('',#3697,1.96880296075425);
#401=VECTOR('',#3708,1.96880296085351);
#402=VECTOR('',#3721,1.68390796058137);
#403=VECTOR('',#3722,1.68390796058137);
#404=VECTOR('',#3727,1.68390796058137);
#405=VECTOR('',#3728,1.68390796058137);
#406=VECTOR('',#3731,0.200000000000001);
#407=VECTOR('',#3732,0.200000000000001);
#408=VECTOR('',#3755,1.96880296085351);
#409=VECTOR('',#3758,1.96880296075463);
#410=VECTOR('',#3761,1.68390796058137);
#411=VECTOR('',#3762,0.200000000000001);
#412=VECTOR('',#3775,1.68390796058137);
#413=VECTOR('',#3780,1.68390796058137);
#414=VECTOR('',#3781,1.68390796058138);
#415=VECTOR('',#3784,0.200000000000001);
#416=VECTOR('',#3853,5.);
#417=VECTOR('',#3856,5.);
#418=VECTOR('',#3859,2.01262043787243);
#419=VECTOR('',#3862,2.01262043787243);
#420=VECTOR('',#3867,2.01262043787243);
#421=VECTOR('',#3870,2.01262043787243);
#422=VECTOR('',#3873,2.);
#423=VECTOR('',#3874,2.);
#424=VECTOR('',#3879,2.);
#425=VECTOR('',#3882,2.);
#426=VECTOR('',#3885,2.01262043787243);
#427=VECTOR('',#3886,2.01262043787243);
#428=VECTOR('',#3891,2.01262043787243);
#429=VECTOR('',#3894,2.01262043787243);
#430=VECTOR('',#3897,2.3);
#431=VECTOR('',#3898,2.3);
#432=VECTOR('',#3901,2.3);
#433=VECTOR('',#3902,2.3);
#434=VECTOR('',#3905,0.899999999999999);
#435=VECTOR('',#3906,8.3);
#436=VECTOR('',#3907,0.900000000000001);
#437=VECTOR('',#3908,8.3);
#438=VECTOR('',#3911,2.93725393319377);
#439=VECTOR('',#3912,2.77110030819317);
#440=VECTOR('',#3915,0.916079783099617);
#441=VECTOR('',#3916,2.02117415009416);
#442=VECTOR('',#3917,0.999999999999999);
#443=VECTOR('',#3920,0.9);
#444=VECTOR('',#3921,8.3);
#445=VECTOR('',#3922,0.900000000000001);
#446=VECTOR('',#3923,8.3);
#447=VECTOR('',#3926,2.77110030819317);
#448=VECTOR('',#3927,2.93725393319377);
#449=VECTOR('',#3930,0.691221310052879);
#450=VECTOR('',#3931,5.);
#451=VECTOR('',#3932,2.04674059497897);
#452=VECTOR('',#3933,2.);
#453=VECTOR('',#3934,2.04674059497897);
#454=VECTOR('',#3935,2.3);
#455=VECTOR('',#3936,2.07987899814029);
#456=VECTOR('',#3937,0.999999999999999);
#457=VECTOR('',#3940,2.3);
#458=VECTOR('',#3945,2.3);
#459=VECTOR('',#3948,2.3);
#460=VECTOR('',#3951,2.04674059497897);
#461=VECTOR('',#3954,2.04674059497897);
#462=VECTOR('',#3957,2.04674059497897);
#463=VECTOR('',#3962,2.);
#464=VECTOR('',#3965,2.);
#465=VECTOR('',#3968,2.);
#466=VECTOR('',#3973,2.04674059497897);
#467=VECTOR('',#3976,2.04674059497897);
#468=VECTOR('',#3979,2.04674059497897);
#469=VECTOR('',#3984,5.);
#470=VECTOR('',#3985,5.);
#471=VECTOR('',#3988,5.);
#472=VECTOR('',#3991,5.);
#473=VECTOR('',#3992,5.);
#474=VECTOR('',#3995,0.691221310052879);
#475=VECTOR('',#3996,8.3);
#476=VECTOR('',#3997,2.77110030819317);
#477=VECTOR('',#3998,2.07987899814029);
#478=VECTOR('',#3999,0.999999999999999);
#479=VECTOR('',#4004,2.02117415009416);
#480=VECTOR('',#4007,0.900000000000001);
#481=VECTOR('',#4008,2.93725393319377);
#482=VECTOR('',#4011,0.916079783099617);
#483=VECTOR('',#4012,8.3);
#484=VECTOR('',#4013,2.93725393319377);
#485=VECTOR('',#4014,2.02117415009416);
#486=VECTOR('',#4015,0.999999999999999);
#487=VECTOR('',#4020,2.07987899814029);
#488=VECTOR('',#4023,0.900000000000001);
#489=VECTOR('',#4024,2.77110030819317);
#490=VECTOR('',#4029,2.07987899814029);
#491=VECTOR('',#4032,0.691221310052879);
#492=VECTOR('',#4033,0.999999999999999);
#493=VECTOR('',#4038,2.02117415009416);
#494=VECTOR('',#4041,0.916079783099617);
#495=VECTOR('',#4042,0.999999999999999);
#496=VECTOR('',#4045,0.916079783099617);
#497=VECTOR('',#4046,0.999999999999999);
#498=VECTOR('',#4047,8.3);
#499=VECTOR('',#4050,0.899999999999999);
#500=VECTOR('',#4053,0.691221310052879);
#501=VECTOR('',#4054,0.999999999999999);
#502=VECTOR('',#4055,8.3);
#503=VECTOR('',#4058,0.9);
#504=VECTOR('',#4131,3.);
#505=VECTOR('',#4132,13.);
#506=VECTOR('',#4133,3.);
#507=VECTOR('',#4134,13.);
#508=VECTOR('',#4137,3.);
#509=VECTOR('',#4138,1.32635000820705);
#510=VECTOR('',#4141,1.32635000820705);
#511=VECTOR('',#4144,3.20710769887707);
#512=VECTOR('',#4145,2.91998894654171);
#513=VECTOR('',#4148,3.20710769887707);
#514=VECTOR('',#4149,2.91998894654171);
#515=VECTOR('',#4152,3.);
#516=VECTOR('',#4153,13.);
#517=VECTOR('',#4154,3.);
#518=VECTOR('',#4155,13.);
#519=VECTOR('',#4158,3.);
#520=VECTOR('',#4159,0.981226125885548);
#521=VECTOR('',#4162,0.981226125885548);
#522=VECTOR('',#4165,4.53498437039711);
#523=VECTOR('',#4166,7.6062562167555);
#524=VECTOR('',#4167,2.26211521389086);
#525=VECTOR('',#4170,1.18348682897843);
#526=VECTOR('',#4171,0.661692046381898);
#527=VECTOR('',#4172,0.981226125885548);
#528=VECTOR('',#4175,3.);
#529=VECTOR('',#4178,0.981226125885548);
#530=VECTOR('',#4181,4.53498437039711);
#531=VECTOR('',#4182,2.26211521389086);
#532=VECTOR('',#4183,7.6062562167555);
#533=VECTOR('',#4186,1.18348682897843);
#534=VECTOR('',#4187,0.661692046381898);
#535=VECTOR('',#4190,1.49885043242247);
#536=VECTOR('',#4191,3.);
#537=VECTOR('',#4192,1.49885043242247);
#538=VECTOR('',#4195,3.);
#539=VECTOR('',#4196,1.83602655774461);
#540=VECTOR('',#4197,1.83602655774461);
#541=VECTOR('',#4200,3.);
#542=VECTOR('',#4207,5.80481106764652);
#543=VECTOR('',#4208,5.80481106764652);
#544=VECTOR('',#4211,3.);
#545=VECTOR('',#4212,4.70404998328956);
#546=VECTOR('',#4213,4.70404998328956);
#547=VECTOR('',#4222,1.20899750406472);
#548=VECTOR('',#4223,0.603065286256186);
#549=VECTOR('',#4226,1.20899750406472);
#550=VECTOR('',#4227,0.603065286256186);
#551=VECTOR('',#4230,3.20710769887707);
#552=VECTOR('',#4231,2.91998894654171);
#553=VECTOR('',#4232,1.32635000820705);
#554=VECTOR('',#4235,4.53498437039711);
#555=VECTOR('',#4236,2.26211521389086);
#556=VECTOR('',#4237,7.60625621675549);
#557=VECTOR('',#4240,1.18348682897843);
#558=VECTOR('',#4241,0.661692046381899);
#559=VECTOR('',#4244,3.20710769887707);
#560=VECTOR('',#4245,1.32635000820705);
#561=VECTOR('',#4246,2.91998894654171);
#562=VECTOR('',#4249,4.53498437039711);
#563=VECTOR('',#4250,7.6062562167555);
#564=VECTOR('',#4251,2.26211521389086);
#565=VECTOR('',#4254,1.18348682897843);
#566=VECTOR('',#4255,0.661692046381898);
#567=VECTOR('',#4258,3.);
#568=VECTOR('',#4263,1.20899750406472);
#569=VECTOR('',#4264,5.80481106764652);
#570=VECTOR('',#4267,1.83602655774461);
#571=VECTOR('',#4268,0.603065286256185);
#572=VECTOR('',#4269,1.49885043242247);
#573=VECTOR('',#4272,4.70404998328956);
#574=VECTOR('',#4275,1.49885043242247);
#575=VECTOR('',#4276,3.);
#576=VECTOR('',#4279,3.);
#577=VECTOR('',#4280,1.83602655774461);
#578=VECTOR('',#4283,3.);
#579=VECTOR('',#4288,5.80481106764652);
#580=VECTOR('',#4291,3.);
#581=VECTOR('',#4292,4.70404998328956);
#582=VECTOR('',#4299,1.20899750406472);
#583=VECTOR('',#4300,0.603065286256186);
#584=VECTOR('',#4305,2.46227096486792);
#585=VECTOR('',#4306,3.);
#586=VECTOR('',#4307,2.46227096486792);
#587=VECTOR('',#4310,3.);
#588=VECTOR('',#4311,13.);
#589=VECTOR('',#4312,13.);
#590=VECTOR('',#4315,3.);
#591=VECTOR('',#4316,1.96105001582733);
#592=VECTOR('',#4317,1.96105001582733);
#593=VECTOR('',#4320,7.18529653432777);
#594=VECTOR('',#4321,5.83220648689811);
#595=VECTOR('',#4324,7.18529653432777);
#596=VECTOR('',#4325,5.83220648689811);
#597=VECTOR('',#4328,3.);
#598=VECTOR('',#4333,3.);
#599=VECTOR('',#4334,11.711606821929);
#600=VECTOR('',#4335,11.711606821929);
#601=VECTOR('',#4338,3.);
#602=VECTOR('',#4339,0.823032899593937);
#603=VECTOR('',#4340,0.823032899593937);
#604=VECTOR('',#4343,5.21501917448589);
#605=VECTOR('',#4344,5.21501917448589);
#606=VECTOR('',#4347,7.16779351310189);
#607=VECTOR('',#4350,7.16779351310189);
#608=VECTOR('',#4357,7.16779351310189);
#609=VECTOR('',#4358,5.83220648689811);
#610=VECTOR('',#4361,5.83220648689811);
#611=VECTOR('',#4362,7.16779351310189);
#612=VECTOR('',#4365,2.46227096486792);
#613=VECTOR('',#4366,3.);
#614=VECTOR('',#4367,2.46227096486792);
#615=VECTOR('',#4370,3.);
#616=VECTOR('',#4371,13.);
#617=VECTOR('',#4372,13.);
#618=VECTOR('',#4375,7.18529653432777);
#619=VECTOR('',#4376,1.96105001582733);
#620=VECTOR('',#4379,3.);
#621=VECTOR('',#4380,1.96105001582733);
#622=VECTOR('',#4383,3.);
#623=VECTOR('',#4386,7.18529653432777);
#624=VECTOR('',#4389,5.21501917448589);
#625=VECTOR('',#4390,0.823032899593937);
#626=VECTOR('',#4391,11.711606821929);
#627=VECTOR('',#4394,3.);
#628=VECTOR('',#4395,11.711606821929);
#629=VECTOR('',#4398,3.);
#630=VECTOR('',#4399,0.823032899593937);
#631=VECTOR('',#4402,5.21501917448589);
#632=B_SPLINE_CURVE_WITH_KNOTS('',3,(#4465,#4466,#4467,#4468,#4469,#4470,
#4471,#4472,#4473,#4474,#4475,#4476,#4477,#4478,#4479,#4480),
 .UNSPECIFIED.,.F.,.F.,(4,3,3,3,3,4),(-9.33825278341897E-5,0.00544120595425666,
0.0101221720870703,0.0113142579086594,0.0147213856850836,0.0191822621765987),
 .UNSPECIFIED.);
#633=B_SPLINE_CURVE_WITH_KNOTS('',3,(#4482,#4483,#4484,#4485,#4486),
 .UNSPECIFIED.,.F.,.F.,(4,1,4),(0.020316055307163,0.0244320954500719,0.0342049336301007),
 .UNSPECIFIED.);
#634=B_SPLINE_CURVE_WITH_KNOTS('',3,(#4489,#4490,#4491,#4492,#4493,#4494),
 .UNSPECIFIED.,.F.,.F.,(4,1,1,4),(-0.0342049336301007,-0.0244320954500719,
-0.0171024668150504,0.),.UNSPECIFIED.);
#635=B_SPLINE_CURVE_WITH_KNOTS('',3,(#4537,#4538,#4539,#4540,#4541,#4542,
#4543,#4544,#4545,#4546,#4547,#4548,#4549,#4550,#4551,#4552),
 .UNSPECIFIED.,.F.,.F.,(4,3,3,3,3,4),(0.,0.00441782699456315,0.00897265607931081,
0.0105140682404548,0.0136084487495176,0.0190896259557978),.UNSPECIFIED.);
#636=B_SPLINE_CURVE_WITH_KNOTS('',3,(#4553,#4554,#4555,#4556,#4557),
 .UNSPECIFIED.,.F.,.F.,(4,1,4),(0.,0.0171024668081224,0.0342049336162449),
 .UNSPECIFIED.);
#637=B_SPLINE_CURVE_WITH_KNOTS('',3,(#4558,#4559,#4560,#4561),
 .UNSPECIFIED.,.F.,.F.,(4,4),(-0.0342049336162449,-0.0203408129664016),
 .UNSPECIFIED.);
#638=B_SPLINE_CURVE_WITH_KNOTS('',3,(#4567,#4568,#4569,#4570,#4571),
 .UNSPECIFIED.,.F.,.F.,(4,1,4),(0.189287358279305,0.209936335239225,0.226385420686465),
 .UNSPECIFIED.);
#639=B_SPLINE_CURVE_WITH_KNOTS('',3,(#4601,#4602,#4603,#4604,#4605),
 .UNSPECIFIED.,.F.,.F.,(4,1,4),(-0.230541432879683,-0.209936335239225,-0.189287358279305),
 .UNSPECIFIED.);
#640=B_SPLINE_CURVE_WITH_KNOTS('',3,(#4611,#4612,#4613,#4614),
 .UNSPECIFIED.,.F.,.F.,(4,4),(-0.0342049336162439,-0.0203408130454855),
 .UNSPECIFIED.);
#641=B_SPLINE_CURVE_WITH_KNOTS('',3,(#4622,#4623,#4624,#4625,#4626),
 .UNSPECIFIED.,.F.,.F.,(4,1,4),(0.0203160552115117,0.0244320954500722,0.0342049336301012),
 .UNSPECIFIED.);
#642=B_SPLINE_CURVE_WITH_KNOTS('',3,(#4630,#4631,#4632,#4633),
 .UNSPECIFIED.,.F.,.F.,(4,4),(-0.0342049336162448,-0.0203408130454943),
 .UNSPECIFIED.);
#643=B_SPLINE_CURVE_WITH_KNOTS('',3,(#4641,#4642,#4643,#4644,#4645),
 .UNSPECIFIED.,.F.,.F.,(4,1,4),(0.0203160552115151,0.0244320954500717,0.0342049336301004),
 .UNSPECIFIED.);
#644=B_SPLINE_CURVE_WITH_KNOTS('',3,(#4649,#4650,#4651,#4652),
 .UNSPECIFIED.,.F.,.F.,(4,4),(-0.034204933616244,-0.0203408130388885),
 .UNSPECIFIED.);
#645=B_SPLINE_CURVE_WITH_KNOTS('',3,(#4660,#4661,#4662,#4663,#4664),
 .UNSPECIFIED.,.F.,.F.,(4,1,4),(0.020316056356633,0.0244320954500726,0.0342049336301017),
 .UNSPECIFIED.);
#646=B_SPLINE_CURVE_WITH_KNOTS('',3,(#4700,#4701,#4702,#4703,#4704),
 .UNSPECIFIED.,.F.,.F.,(4,1,4),(0.017893596125938,0.0343426815566686,0.054991658516618),
 .UNSPECIFIED.);
#647=B_SPLINE_CURVE_WITH_KNOTS('',3,(#4707,#4708,#4709,#4710,#4711),
 .UNSPECIFIED.,.F.,.F.,(4,1,4),(-0.054991658516618,-0.0343426815566686,
-0.0137375843050582),.UNSPECIFIED.);
#648=B_SPLINE_CURVE_WITH_KNOTS('',3,(#4751,#4752,#4753,#4754,#4755,#4756,
#4757,#4758,#4759,#4760,#4761,#4762,#4763,#4764,#4765,#4766),
 .UNSPECIFIED.,.F.,.F.,(4,3,3,3,3,4),(-9.33825078347868E-5,0.00544120552921026,
0.01012217125802,0.0113142569767237,0.014721384459088,0.0191822605656029),
 .UNSPECIFIED.);
#649=B_SPLINE_CURVE_WITH_KNOTS('',3,(#4769,#4770,#4771,#4772,#4773,#4774),
 .UNSPECIFIED.,.F.,.F.,(4,1,1,4),(-0.0342049336301017,-0.0244320954500726,
-0.0171024668150508,0.),.UNSPECIFIED.);
#650=B_SPLINE_CURVE_WITH_KNOTS('',3,(#4811,#4812,#4813,#4814,#4815,#4816,
#4817,#4818,#4819,#4820,#4821,#4822,#4823,#4824,#4825,#4826),
 .UNSPECIFIED.,.F.,.F.,(4,3,3,3,3,4),(0.,0.00441782699456493,0.00897265607931238,
0.0105140682404453,0.0136084487494944,0.0190896258650371),.UNSPECIFIED.);
#651=B_SPLINE_CURVE_WITH_KNOTS('',3,(#4827,#4828,#4829,#4830,#4831),
 .UNSPECIFIED.,.F.,.F.,(4,1,4),(0.,0.017102466808122,0.034204933616244),
 .UNSPECIFIED.);
#652=B_SPLINE_CURVE_WITH_KNOTS('',3,(#4836,#4837,#4838,#4839,#4840),
 .UNSPECIFIED.,.F.,.F.,(4,1,4),(0.189287358279305,0.209936335239225,0.226385420686464),
 .UNSPECIFIED.);
#653=B_SPLINE_CURVE_WITH_KNOTS('',3,(#4870,#4871,#4872,#4873,#4874),
 .UNSPECIFIED.,.F.,.F.,(4,1,4),(-0.230541432879682,-0.209936335239225,-0.189287358279305),
 .UNSPECIFIED.);
#654=B_SPLINE_CURVE_WITH_KNOTS('',3,(#4910,#4911,#4912,#4913,#4914),
 .UNSPECIFIED.,.F.,.F.,(4,1,4),(0.01789359612594,0.0343426815566763,0.0549916585166181),
 .UNSPECIFIED.);
#655=B_SPLINE_CURVE_WITH_KNOTS('',3,(#4917,#4918,#4919,#4920,#4921),
 .UNSPECIFIED.,.F.,.F.,(4,1,4),(-0.0549916585166181,-0.0343426815566763,
-0.0137375843050372),.UNSPECIFIED.);
#656=B_SPLINE_CURVE_WITH_KNOTS('',3,(#4961,#4962,#4963,#4964,#4965,#4966,
#4967,#4968,#4969,#4970,#4971,#4972,#4973,#4974,#4975,#4976),
 .UNSPECIFIED.,.F.,.F.,(4,3,3,3,3,4),(-9.33825337388337E-5,0.00544120608645412,
0.0101221723448974,0.0113142581984839,0.0147213860663826,0.0191822626776595),
 .UNSPECIFIED.);
#657=B_SPLINE_CURVE_WITH_KNOTS('',3,(#4979,#4980,#4981,#4982,#4983,#4984),
 .UNSPECIFIED.,.F.,.F.,(4,1,1,4),(-0.0342049336301004,-0.0244320954500717,
-0.0171024668150502,0.),.UNSPECIFIED.);
#658=B_SPLINE_CURVE_WITH_KNOTS('',3,(#5023,#5024,#5025,#5026,#5027,#5028,
#5029,#5030,#5031,#5032,#5033,#5034,#5035,#5036,#5037,#5038),
 .UNSPECIFIED.,.F.,.F.,(4,3,3,3,3,4),(0.,0.00441782699456368,0.0089726560793099,
0.0105140682404496,0.0136084487494945,0.0190896259562827),.UNSPECIFIED.);
#659=B_SPLINE_CURVE_WITH_KNOTS('',3,(#5039,#5040,#5041,#5042,#5043),
 .UNSPECIFIED.,.F.,.F.,(4,1,4),(-1.0708688319397E-16,0.0171024668081223,
0.0342049336162448),.UNSPECIFIED.);
#660=B_SPLINE_CURVE_WITH_KNOTS('',3,(#5082,#5083,#5084,#5085,#5086),
 .UNSPECIFIED.,.F.,.F.,(4,1,4),(-0.230541432879682,-0.209936335239225,-0.189287358279305),
 .UNSPECIFIED.);
#661=B_SPLINE_CURVE_WITH_KNOTS('',3,(#5087,#5088,#5089,#5090,#5091),
 .UNSPECIFIED.,.F.,.F.,(4,1,4),(0.189287358279305,0.209936335239225,0.226385420686465),
 .UNSPECIFIED.);
#662=B_SPLINE_CURVE_WITH_KNOTS('',3,(#5118,#5119,#5120,#5121,#5122),
 .UNSPECIFIED.,.F.,.F.,(4,1,4),(0.0178935961259394,0.034342681556671,0.0549916585166179),
 .UNSPECIFIED.);
#663=B_SPLINE_CURVE_WITH_KNOTS('',3,(#5125,#5126,#5127,#5128,#5129),
 .UNSPECIFIED.,.F.,.F.,(4,1,4),(-0.0549916585166179,-0.034342681556671,
-0.0137375843050674),.UNSPECIFIED.);
#664=B_SPLINE_CURVE_WITH_KNOTS('',3,(#5171,#5172,#5173,#5174,#5175,#5176,
#5177,#5178,#5179,#5180,#5181,#5182,#5183,#5184,#5185,#5186),
 .UNSPECIFIED.,.F.,.F.,(4,3,3,3,3,4),(-9.33825108341067E-5,0.0054412055940689,
0.0101221713845379,0.0113142571189448,0.0147213846462004,0.0191822608114701),
 .UNSPECIFIED.);
#665=B_SPLINE_CURVE_WITH_KNOTS('',3,(#5189,#5190,#5191,#5192,#5193,#5194),
 .UNSPECIFIED.,.F.,.F.,(4,1,1,4),(-0.0342049336301012,-0.0244320954500722,
-0.0171024668150506,1.38777878078145E-17),.UNSPECIFIED.);
#666=B_SPLINE_CURVE_WITH_KNOTS('',3,(#5231,#5232,#5233,#5234,#5235,#5236,
#5237,#5238,#5239,#5240,#5241,#5242,#5243,#5244,#5245,#5246),
 .UNSPECIFIED.,.F.,.F.,(4,3,3,3,3,4),(0.,0.00441782699456455,0.0089726560793142,
0.0105140682404527,0.0136084487495024,0.0190896259591157),.UNSPECIFIED.);
#667=B_SPLINE_CURVE_WITH_KNOTS('',3,(#5247,#5248,#5249,#5250,#5251),
 .UNSPECIFIED.,.F.,.F.,(4,1,4),(0.,0.017102466808122,0.0342049336162439),
 .UNSPECIFIED.);
#668=B_SPLINE_CURVE_WITH_KNOTS('',3,(#5256,#5257,#5258,#5259,#5260),
 .UNSPECIFIED.,.F.,.F.,(4,1,4),(0.189287358279305,0.209936335239224,0.226385420686464),
 .UNSPECIFIED.);
#669=B_SPLINE_CURVE_WITH_KNOTS('',3,(#5290,#5291,#5292,#5293,#5294),
 .UNSPECIFIED.,.F.,.F.,(4,1,4),(-0.230541432879682,-0.209936335239224,-0.189287358279305),
 .UNSPECIFIED.);
#670=B_SPLINE_CURVE_WITH_KNOTS('',3,(#5330,#5331,#5332,#5333,#5334),
 .UNSPECIFIED.,.F.,.F.,(4,1,4),(0.0178935961259394,0.0343426815566724,0.054991658516618),
 .UNSPECIFIED.);
#671=B_SPLINE_CURVE_WITH_KNOTS('',3,(#5337,#5338,#5339,#5340,#5341),
 .UNSPECIFIED.,.F.,.F.,(4,1,4),(-0.054991658516618,-0.0343426815566724,
-0.0137375843050705),.UNSPECIFIED.);
#672=B_SPLINE_CURVE_WITH_KNOTS('',3,(#5649,#5650,#5651,#5652,#5653,#5654,
#5655,#5656,#5657,#5658,#5659,#5660,#5661,#5662,#5663,#5664,#5665,#5666,
#5667,#5668,#5669,#5670,#5671,#5672,#5673,#5674,#5675,#5676,#5677,#5678),
 .UNSPECIFIED.,.F.,.F.,(4,2,2,2,2,2,2,2,2,2,2,2,2,2,4),(0.,0.113083686500409,
0.226167373000817,0.452334746001635,0.597546701860201,0.742758657718768,
1.05721515538641,1.37167165305406,1.67153198329268,1.9713923135313,2.10857901669108,
2.24576571985085,2.44856675437726,2.54996727164046,2.65136778890366),
 .UNSPECIFIED.);
#673=B_SPLINE_CURVE_WITH_KNOTS('',3,(#5679,#5680,#5681,#5682,#5683,#5684,
#5685,#5686,#5687,#5688,#5689,#5690,#5691,#5692,#5693,#5694,#5695,#5696,
#5697,#5698,#5699,#5700,#5701,#5702,#5703,#5704,#5705,#5706,#5707,#5708),
 .UNSPECIFIED.,.F.,.F.,(4,2,2,2,2,2,2,2,2,2,2,2,2,2,4),(2.65136778890366,
2.75276830616686,2.85416882343006,3.05696985795646,3.19415656111624,3.33134326427601,
3.63120359451463,3.93106392475325,4.2455204224209,4.55997692008855,4.70518887594711,
4.85040083180568,5.0765682048065,5.18965189130691,5.30273557780732),
 .UNSPECIFIED.);
#674=B_SPLINE_CURVE_WITH_KNOTS('',3,(#5712,#5713,#5714,#5715,#5716,#5717,
#5718,#5719,#5720,#5721,#5722,#5723,#5724,#5725,#5726,#5727,#5728,#5729,
#5730,#5731,#5732,#5733,#5734,#5735,#5736,#5737,#5738,#5739,#5740,#5741),
 .UNSPECIFIED.,.F.,.F.,(4,2,2,2,2,2,2,2,2,2,2,2,2,2,4),(0.,0.113083686500409,
0.226167373000817,0.452334746001635,0.597546701860201,0.742758657718768,
1.05721515538641,1.37167165305406,1.67153198329268,1.9713923135313,2.10857901669108,
2.24576571985085,2.44856675437726,2.54996727164046,2.65136778890366),
 .UNSPECIFIED.);
#675=B_SPLINE_CURVE_WITH_KNOTS('',3,(#5742,#5743,#5744,#5745,#5746,#5747,
#5748,#5749,#5750,#5751,#5752,#5753,#5754,#5755,#5756,#5757,#5758,#5759,
#5760,#5761,#5762,#5763,#5764,#5765,#5766,#5767,#5768,#5769,#5770,#5771),
 .UNSPECIFIED.,.F.,.F.,(4,2,2,2,2,2,2,2,2,2,2,2,2,2,4),(2.65136778890366,
2.75276830616686,2.85416882343006,3.05696985795646,3.19415656111624,3.33134326427601,
3.63120359451463,3.93106392475325,4.2455204224209,4.55997692008855,4.70518887594711,
4.85040083180568,5.0765682048065,5.18965189130691,5.30273557780732),
 .UNSPECIFIED.);
#676=B_SPLINE_CURVE_WITH_KNOTS('',3,(#5775,#5776,#5777,#5778,#5779,#5780,
#5781,#5782,#5783,#5784,#5785,#5786,#5787,#5788,#5789,#5790,#5791,#5792,
#5793,#5794,#5795,#5796,#5797,#5798,#5799,#5800),.UNSPECIFIED.,.F.,.F.,
(4,2,2,2,2,2,2,2,2,2,2,2,4),(2.83923588087812,3.0822365876817,3.32523729448528,
3.47027361924622,3.61530994400716,3.91238823052049,4.20946651703382,4.5200420635572,
4.83061761008059,4.98319556060669,5.1357735111328,5.40712263644452,5.67847176175625),
 .UNSPECIFIED.);
#677=B_SPLINE_CURVE_WITH_KNOTS('',3,(#5801,#5802,#5803,#5804,#5805,#5806,
#5807,#5808,#5809,#5810,#5811,#5812,#5813,#5814,#5815,#5816,#5817,#5818,
#5819,#5820,#5821,#5822,#5823,#5824,#5825,#5826),.UNSPECIFIED.,.F.,.F.,
(4,2,2,2,2,2,2,2,2,2,2,2,4),(0.,0.271349125311724,0.542698250623448,0.695276201149553,
0.847854151675657,1.15842969819904,1.46900524472243,1.76608353123576,2.06316181774909,
2.20819814251003,2.35323446727097,2.59623517407455,2.83923588087812),
 .UNSPECIFIED.);
#678=B_SPLINE_CURVE_WITH_KNOTS('',3,(#5830,#5831,#5832,#5833,#5834,#5835,
#5836,#5837,#5838,#5839,#5840,#5841,#5842,#5843,#5844,#5845,#5846,#5847,
#5848,#5849,#5850,#5851,#5852,#5853,#5854,#5855),.UNSPECIFIED.,.F.,.F.,
(4,2,2,2,2,2,2,2,2,2,2,2,4),(2.83923588087812,3.0822365876817,3.32523729448528,
3.47027361924622,3.61530994400716,3.91238823052049,4.20946651703382,4.5200420635572,
4.83061761008059,4.98319556060669,5.1357735111328,5.40712263644452,5.67847176175625),
 .UNSPECIFIED.);
#679=B_SPLINE_CURVE_WITH_KNOTS('',3,(#5856,#5857,#5858,#5859,#5860,#5861,
#5862,#5863,#5864,#5865,#5866,#5867,#5868,#5869,#5870,#5871,#5872,#5873,
#5874,#5875,#5876,#5877,#5878,#5879,#5880,#5881),.UNSPECIFIED.,.F.,.F.,
(4,2,2,2,2,2,2,2,2,2,2,2,4),(0.,0.271349125311724,0.542698250623448,0.695276201149553,
0.847854151675657,1.15842969819904,1.46900524472243,1.76608353123576,2.06316181774909,
2.20819814251003,2.35323446727097,2.59623517407455,2.83923588087812),
 .UNSPECIFIED.);
#680=B_SPLINE_CURVE_WITH_KNOTS('',3,(#6128,#6129,#6130,#6131,#6132,#6133,
#6134,#6135,#6136,#6137,#6138,#6139,#6140,#6141,#6142,#6143,#6144,#6145),
 .UNSPECIFIED.,.F.,.F.,(4,2,2,2,2,2,2,2,4),(0.,0.104213497375332,0.208426994750664,
0.312616486062915,0.416805977375166,0.520995468687417,0.625184959999669,
0.729398457375,0.833611954750332),.UNSPECIFIED.);
#681=B_SPLINE_CURVE_WITH_KNOTS('',3,(#6201,#6202,#6203,#6204,#6205,#6206,
#6207,#6208,#6209,#6210,#6211,#6212,#6213,#6214,#6215,#6216,#6217,#6218),
 .UNSPECIFIED.,.F.,.F.,(4,2,2,2,2,2,2,2,4),(0.00542069207456072,0.106314492964988,
0.212628985929976,0.318588983719333,0.42454898150869,0.530508979298047,
0.636468977087403,0.742783470052392,0.843677270942819),.UNSPECIFIED.);
#682=B_SPLINE_SURFACE_WITH_KNOTS('',3,3,((#4433,#4434,#4435,#4436,#4437,
#4438),(#4439,#4440,#4441,#4442,#4443,#4444),(#4445,#4446,#4447,#4448,#4449,
#4450),(#4451,#4452,#4453,#4454,#4455,#4456),(#4457,#4458,#4459,#4460,#4461,
#4462)),.UNSPECIFIED.,.F.,.F.,.F.,(4,1,4),(4,1,1,4),(0.,0.571428571428571,
1.),(0.,0.0171024668150504,0.0244320954500719,0.0342049336301007),
 .UNSPECIFIED.);
#683=B_SPLINE_SURFACE_WITH_KNOTS('',3,3,((#4510,#4511,#4512,#4513,#4514),
(#4515,#4516,#4517,#4518,#4519),(#4520,#4521,#4522,#4523,#4524),(#4525,
#4526,#4527,#4528,#4529),(#4530,#4531,#4532,#4533,#4534)),.UNSPECIFIED.,
 .F.,.F.,.F.,(4,1,4),(4,1,4),(0.,0.571428571428571,1.),(0.,0.0171024668081224,
0.0342049336162449),.UNSPECIFIED.);
#684=B_SPLINE_SURFACE_WITH_KNOTS('',3,3,((#4575,#4576,#4577,#4578,#4579),
(#4580,#4581,#4582,#4583,#4584),(#4585,#4586,#4587,#4588,#4589),(#4590,
#4591,#4592,#4593,#4594),(#4595,#4596,#4597,#4598,#4599)),.UNSPECIFIED.,
 .F.,.F.,.F.,(4,1,4),(4,1,4),(0.,0.571428571428571,1.),(0.189287358279305,
0.209936335239225,0.230585312199144),.UNSPECIFIED.);
#685=B_SPLINE_SURFACE_WITH_KNOTS('',3,3,((#4674,#4675,#4676,#4677,#4678),
(#4679,#4680,#4681,#4682,#4683),(#4684,#4685,#4686,#4687,#4688),(#4689,
#4690,#4691,#4692,#4693),(#4694,#4695,#4696,#4697,#4698)),.UNSPECIFIED.,
 .F.,.F.,.F.,(4,1,4),(4,1,4),(0.,0.571428571428571,1.),(0.0136937045967192,
0.0343426815566686,0.054991658516618),.UNSPECIFIED.);
#686=B_SPLINE_SURFACE_WITH_KNOTS('',3,3,((#4720,#4721,#4722,#4723,#4724,
#4725),(#4726,#4727,#4728,#4729,#4730,#4731),(#4732,#4733,#4734,#4735,#4736,
#4737),(#4738,#4739,#4740,#4741,#4742,#4743),(#4744,#4745,#4746,#4747,#4748,
#4749)),.UNSPECIFIED.,.F.,.F.,.F.,(4,1,4),(4,1,1,4),(0.,0.571428571428571,
1.),(0.,0.0171024668150508,0.0244320954500726,0.0342049336301017),
 .UNSPECIFIED.);
#687=B_SPLINE_SURFACE_WITH_KNOTS('',3,3,((#4785,#4786,#4787,#4788,#4789),
(#4790,#4791,#4792,#4793,#4794),(#4795,#4796,#4797,#4798,#4799),(#4800,
#4801,#4802,#4803,#4804),(#4805,#4806,#4807,#4808,#4809)),.UNSPECIFIED.,
 .F.,.F.,.F.,(4,1,4),(4,1,4),(0.,0.571428571428571,1.),(0.,0.017102466808122,
0.034204933616244),.UNSPECIFIED.);
#688=B_SPLINE_SURFACE_WITH_KNOTS('',3,3,((#4844,#4845,#4846,#4847,#4848),
(#4849,#4850,#4851,#4852,#4853),(#4854,#4855,#4856,#4857,#4858),(#4859,
#4860,#4861,#4862,#4863),(#4864,#4865,#4866,#4867,#4868)),.UNSPECIFIED.,
 .F.,.F.,.F.,(4,1,4),(4,1,4),(0.,0.571428571428571,1.),(0.189287358279305,
0.209936335239225,0.230585312199144),.UNSPECIFIED.);
#689=B_SPLINE_SURFACE_WITH_KNOTS('',3,3,((#4884,#4885,#4886,#4887,#4888),
(#4889,#4890,#4891,#4892,#4893),(#4894,#4895,#4896,#4897,#4898),(#4899,
#4900,#4901,#4902,#4903),(#4904,#4905,#4906,#4907,#4908)),.UNSPECIFIED.,
 .F.,.F.,.F.,(4,1,4),(4,1,4),(0.,0.571428571428571,1.),(0.0136937045967346,
0.0343426815566763,0.0549916585166181),.UNSPECIFIED.);
#690=B_SPLINE_SURFACE_WITH_KNOTS('',3,3,((#4930,#4931,#4932,#4933,#4934,
#4935),(#4936,#4937,#4938,#4939,#4940,#4941),(#4942,#4943,#4944,#4945,#4946,
#4947),(#4948,#4949,#4950,#4951,#4952,#4953),(#4954,#4955,#4956,#4957,#4958,
#4959)),.UNSPECIFIED.,.F.,.F.,.F.,(4,1,4),(4,1,1,4),(0.,0.571428571428571,
1.),(0.,0.0171024668150502,0.0244320954500717,0.0342049336301004),
 .UNSPECIFIED.);
#691=B_SPLINE_SURFACE_WITH_KNOTS('',3,3,((#4997,#4998,#4999,#5000,#5001),
(#5002,#5003,#5004,#5005,#5006),(#5007,#5008,#5009,#5010,#5011),(#5012,
#5013,#5014,#5015,#5016),(#5017,#5018,#5019,#5020,#5021)),.UNSPECIFIED.,
 .F.,.F.,.F.,(4,1,4),(4,1,4),(0.,0.571428571428571,1.),(-1.0708688319397E-16,
0.0171024668081223,0.0342049336162448),.UNSPECIFIED.);
#692=B_SPLINE_SURFACE_WITH_KNOTS('',3,3,((#5057,#5058,#5059,#5060,#5061),
(#5062,#5063,#5064,#5065,#5066),(#5067,#5068,#5069,#5070,#5071),(#5072,
#5073,#5074,#5075,#5076),(#5077,#5078,#5079,#5080,#5081)),.UNSPECIFIED.,
 .F.,.F.,.F.,(4,1,4),(4,1,4),(0.,0.571428571428571,1.),(0.189287358279305,
0.209936335239225,0.230585312199144),.UNSPECIFIED.);
#693=B_SPLINE_SURFACE_WITH_KNOTS('',3,3,((#5092,#5093,#5094,#5095,#5096),
(#5097,#5098,#5099,#5100,#5101),(#5102,#5103,#5104,#5105,#5106),(#5107,
#5108,#5109,#5110,#5111),(#5112,#5113,#5114,#5115,#5116)),.UNSPECIFIED.,
 .F.,.F.,.F.,(4,1,4),(4,1,4),(0.,0.571428571428571,1.),(0.013693704596724,
0.034342681556671,0.0549916585166179),.UNSPECIFIED.);
#694=B_SPLINE_SURFACE_WITH_KNOTS('',3,3,((#5140,#5141,#5142,#5143,#5144,
#5145),(#5146,#5147,#5148,#5149,#5150,#5151),(#5152,#5153,#5154,#5155,#5156,
#5157),(#5158,#5159,#5160,#5161,#5162,#5163),(#5164,#5165,#5166,#5167,#5168,
#5169)),.UNSPECIFIED.,.F.,.F.,.F.,(4,1,4),(4,1,1,4),(0.,0.571428571428571,
1.),(-1.38777878078145E-17,0.0171024668150506,0.0244320954500722,0.0342049336301012),
 .UNSPECIFIED.);
#695=B_SPLINE_SURFACE_WITH_KNOTS('',3,3,((#5205,#5206,#5207,#5208,#5209),
(#5210,#5211,#5212,#5213,#5214),(#5215,#5216,#5217,#5218,#5219),(#5220,
#5221,#5222,#5223,#5224),(#5225,#5226,#5227,#5228,#5229)),.UNSPECIFIED.,
 .F.,.F.,.F.,(4,1,4),(4,1,4),(0.,0.571428571428571,1.),(0.,0.017102466808122,
0.0342049336162439),.UNSPECIFIED.);
#696=B_SPLINE_SURFACE_WITH_KNOTS('',3,3,((#5264,#5265,#5266,#5267,#5268),
(#5269,#5270,#5271,#5272,#5273),(#5274,#5275,#5276,#5277,#5278),(#5279,
#5280,#5281,#5282,#5283),(#5284,#5285,#5286,#5287,#5288)),.UNSPECIFIED.,
 .F.,.F.,.F.,(4,1,4),(4,1,4),(0.,0.571428571428571,1.),(0.189287358279305,
0.209936335239224,0.230585312199144),.UNSPECIFIED.);
#697=B_SPLINE_SURFACE_WITH_KNOTS('',3,3,((#5304,#5305,#5306,#5307,#5308),
(#5309,#5310,#5311,#5312,#5313),(#5314,#5315,#5316,#5317,#5318),(#5319,
#5320,#5321,#5322,#5323),(#5324,#5325,#5326,#5327,#5328)),.UNSPECIFIED.,
 .F.,.F.,.F.,(4,1,4),(4,1,4),(0.,0.571428571428571,1.),(0.0136937045967268,
0.0343426815566724,0.054991658516618),.UNSPECIFIED.);
#698=TOROIDAL_SURFACE('',#3240,5.17157287525381,1.);
#699=TOROIDAL_SURFACE('',#3246,0.2,0.1);
#700=TOROIDAL_SURFACE('',#3272,1.95,0.4);
#701=TOROIDAL_SURFACE('',#3276,0.2,0.1);
#702=TOROIDAL_SURFACE('',#3293,1.95,0.4);
#703=TOROIDAL_SURFACE('',#3299,0.2,0.1);
#704=TOROIDAL_SURFACE('',#3313,1.95,0.4);
#705=TOROIDAL_SURFACE('',#3318,0.2,0.1);
#706=TOROIDAL_SURFACE('',#3335,1.95,0.4);
#707=TOROIDAL_SURFACE('',#3349,8.,1.5);
#708=TOROIDAL_SURFACE('',#3358,8.,1.5);
#709=TOROIDAL_SURFACE('',#3447,2.72838821814149,0.8);
#710=TOROIDAL_SURFACE('',#3450,12.0575847941358,1.75);
#711=TOROIDAL_SURFACE('',#3459,8.,2.);
#712=ORIENTED_CLOSED_SHELL('',*,#3231,.F.);
#713=FACE_BOUND('',#985,.T.);
#714=FACE_BOUND('',#988,.T.);
#715=FACE_BOUND('',#990,.T.);
#716=FACE_BOUND('',#1053,.T.);
#717=FACE_BOUND('',#1055,.T.);
#718=FACE_BOUND('',#1057,.T.);
#719=FACE_BOUND('',#1099,.T.);
#720=FACE_BOUND('',#1101,.T.);
#721=FACE_BOUND('',#1103,.T.);
#722=FACE_BOUND('',#1105,.T.);
#723=FACE_BOUND('',#1107,.T.);
#724=FACE_BOUND('',#1109,.T.);
#725=FACE_BOUND('',#1112,.T.);
#726=FACE_BOUND('',#1114,.T.);
#727=FACE_BOUND('',#1116,.T.);
#728=FACE_BOUND('',#1118,.T.);
#729=FACE_BOUND('',#1124,.T.);
#730=FACE_BOUND('',#1126,.T.);
#731=FACE_BOUND('',#1129,.T.);
#732=FACE_BOUND('',#1176,.T.);
#733=FACE_BOUND('',#1177,.T.);
#734=FACE_BOUND('',#1178,.T.);
#735=FACE_BOUND('',#1179,.T.);
#736=FACE_BOUND('',#1180,.T.);
#737=FACE_BOUND('',#1193,.T.);
#738=FACE_BOUND('',#1194,.T.);
#739=FACE_BOUND('',#1195,.T.);
#740=FACE_BOUND('',#1196,.T.);
#741=FACE_BOUND('',#1197,.T.);
#742=FACE_BOUND('',#1199,.T.);
#743=FACE_BOUND('',#1201,.T.);
#744=FACE_BOUND('',#1203,.T.);
#745=CYLINDRICAL_SURFACE('',#3237,1.5);
#746=CYLINDRICAL_SURFACE('',#3251,0.1);
#747=CYLINDRICAL_SURFACE('',#3253,0.1);
#748=CYLINDRICAL_SURFACE('',#3268,0.1);
#749=CYLINDRICAL_SURFACE('',#3270,0.1);
#750=CYLINDRICAL_SURFACE('',#3271,0.1);
#751=CYLINDRICAL_SURFACE('',#3280,0.1);
#752=CYLINDRICAL_SURFACE('',#3282,0.1);
#753=CYLINDRICAL_SURFACE('',#3289,0.1);
#754=CYLINDRICAL_SURFACE('',#3291,0.1);
#755=CYLINDRICAL_SURFACE('',#3292,0.1);
#756=CYLINDRICAL_SURFACE('',#3297,0.1);
#757=CYLINDRICAL_SURFACE('',#3302,0.1);
#758=CYLINDRICAL_SURFACE('',#3308,0.1);
#759=CYLINDRICAL_SURFACE('',#3311,0.1);
#760=CYLINDRICAL_SURFACE('',#3312,0.1);
#761=CYLINDRICAL_SURFACE('',#3322,0.1);
#762=CYLINDRICAL_SURFACE('',#3324,0.1);
#763=CYLINDRICAL_SURFACE('',#3331,0.1);
#764=CYLINDRICAL_SURFACE('',#3333,0.1);
#765=CYLINDRICAL_SURFACE('',#3334,0.1);
#766=CYLINDRICAL_SURFACE('',#3368,8.);
#767=CYLINDRICAL_SURFACE('',#3375,10.);
#768=CYLINDRICAL_SURFACE('',#3377,10.);
#769=CYLINDRICAL_SURFACE('',#3383,8.);
#770=CYLINDRICAL_SURFACE('',#3384,8.);
#771=CYLINDRICAL_SURFACE('',#3391,8.);
#772=CYLINDRICAL_SURFACE('',#3393,8.);
#773=CYLINDRICAL_SURFACE('',#3399,10.);
#774=CYLINDRICAL_SURFACE('',#3401,10.);
#775=CYLINDRICAL_SURFACE('',#3407,8.);
#776=CYLINDRICAL_SURFACE('',#3408,8.);
#777=CYLINDRICAL_SURFACE('',#3409,8.);
#778=CYLINDRICAL_SURFACE('',#3428,6.);
#779=CYLINDRICAL_SURFACE('',#3435,1.25);
#780=CYLINDRICAL_SURFACE('',#3437,2.45);
#781=CYLINDRICAL_SURFACE('',#3441,2.45);
#782=CYLINDRICAL_SURFACE('',#3453,34.0148709841158);
#783=CYLINDRICAL_SURFACE('',#3454,34.0148709841158);
#784=CYLINDRICAL_SURFACE('',#3455,24.);
#785=CYLINDRICAL_SURFACE('',#3456,24.);
#786=CYLINDRICAL_SURFACE('',#3462,4.);
#787=CYLINDRICAL_SURFACE('',#3479,2.5);
#788=CYLINDRICAL_SURFACE('',#3484,1.99999999999999);
#789=CYLINDRICAL_SURFACE('',#3502,2.5);
#790=CYLINDRICAL_SURFACE('',#3506,1.99999999999999);
#791=CYLINDRICAL_SURFACE('',#3522,9.75);
#792=CYLINDRICAL_SURFACE('',#3538,2.75);
#793=CYLINDRICAL_SURFACE('',#3542,2.35);
#794=FACE_OUTER_BOUND('',#983,.T.);
#795=FACE_OUTER_BOUND('',#984,.T.);
#796=FACE_OUTER_BOUND('',#986,.T.);
#797=FACE_OUTER_BOUND('',#987,.T.);
#798=FACE_OUTER_BOUND('',#989,.T.);
#799=FACE_OUTER_BOUND('',#991,.T.);
#800=FACE_OUTER_BOUND('',#992,.T.);
#801=FACE_OUTER_BOUND('',#993,.T.);
#802=FACE_OUTER_BOUND('',#994,.T.);
#803=FACE_OUTER_BOUND('',#995,.T.);
#804=FACE_OUTER_BOUND('',#996,.T.);
#805=FACE_OUTER_BOUND('',#997,.T.);
#806=FACE_OUTER_BOUND('',#998,.T.);
#807=FACE_OUTER_BOUND('',#999,.T.);
#808=FACE_OUTER_BOUND('',#1000,.T.);
#809=FACE_OUTER_BOUND('',#1001,.T.);
#810=FACE_OUTER_BOUND('',#1002,.T.);
#811=FACE_OUTER_BOUND('',#1003,.T.);
#812=FACE_OUTER_BOUND('',#1004,.T.);
#813=FACE_OUTER_BOUND('',#1005,.T.);
#814=FACE_OUTER_BOUND('',#1006,.T.);
#815=FACE_OUTER_BOUND('',#1007,.T.);
#816=FACE_OUTER_BOUND('',#1008,.T.);
#817=FACE_OUTER_BOUND('',#1009,.T.);
#818=FACE_OUTER_BOUND('',#1010,.T.);
#819=FACE_OUTER_BOUND('',#1011,.T.);
#820=FACE_OUTER_BOUND('',#1012,.T.);
#821=FACE_OUTER_BOUND('',#1013,.T.);
#822=FACE_OUTER_BOUND('',#1014,.T.);
#823=FACE_OUTER_BOUND('',#1015,.T.);
#824=FACE_OUTER_BOUND('',#1016,.T.);
#825=FACE_OUTER_BOUND('',#1017,.T.);
#826=FACE_OUTER_BOUND('',#1018,.T.);
#827=FACE_OUTER_BOUND('',#1019,.T.);
#828=FACE_OUTER_BOUND('',#1020,.T.);
#829=FACE_OUTER_BOUND('',#1021,.T.);
#830=FACE_OUTER_BOUND('',#1022,.T.);
#831=FACE_OUTER_BOUND('',#1023,.T.);
#832=FACE_OUTER_BOUND('',#1024,.T.);
#833=FACE_OUTER_BOUND('',#1025,.T.);
#834=FACE_OUTER_BOUND('',#1026,.T.);
#835=FACE_OUTER_BOUND('',#1027,.T.);
#836=FACE_OUTER_BOUND('',#1028,.T.);
#837=FACE_OUTER_BOUND('',#1029,.T.);
#838=FACE_OUTER_BOUND('',#1030,.T.);
#839=FACE_OUTER_BOUND('',#1031,.T.);
#840=FACE_OUTER_BOUND('',#1032,.T.);
#841=FACE_OUTER_BOUND('',#1033,.T.);
#842=FACE_OUTER_BOUND('',#1034,.T.);
#843=FACE_OUTER_BOUND('',#1035,.T.);
#844=FACE_OUTER_BOUND('',#1036,.T.);
#845=FACE_OUTER_BOUND('',#1037,.T.);
#846=FACE_OUTER_BOUND('',#1038,.T.);
#847=FACE_OUTER_BOUND('',#1039,.T.);
#848=FACE_OUTER_BOUND('',#1040,.T.);
#849=FACE_OUTER_BOUND('',#1041,.T.);
#850=FACE_OUTER_BOUND('',#1042,.T.);
#851=FACE_OUTER_BOUND('',#1043,.T.);
#852=FACE_OUTER_BOUND('',#1044,.T.);
#853=FACE_OUTER_BOUND('',#1045,.T.);
#854=FACE_OUTER_BOUND('',#1046,.T.);
#855=FACE_OUTER_BOUND('',#1047,.T.);
#856=FACE_OUTER_BOUND('',#1048,.T.);
#857=FACE_OUTER_BOUND('',#1049,.T.);
#858=FACE_OUTER_BOUND('',#1050,.T.);
#859=FACE_OUTER_BOUND('',#1051,.T.);
#860=FACE_OUTER_BOUND('',#1052,.T.);
#861=FACE_OUTER_BOUND('',#1054,.T.);
#862=FACE_OUTER_BOUND('',#1056,.T.);
#863=FACE_OUTER_BOUND('',#1058,.T.);
#864=FACE_OUTER_BOUND('',#1059,.T.);
#865=FACE_OUTER_BOUND('',#1060,.T.);
#866=FACE_OUTER_BOUND('',#1061,.T.);
#867=FACE_OUTER_BOUND('',#1062,.T.);
#868=FACE_OUTER_BOUND('',#1063,.T.);
#869=FACE_OUTER_BOUND('',#1064,.T.);
#870=FACE_OUTER_BOUND('',#1065,.T.);
#871=FACE_OUTER_BOUND('',#1066,.T.);
#872=FACE_OUTER_BOUND('',#1067,.T.);
#873=FACE_OUTER_BOUND('',#1068,.T.);
#874=FACE_OUTER_BOUND('',#1069,.T.);
#875=FACE_OUTER_BOUND('',#1070,.T.);
#876=FACE_OUTER_BOUND('',#1071,.T.);
#877=FACE_OUTER_BOUND('',#1072,.T.);
#878=FACE_OUTER_BOUND('',#1073,.T.);
#879=FACE_OUTER_BOUND('',#1074,.T.);
#880=FACE_OUTER_BOUND('',#1075,.T.);
#881=FACE_OUTER_BOUND('',#1076,.T.);
#882=FACE_OUTER_BOUND('',#1077,.T.);
#883=FACE_OUTER_BOUND('',#1078,.T.);
#884=FACE_OUTER_BOUND('',#1079,.T.);
#885=FACE_OUTER_BOUND('',#1080,.T.);
#886=FACE_OUTER_BOUND('',#1081,.T.);
#887=FACE_OUTER_BOUND('',#1082,.T.);
#888=FACE_OUTER_BOUND('',#1083,.T.);
#889=FACE_OUTER_BOUND('',#1084,.T.);
#890=FACE_OUTER_BOUND('',#1085,.T.);
#891=FACE_OUTER_BOUND('',#1086,.T.);
#892=FACE_OUTER_BOUND('',#1087,.T.);
#893=FACE_OUTER_BOUND('',#1088,.T.);
#894=FACE_OUTER_BOUND('',#1089,.T.);
#895=FACE_OUTER_BOUND('',#1090,.T.);
#896=FACE_OUTER_BOUND('',#1091,.T.);
#897=FACE_OUTER_BOUND('',#1092,.T.);
#898=FACE_OUTER_BOUND('',#1093,.T.);
#899=FACE_OUTER_BOUND('',#1094,.T.);
#900=FACE_OUTER_BOUND('',#1095,.T.);
#901=FACE_OUTER_BOUND('',#1096,.T.);
#902=FACE_OUTER_BOUND('',#1097,.T.);
#903=FACE_OUTER_BOUND('',#1098,.T.);
#904=FACE_OUTER_BOUND('',#1100,.T.);
#905=FACE_OUTER_BOUND('',#1102,.T.);
#906=FACE_OUTER_BOUND('',#1104,.T.);
#907=FACE_OUTER_BOUND('',#1106,.T.);
#908=FACE_OUTER_BOUND('',#1108,.T.);
#909=FACE_OUTER_BOUND('',#1110,.T.);
#910=FACE_OUTER_BOUND('',#1111,.T.);
#911=FACE_OUTER_BOUND('',#1113,.T.);
#912=FACE_OUTER_BOUND('',#1115,.T.);
#913=FACE_OUTER_BOUND('',#1117,.T.);
#914=FACE_OUTER_BOUND('',#1119,.T.);
#915=FACE_OUTER_BOUND('',#1120,.T.);
#916=FACE_OUTER_BOUND('',#1121,.T.);
#917=FACE_OUTER_BOUND('',#1122,.T.);
#918=FACE_OUTER_BOUND('',#1123,.T.);
#919=FACE_OUTER_BOUND('',#1125,.T.);
#920=FACE_OUTER_BOUND('',#1127,.T.);
#921=FACE_OUTER_BOUND('',#1128,.T.);
#922=FACE_OUTER_BOUND('',#1130,.T.);
#923=FACE_OUTER_BOUND('',#1131,.T.);
#924=FACE_OUTER_BOUND('',#1132,.T.);
#925=FACE_OUTER_BOUND('',#1133,.T.);
#926=FACE_OUTER_BOUND('',#1134,.T.);
#927=FACE_OUTER_BOUND('',#1135,.T.);
#928=FACE_OUTER_BOUND('',#1136,.T.);
#929=FACE_OUTER_BOUND('',#1137,.T.);
#930=FACE_OUTER_BOUND('',#1138,.T.);
#931=FACE_OUTER_BOUND('',#1139,.T.);
#932=FACE_OUTER_BOUND('',#1140,.T.);
#933=FACE_OUTER_BOUND('',#1141,.T.);
#934=FACE_OUTER_BOUND('',#1142,.T.);
#935=FACE_OUTER_BOUND('',#1143,.T.);
#936=FACE_OUTER_BOUND('',#1144,.T.);
#937=FACE_OUTER_BOUND('',#1145,.T.);
#938=FACE_OUTER_BOUND('',#1146,.T.);
#939=FACE_OUTER_BOUND('',#1147,.T.);
#940=FACE_OUTER_BOUND('',#1148,.T.);
#941=FACE_OUTER_BOUND('',#1149,.T.);
#942=FACE_OUTER_BOUND('',#1150,.T.);
#943=FACE_OUTER_BOUND('',#1151,.T.);
#944=FACE_OUTER_BOUND('',#1152,.T.);
#945=FACE_OUTER_BOUND('',#1153,.T.);
#946=FACE_OUTER_BOUND('',#1154,.T.);
#947=FACE_OUTER_BOUND('',#1155,.T.);
#948=FACE_OUTER_BOUND('',#1156,.T.);
#949=FACE_OUTER_BOUND('',#1157,.T.);
#950=FACE_OUTER_BOUND('',#1158,.T.);
#951=FACE_OUTER_BOUND('',#1159,.T.);
#952=FACE_OUTER_BOUND('',#1160,.T.);
#953=FACE_OUTER_BOUND('',#1161,.T.);
#954=FACE_OUTER_BOUND('',#1162,.T.);
#955=FACE_OUTER_BOUND('',#1163,.T.);
#956=FACE_OUTER_BOUND('',#1164,.T.);
#957=FACE_OUTER_BOUND('',#1165,.T.);
#958=FACE_OUTER_BOUND('',#1166,.T.);
#959=FACE_OUTER_BOUND('',#1167,.T.);
#960=FACE_OUTER_BOUND('',#1168,.T.);
#961=FACE_OUTER_BOUND('',#1169,.T.);
#962=FACE_OUTER_BOUND('',#1170,.T.);
#963=FACE_OUTER_BOUND('',#1171,.T.);
#964=FACE_OUTER_BOUND('',#1172,.T.);
#965=FACE_OUTER_BOUND('',#1173,.T.);
#966=FACE_OUTER_BOUND('',#1174,.T.);
#967=FACE_OUTER_BOUND('',#1175,.T.);
#968=FACE_OUTER_BOUND('',#1181,.T.);
#969=FACE_OUTER_BOUND('',#1182,.T.);
#970=FACE_OUTER_BOUND('',#1183,.T.);
#971=FACE_OUTER_BOUND('',#1184,.T.);
#972=FACE_OUTER_BOUND('',#1185,.T.);
#973=FACE_OUTER_BOUND('',#1186,.T.);
#974=FACE_OUTER_BOUND('',#1187,.T.);
#975=FACE_OUTER_BOUND('',#1188,.T.);
#976=FACE_OUTER_BOUND('',#1189,.T.);
#977=FACE_OUTER_BOUND('',#1190,.T.);
#978=FACE_OUTER_BOUND('',#1191,.T.);
#979=FACE_OUTER_BOUND('',#1192,.T.);
#980=FACE_OUTER_BOUND('',#1198,.T.);
#981=FACE_OUTER_BOUND('',#1200,.T.);
#982=FACE_OUTER_BOUND('',#1202,.T.);
#983=EDGE_LOOP('',(#2056));
#984=EDGE_LOOP('',(#2057));
#985=EDGE_LOOP('',(#2058));
#986=EDGE_LOOP('',(#2059));
#987=EDGE_LOOP('',(#2060));
#988=EDGE_LOOP('',(#2061));
#989=EDGE_LOOP('',(#2062));
#990=EDGE_LOOP('',(#2063));
#991=EDGE_LOOP('',(#2064,#2065,#2066,#2067));
#992=EDGE_LOOP('',(#2068,#2069,#2070,#2071));
#993=EDGE_LOOP('',(#2072,#2073,#2074,#2075));
#994=EDGE_LOOP('',(#2076,#2077,#2078,#2079));
#995=EDGE_LOOP('',(#2080,#2081,#2082,#2083));
#996=EDGE_LOOP('',(#2084,#2085,#2086,#2087));
#997=EDGE_LOOP('',(#2088,#2089,#2090,#2091));
#998=EDGE_LOOP('',(#2092,#2093,#2094,#2095,#2096,#2097,#2098,#2099,#2100,
#2101,#2102,#2103,#2104,#2105,#2106,#2107,#2108,#2109,#2110,#2111,#2112,
#2113,#2114,#2115));
#999=EDGE_LOOP('',(#2116,#2117,#2118));
#1000=EDGE_LOOP('',(#2119,#2120,#2121,#2122));
#1001=EDGE_LOOP('',(#2123,#2124,#2125,#2126));
#1002=EDGE_LOOP('',(#2127,#2128,#2129,#2130));
#1003=EDGE_LOOP('',(#2131,#2132,#2133,#2134));
#1004=EDGE_LOOP('',(#2135,#2136,#2137,#2138,#2139,#2140));
#1005=EDGE_LOOP('',(#2141,#2142,#2143,#2144));
#1006=EDGE_LOOP('',(#2145,#2146,#2147,#2148));
#1007=EDGE_LOOP('',(#2149,#2150,#2151,#2152));
#1008=EDGE_LOOP('',(#2153,#2154,#2155,#2156));
#1009=EDGE_LOOP('',(#2157,#2158,#2159,#2160));
#1010=EDGE_LOOP('',(#2161,#2162,#2163,#2164));
#1011=EDGE_LOOP('',(#2165,#2166,#2167,#2168));
#1012=EDGE_LOOP('',(#2169,#2170,#2171));
#1013=EDGE_LOOP('',(#2172,#2173,#2174,#2175));
#1014=EDGE_LOOP('',(#2176,#2177,#2178,#2179));
#1015=EDGE_LOOP('',(#2180,#2181,#2182,#2183));
#1016=EDGE_LOOP('',(#2184,#2185,#2186,#2187));
#1017=EDGE_LOOP('',(#2188,#2189,#2190,#2191,#2192,#2193));
#1018=EDGE_LOOP('',(#2194,#2195,#2196,#2197));
#1019=EDGE_LOOP('',(#2198,#2199,#2200,#2201));
#1020=EDGE_LOOP('',(#2202,#2203,#2204,#2205));
#1021=EDGE_LOOP('',(#2206,#2207,#2208,#2209));
#1022=EDGE_LOOP('',(#2210,#2211,#2212,#2213));
#1023=EDGE_LOOP('',(#2214,#2215,#2216));
#1024=EDGE_LOOP('',(#2217,#2218,#2219,#2220));
#1025=EDGE_LOOP('',(#2221,#2222,#2223,#2224));
#1026=EDGE_LOOP('',(#2225,#2226,#2227,#2228));
#1027=EDGE_LOOP('',(#2229,#2230,#2231,#2232));
#1028=EDGE_LOOP('',(#2233,#2234,#2235,#2236));
#1029=EDGE_LOOP('',(#2237,#2238,#2239,#2240,#2241,#2242));
#1030=EDGE_LOOP('',(#2243,#2244,#2245,#2246));
#1031=EDGE_LOOP('',(#2247,#2248,#2249,#2250));
#1032=EDGE_LOOP('',(#2251,#2252,#2253,#2254));
#1033=EDGE_LOOP('',(#2255,#2256,#2257,#2258));
#1034=EDGE_LOOP('',(#2259,#2260,#2261,#2262));
#1035=EDGE_LOOP('',(#2263,#2264,#2265,#2266));
#1036=EDGE_LOOP('',(#2267,#2268,#2269,#2270));
#1037=EDGE_LOOP('',(#2271,#2272,#2273,#2274));
#1038=EDGE_LOOP('',(#2275,#2276,#2277));
#1039=EDGE_LOOP('',(#2278,#2279,#2280,#2281));
#1040=EDGE_LOOP('',(#2282,#2283,#2284,#2285));
#1041=EDGE_LOOP('',(#2286,#2287,#2288,#2289));
#1042=EDGE_LOOP('',(#2290,#2291,#2292,#2293));
#1043=EDGE_LOOP('',(#2294,#2295,#2296,#2297,#2298,#2299));
#1044=EDGE_LOOP('',(#2300,#2301,#2302));
#1045=EDGE_LOOP('',(#2303,#2304,#2305,#2306));
#1046=EDGE_LOOP('',(#2307,#2308,#2309));
#1047=EDGE_LOOP('',(#2310,#2311,#2312,#2313));
#1048=EDGE_LOOP('',(#2314,#2315,#2316));
#1049=EDGE_LOOP('',(#2317,#2318,#2319,#2320));
#1050=EDGE_LOOP('',(#2321,#2322,#2323));
#1051=EDGE_LOOP('',(#2324,#2325,#2326,#2327));
#1052=EDGE_LOOP('',(#2328));
#1053=EDGE_LOOP('',(#2329));
#1054=EDGE_LOOP('',(#2330));
#1055=EDGE_LOOP('',(#2331,#2332,#2333,#2334,#2335,#2336,#2337,#2338));
#1056=EDGE_LOOP('',(#2339,#2340,#2341,#2342,#2343,#2344,#2345,#2346));
#1057=EDGE_LOOP('',(#2347));
#1058=EDGE_LOOP('',(#2348,#2349,#2350,#2351));
#1059=EDGE_LOOP('',(#2352,#2353,#2354,#2355));
#1060=EDGE_LOOP('',(#2356,#2357,#2358,#2359));
#1061=EDGE_LOOP('',(#2360,#2361,#2362,#2363));
#1062=EDGE_LOOP('',(#2364,#2365,#2366,#2367));
#1063=EDGE_LOOP('',(#2368,#2369,#2370,#2371));
#1064=EDGE_LOOP('',(#2372,#2373,#2374,#2375));
#1065=EDGE_LOOP('',(#2376,#2377,#2378,#2379));
#1066=EDGE_LOOP('',(#2380,#2381,#2382,#2383));
#1067=EDGE_LOOP('',(#2384,#2385,#2386,#2387));
#1068=EDGE_LOOP('',(#2388,#2389,#2390,#2391));
#1069=EDGE_LOOP('',(#2392,#2393,#2394,#2395,#2396,#2397,#2398,#2399,#2400,
#2401));
#1070=EDGE_LOOP('',(#2402,#2403,#2404,#2405));
#1071=EDGE_LOOP('',(#2406,#2407,#2408,#2409));
#1072=EDGE_LOOP('',(#2410,#2411,#2412,#2413,#2414,#2415,#2416,#2417,#2418,
#2419));
#1073=EDGE_LOOP('',(#2420,#2421,#2422,#2423));
#1074=EDGE_LOOP('',(#2424,#2425,#2426,#2427));
#1075=EDGE_LOOP('',(#2428,#2429,#2430,#2431));
#1076=EDGE_LOOP('',(#2432,#2433,#2434,#2435));
#1077=EDGE_LOOP('',(#2436,#2437,#2438,#2439));
#1078=EDGE_LOOP('',(#2440,#2441,#2442,#2443));
#1079=EDGE_LOOP('',(#2444,#2445,#2446,#2447));
#1080=EDGE_LOOP('',(#2448,#2449,#2450,#2451));
#1081=EDGE_LOOP('',(#2452,#2453,#2454,#2455));
#1082=EDGE_LOOP('',(#2456,#2457,#2458,#2459));
#1083=EDGE_LOOP('',(#2460,#2461,#2462,#2463));
#1084=EDGE_LOOP('',(#2464,#2465,#2466,#2467,#2468,#2469,#2470,#2471,#2472,
#2473));
#1085=EDGE_LOOP('',(#2474,#2475,#2476,#2477));
#1086=EDGE_LOOP('',(#2478,#2479,#2480,#2481));
#1087=EDGE_LOOP('',(#2482,#2483,#2484,#2485,#2486,#2487,#2488,#2489,#2490,
#2491));
#1088=EDGE_LOOP('',(#2492,#2493,#2494,#2495));
#1089=EDGE_LOOP('',(#2496,#2497,#2498,#2499));
#1090=EDGE_LOOP('',(#2500,#2501,#2502,#2503));
#1091=EDGE_LOOP('',(#2504,#2505,#2506,#2507,#2508,#2509,#2510,#2511,#2512,
#2513));
#1092=EDGE_LOOP('',(#2514,#2515,#2516,#2517));
#1093=EDGE_LOOP('',(#2518,#2519,#2520,#2521,#2522,#2523,#2524,#2525,#2526,
#2527));
#1094=EDGE_LOOP('',(#2528,#2529,#2530,#2531,#2532,#2533,#2534,#2535,#2536,
#2537));
#1095=EDGE_LOOP('',(#2538,#2539,#2540,#2541));
#1096=EDGE_LOOP('',(#2542,#2543,#2544,#2545,#2546,#2547,#2548,#2549,#2550,
#2551));
#1097=EDGE_LOOP('',(#2552,#2553,#2554,#2555));
#1098=EDGE_LOOP('',(#2556,#2557,#2558,#2559,#2560,#2561,#2562,#2563,#2564,
#2565,#2566,#2567,#2568,#2569,#2570,#2571));
#1099=EDGE_LOOP('',(#2572));
#1100=EDGE_LOOP('',(#2573,#2574,#2575,#2576,#2577,#2578,#2579,#2580,#2581,
#2582,#2583,#2584,#2585,#2586,#2587,#2588));
#1101=EDGE_LOOP('',(#2589));
#1102=EDGE_LOOP('',(#2590));
#1103=EDGE_LOOP('',(#2591));
#1104=EDGE_LOOP('',(#2592));
#1105=EDGE_LOOP('',(#2593));
#1106=EDGE_LOOP('',(#2594));
#1107=EDGE_LOOP('',(#2595));
#1108=EDGE_LOOP('',(#2596));
#1109=EDGE_LOOP('',(#2597));
#1110=EDGE_LOOP('',(#2598));
#1111=EDGE_LOOP('',(#2599));
#1112=EDGE_LOOP('',(#2600));
#1113=EDGE_LOOP('',(#2601));
#1114=EDGE_LOOP('',(#2602));
#1115=EDGE_LOOP('',(#2603));
#1116=EDGE_LOOP('',(#2604));
#1117=EDGE_LOOP('',(#2605));
#1118=EDGE_LOOP('',(#2606));
#1119=EDGE_LOOP('',(#2607,#2608));
#1120=EDGE_LOOP('',(#2609,#2610));
#1121=EDGE_LOOP('',(#2611,#2612));
#1122=EDGE_LOOP('',(#2613,#2614));
#1123=EDGE_LOOP('',(#2615));
#1124=EDGE_LOOP('',(#2616));
#1125=EDGE_LOOP('',(#2617));
#1126=EDGE_LOOP('',(#2618));
#1127=EDGE_LOOP('',(#2619));
#1128=EDGE_LOOP('',(#2620));
#1129=EDGE_LOOP('',(#2621));
#1130=EDGE_LOOP('',(#2622,#2623,#2624,#2625));
#1131=EDGE_LOOP('',(#2626,#2627,#2628,#2629));
#1132=EDGE_LOOP('',(#2630,#2631,#2632));
#1133=EDGE_LOOP('',(#2633,#2634,#2635));
#1134=EDGE_LOOP('',(#2636,#2637,#2638,#2639));
#1135=EDGE_LOOP('',(#2640,#2641,#2642,#2643));
#1136=EDGE_LOOP('',(#2644,#2645,#2646,#2647));
#1137=EDGE_LOOP('',(#2648,#2649,#2650));
#1138=EDGE_LOOP('',(#2651,#2652,#2653,#2654));
#1139=EDGE_LOOP('',(#2655,#2656,#2657,#2658));
#1140=EDGE_LOOP('',(#2659,#2660,#2661));
#1141=EDGE_LOOP('',(#2662,#2663,#2664,#2665,#2666,#2667));
#1142=EDGE_LOOP('',(#2668,#2669,#2670,#2671,#2672,#2673));
#1143=EDGE_LOOP('',(#2674,#2675,#2676,#2677));
#1144=EDGE_LOOP('',(#2678,#2679,#2680,#2681,#2682,#2683));
#1145=EDGE_LOOP('',(#2684,#2685,#2686,#2687,#2688,#2689));
#1146=EDGE_LOOP('',(#2690,#2691,#2692,#2693));
#1147=EDGE_LOOP('',(#2694,#2695,#2696,#2697,#2698,#2699,#2700,#2701));
#1148=EDGE_LOOP('',(#2702,#2703,#2704,#2705,#2706,#2707,#2708,#2709));
#1149=EDGE_LOOP('',(#2710,#2711,#2712));
#1150=EDGE_LOOP('',(#2713,#2714,#2715,#2716));
#1151=EDGE_LOOP('',(#2717,#2718,#2719));
#1152=EDGE_LOOP('',(#2720,#2721,#2722));
#1153=EDGE_LOOP('',(#2723,#2724,#2725,#2726));
#1154=EDGE_LOOP('',(#2727,#2728,#2729));
#1155=EDGE_LOOP('',(#2730,#2731,#2732,#2733));
#1156=EDGE_LOOP('',(#2734,#2735,#2736,#2737,#2738,#2739,#2740,#2741));
#1157=EDGE_LOOP('',(#2742,#2743,#2744,#2745,#2746,#2747));
#1158=EDGE_LOOP('',(#2748,#2749,#2750,#2751,#2752,#2753));
#1159=EDGE_LOOP('',(#2754,#2755,#2756,#2757));
#1160=EDGE_LOOP('',(#2758,#2759,#2760,#2761,#2762,#2763));
#1161=EDGE_LOOP('',(#2764,#2765,#2766,#2767,#2768,#2769));
#1162=EDGE_LOOP('',(#2770,#2771,#2772,#2773));
#1163=EDGE_LOOP('',(#2774,#2775,#2776,#2777,#2778,#2779,#2780,#2781));
#1164=EDGE_LOOP('',(#2782,#2783,#2784,#2785));
#1165=EDGE_LOOP('',(#2786,#2787,#2788,#2789));
#1166=EDGE_LOOP('',(#2790,#2791,#2792,#2793));
#1167=EDGE_LOOP('',(#2794,#2795,#2796,#2797,#2798));
#1168=EDGE_LOOP('',(#2799,#2800,#2801,#2802,#2803));
#1169=EDGE_LOOP('',(#2804,#2805));
#1170=EDGE_LOOP('',(#2806,#2807,#2808,#2809));
#1171=EDGE_LOOP('',(#2810,#2811,#2812,#2813));
#1172=EDGE_LOOP('',(#2814,#2815,#2816,#2817,#2818,#2819));
#1173=EDGE_LOOP('',(#2820,#2821,#2822,#2823));
#1174=EDGE_LOOP('',(#2824,#2825,#2826,#2827));
#1175=EDGE_LOOP('',(#2828,#2829));
#1176=EDGE_LOOP('',(#2830,#2831,#2832,#2833,#2834,#2835));
#1177=EDGE_LOOP('',(#2836,#2837,#2838,#2839,#2840,#2841));
#1178=EDGE_LOOP('',(#2842,#2843,#2844,#2845,#2846,#2847,#2848,#2849,#2850,
#2851,#2852,#2853));
#1179=EDGE_LOOP('',(#2854,#2855,#2856,#2857,#2858,#2859,#2860,#2861,#2862,
#2863,#2864,#2865));
#1180=EDGE_LOOP('',(#2866));
#1181=EDGE_LOOP('',(#2867,#2868,#2869,#2870));
#1182=EDGE_LOOP('',(#2871,#2872,#2873,#2874));
#1183=EDGE_LOOP('',(#2875,#2876,#2877,#2878,#2879));
#1184=EDGE_LOOP('',(#2880,#2881,#2882,#2883));
#1185=EDGE_LOOP('',(#2884,#2885));
#1186=EDGE_LOOP('',(#2886,#2887,#2888,#2889,#2890));
#1187=EDGE_LOOP('',(#2891,#2892,#2893,#2894));
#1188=EDGE_LOOP('',(#2895,#2896,#2897,#2898));
#1189=EDGE_LOOP('',(#2899,#2900,#2901,#2902));
#1190=EDGE_LOOP('',(#2903,#2904,#2905,#2906,#2907,#2908));
#1191=EDGE_LOOP('',(#2909,#2910,#2911,#2912));
#1192=EDGE_LOOP('',(#2913,#2914));
#1193=EDGE_LOOP('',(#2915));
#1194=EDGE_LOOP('',(#2916,#2917));
#1195=EDGE_LOOP('',(#2918,#2919));
#1196=EDGE_LOOP('',(#2920,#2921));
#1197=EDGE_LOOP('',(#2922,#2923));
#1198=EDGE_LOOP('',(#2924,#2925));
#1199=EDGE_LOOP('',(#2926));
#1200=EDGE_LOOP('',(#2927));
#1201=EDGE_LOOP('',(#2928));
#1202=EDGE_LOOP('',(#2929,#2930,#2931,#2932,#2933,#2934,#2935,#2936));
#1203=EDGE_LOOP('',(#2937));
#1204=CIRCLE('',#3236,1.5);
#1205=CIRCLE('',#3238,1.5);
#1206=CIRCLE('',#3241,5.17157287525381);
#1207=CIRCLE('',#3242,6.11438191683587);
#1208=CIRCLE('',#3244,4.);
#1209=CIRCLE('',#3245,0.099999999999999);
#1210=CIRCLE('',#3247,0.100000000000002);
#1211=CIRCLE('',#3248,0.2);
#1212=CIRCLE('',#3249,0.1);
#1213=CIRCLE('',#3250,0.1);
#1214=CIRCLE('',#3252,0.1);
#1215=CIRCLE('',#3255,0.1);
#1216=CIRCLE('',#3257,2.35);
#1217=CIRCLE('',#3258,0.2);
#1218=CIRCLE('',#3259,2.35);
#1219=CIRCLE('',#3260,0.2);
#1220=CIRCLE('',#3261,2.35);
#1221=CIRCLE('',#3262,0.2);
#1222=CIRCLE('',#3263,2.35);
#1223=CIRCLE('',#3265,0.1);
#1224=CIRCLE('',#3266,0.1);
#1225=CIRCLE('',#3267,0.0999999999999979);
#1226=CIRCLE('',#3269,0.0999999999999979);
#1227=CIRCLE('',#3273,2.35);
#1228=CIRCLE('',#3274,1.95);
#1229=CIRCLE('',#3275,0.100000000000002);
#1230=CIRCLE('',#3277,0.1);
#1231=CIRCLE('',#3278,0.1);
#1232=CIRCLE('',#3279,0.1);
#1233=CIRCLE('',#3281,0.1);
#1234=CIRCLE('',#3284,0.0999999999999979);
#1235=CIRCLE('',#3286,0.0999999999999934);
#1236=CIRCLE('',#3287,0.1);
#1237=CIRCLE('',#3288,0.1);
#1238=CIRCLE('',#3290,0.1);
#1239=CIRCLE('',#3294,2.35);
#1240=CIRCLE('',#3295,1.95);
#1241=CIRCLE('',#3296,0.100000000000002);
#1242=CIRCLE('',#3298,0.1);
#1243=CIRCLE('',#3300,0.1);
#1244=CIRCLE('',#3301,0.1);
#1245=CIRCLE('',#3303,0.1);
#1246=CIRCLE('',#3305,0.1);
#1247=CIRCLE('',#3306,0.1);
#1248=CIRCLE('',#3307,0.0999999999999979);
#1249=CIRCLE('',#3309,0.1);
#1250=CIRCLE('',#3310,0.0999999999999979);
#1251=CIRCLE('',#3314,2.35);
#1252=CIRCLE('',#3315,1.95);
#1253=CIRCLE('',#3317,0.0999999999999979);
#1254=CIRCLE('',#3319,0.1);
#1255=CIRCLE('',#3320,0.1);
#1256=CIRCLE('',#3321,0.1);
#1257=CIRCLE('',#3323,0.1);
#1258=CIRCLE('',#3326,0.0999999999999979);
#1259=CIRCLE('',#3328,0.0999999999999934);
#1260=CIRCLE('',#3329,0.1);
#1261=CIRCLE('',#3330,0.1);
#1262=CIRCLE('',#3332,0.1);
#1263=CIRCLE('',#3336,2.35);
#1264=CIRCLE('',#3337,1.95);
#1265=CIRCLE('',#3347,8.);
#1266=CIRCLE('',#3348,6.);
#1267=CIRCLE('',#3350,8.);
#1268=CIRCLE('',#3351,8.);
#1269=CIRCLE('',#3352,8.);
#1270=CIRCLE('',#3353,8.);
#1271=CIRCLE('',#3354,8.);
#1272=CIRCLE('',#3355,8.);
#1273=CIRCLE('',#3356,8.);
#1274=CIRCLE('',#3357,8.);
#1275=CIRCLE('',#3359,8.);
#1276=CIRCLE('',#3360,8.);
#1277=CIRCLE('',#3361,8.);
#1278=CIRCLE('',#3362,8.);
#1279=CIRCLE('',#3363,8.);
#1280=CIRCLE('',#3364,8.);
#1281=CIRCLE('',#3365,8.);
#1282=CIRCLE('',#3366,8.);
#1283=CIRCLE('',#3367,8.);
#1284=CIRCLE('',#3369,8.);
#1285=CIRCLE('',#3371,8.);
#1286=CIRCLE('',#3372,10.);
#1287=CIRCLE('',#3374,10.);
#1288=CIRCLE('',#3376,10.);
#1289=CIRCLE('',#3378,10.);
#1290=CIRCLE('',#3380,8.);
#1291=CIRCLE('',#3382,8.);
#1292=CIRCLE('',#3392,8.);
#1293=CIRCLE('',#3394,8.);
#1294=CIRCLE('',#3396,10.);
#1295=CIRCLE('',#3398,10.);
#1296=CIRCLE('',#3400,10.);
#1297=CIRCLE('',#3402,10.);
#1298=CIRCLE('',#3404,8.);
#1299=CIRCLE('',#3406,8.);
#1300=CIRCLE('',#3412,6.);
#1301=CIRCLE('',#3416,6.);
#1302=CIRCLE('',#3419,6.);
#1303=CIRCLE('',#3422,6.);
#1304=CIRCLE('',#3429,6.);
#1305=CIRCLE('',#3430,6.);
#1306=CIRCLE('',#3431,6.);
#1307=CIRCLE('',#3432,6.);
#1308=CIRCLE('',#3434,1.25);
#1309=CIRCLE('',#3436,1.25);
#1310=CIRCLE('',#3438,2.45);
#1311=CIRCLE('',#3439,2.45);
#1312=CIRCLE('',#3442,2.45);
#1313=CIRCLE('',#3443,2.45);
#1314=CIRCLE('',#3445,0.593407591235253);
#1315=CIRCLE('',#3449,9.75);
#1316=CIRCLE('',#3451,12.0575847941358);
#1317=CIRCLE('',#3452,12.0575847941358);
#1318=CIRCLE('',#3458,8.);
#1319=CIRCLE('',#3461,4.);
#1320=CIRCLE('',#3465,9.75);
#1321=CIRCLE('',#3470,9.75);
#1322=CIRCLE('',#3474,9.75);
#1323=CIRCLE('',#3480,2.5);
#1324=CIRCLE('',#3481,2.5);
#1325=CIRCLE('',#3485,1.99999999999999);
#1326=CIRCLE('',#3486,1.99999999999999);
#1327=CIRCLE('',#3496,9.75);
#1328=CIRCLE('',#3498,2.5);
#1329=CIRCLE('',#3499,1.99999999999999);
#1330=CIRCLE('',#3503,2.5);
#1331=CIRCLE('',#3507,1.99999999999999);
#1332=CIRCLE('',#3510,9.75);
#1333=CIRCLE('',#3516,9.75);
#1334=CIRCLE('',#3523,9.75);
#1335=CIRCLE('',#3524,9.75);
#1336=CIRCLE('',#3525,9.75);
#1337=CIRCLE('',#3539,2.75);
#1338=CIRCLE('',#3541,2.35);
#1339=VERTEX_POINT('',#4419);
#1340=VERTEX_POINT('',#4422);
#1341=VERTEX_POINT('',#4426);
#1342=VERTEX_POINT('',#4428);
#1343=VERTEX_POINT('',#4431);
#1344=VERTEX_POINT('',#4463);
#1345=VERTEX_POINT('',#4464);
#1346=VERTEX_POINT('',#4481);
#1347=VERTEX_POINT('',#4487);
#1348=VERTEX_POINT('',#4496);
#1349=VERTEX_POINT('',#4497);
#1350=VERTEX_POINT('',#4499);
#1351=VERTEX_POINT('',#4501);
#1352=VERTEX_POINT('',#4505);
#1353=VERTEX_POINT('',#4506);
#1354=VERTEX_POINT('',#4535);
#1355=VERTEX_POINT('',#4536);
#1356=VERTEX_POINT('',#4566);
#1357=VERTEX_POINT('',#4572);
#1358=VERTEX_POINT('',#4600);
#1359=VERTEX_POINT('',#4608);
#1360=VERTEX_POINT('',#4610);
#1361=VERTEX_POINT('',#4615);
#1362=VERTEX_POINT('',#4617);
#1363=VERTEX_POINT('',#4619);
#1364=VERTEX_POINT('',#4621);
#1365=VERTEX_POINT('',#4627);
#1366=VERTEX_POINT('',#4629);
#1367=VERTEX_POINT('',#4634);
#1368=VERTEX_POINT('',#4636);
#1369=VERTEX_POINT('',#4638);
#1370=VERTEX_POINT('',#4640);
#1371=VERTEX_POINT('',#4646);
#1372=VERTEX_POINT('',#4648);
#1373=VERTEX_POINT('',#4653);
#1374=VERTEX_POINT('',#4655);
#1375=VERTEX_POINT('',#4657);
#1376=VERTEX_POINT('',#4659);
#1377=VERTEX_POINT('',#4667);
#1378=VERTEX_POINT('',#4669);
#1379=VERTEX_POINT('',#4699);
#1380=VERTEX_POINT('',#4705);
#1381=VERTEX_POINT('',#4750);
#1382=VERTEX_POINT('',#4767);
#1383=VERTEX_POINT('',#4776);
#1384=VERTEX_POINT('',#4778);
#1385=VERTEX_POINT('',#4782);
#1386=VERTEX_POINT('',#4810);
#1387=VERTEX_POINT('',#4835);
#1388=VERTEX_POINT('',#4841);
#1389=VERTEX_POINT('',#4869);
#1390=VERTEX_POINT('',#4877);
#1391=VERTEX_POINT('',#4879);
#1392=VERTEX_POINT('',#4909);
#1393=VERTEX_POINT('',#4915);
#1394=VERTEX_POINT('',#4960);
#1395=VERTEX_POINT('',#4977);
#1396=VERTEX_POINT('',#4986);
#1397=VERTEX_POINT('',#4990);
#1398=VERTEX_POINT('',#4994);
#1399=VERTEX_POINT('',#5022);
#1400=VERTEX_POINT('',#5045);
#1401=VERTEX_POINT('',#5046);
#1402=VERTEX_POINT('',#5048);
#1403=VERTEX_POINT('',#5052);
#1404=VERTEX_POINT('',#5053);
#1405=VERTEX_POINT('',#5117);
#1406=VERTEX_POINT('',#5123);
#1407=VERTEX_POINT('',#5170);
#1408=VERTEX_POINT('',#5187);
#1409=VERTEX_POINT('',#5196);
#1410=VERTEX_POINT('',#5198);
#1411=VERTEX_POINT('',#5202);
#1412=VERTEX_POINT('',#5230);
#1413=VERTEX_POINT('',#5255);
#1414=VERTEX_POINT('',#5261);
#1415=VERTEX_POINT('',#5289);
#1416=VERTEX_POINT('',#5297);
#1417=VERTEX_POINT('',#5299);
#1418=VERTEX_POINT('',#5329);
#1419=VERTEX_POINT('',#5335);
#1420=VERTEX_POINT('',#5359);
#1421=VERTEX_POINT('',#5361);
#1422=VERTEX_POINT('',#5364);
#1423=VERTEX_POINT('',#5365);
#1424=VERTEX_POINT('',#5367);
#1425=VERTEX_POINT('',#5369);
#1426=VERTEX_POINT('',#5371);
#1427=VERTEX_POINT('',#5373);
#1428=VERTEX_POINT('',#5375);
#1429=VERTEX_POINT('',#5377);
#1430=VERTEX_POINT('',#5381);
#1431=VERTEX_POINT('',#5382);
#1432=VERTEX_POINT('',#5384);
#1433=VERTEX_POINT('',#5386);
#1434=VERTEX_POINT('',#5388);
#1435=VERTEX_POINT('',#5390);
#1436=VERTEX_POINT('',#5392);
#1437=VERTEX_POINT('',#5394);
#1438=VERTEX_POINT('',#5397);
#1439=VERTEX_POINT('',#5400);
#1440=VERTEX_POINT('',#5402);
#1441=VERTEX_POINT('',#5406);
#1442=VERTEX_POINT('',#5407);
#1443=VERTEX_POINT('',#5409);
#1444=VERTEX_POINT('',#5411);
#1445=VERTEX_POINT('',#5415);
#1446=VERTEX_POINT('',#5417);
#1447=VERTEX_POINT('',#5421);
#1448=VERTEX_POINT('',#5423);
#1449=VERTEX_POINT('',#5427);
#1450=VERTEX_POINT('',#5429);
#1451=VERTEX_POINT('',#5433);
#1452=VERTEX_POINT('',#5435);
#1453=VERTEX_POINT('',#5439);
#1454=VERTEX_POINT('',#5441);
#1455=VERTEX_POINT('',#5451);
#1456=VERTEX_POINT('',#5452);
#1457=VERTEX_POINT('',#5454);
#1458=VERTEX_POINT('',#5456);
#1459=VERTEX_POINT('',#5463);
#1460=VERTEX_POINT('',#5465);
#1461=VERTEX_POINT('',#5469);
#1462=VERTEX_POINT('',#5470);
#1463=VERTEX_POINT('',#5472);
#1464=VERTEX_POINT('',#5474);
#1465=VERTEX_POINT('',#5481);
#1466=VERTEX_POINT('',#5483);
#1467=VERTEX_POINT('',#5485);
#1468=VERTEX_POINT('',#5487);
#1469=VERTEX_POINT('',#5489);
#1470=VERTEX_POINT('',#5492);
#1471=VERTEX_POINT('',#5496);
#1472=VERTEX_POINT('',#5500);
#1473=VERTEX_POINT('',#5502);
#1474=VERTEX_POINT('',#5506);
#1475=VERTEX_POINT('',#5508);
#1476=VERTEX_POINT('',#5512);
#1477=VERTEX_POINT('',#5516);
#1478=VERTEX_POINT('',#5518);
#1479=VERTEX_POINT('',#5522);
#1480=VERTEX_POINT('',#5526);
#1481=VERTEX_POINT('',#5528);
#1482=VERTEX_POINT('',#5532);
#1483=VERTEX_POINT('',#5544);
#1484=VERTEX_POINT('',#5545);
#1485=VERTEX_POINT('',#5547);
#1486=VERTEX_POINT('',#5550);
#1487=VERTEX_POINT('',#5554);
#1488=VERTEX_POINT('',#5558);
#1489=VERTEX_POINT('',#5562);
#1490=VERTEX_POINT('',#5563);
#1491=VERTEX_POINT('',#5565);
#1492=VERTEX_POINT('',#5568);
#1493=VERTEX_POINT('',#5572);
#1494=VERTEX_POINT('',#5576);
#1495=VERTEX_POINT('',#5580);
#1496=VERTEX_POINT('',#5584);
#1497=VERTEX_POINT('',#5588);
#1498=VERTEX_POINT('',#5592);
#1499=VERTEX_POINT('',#5596);
#1500=VERTEX_POINT('',#5597);
#1501=VERTEX_POINT('',#5604);
#1502=VERTEX_POINT('',#5605);
#1503=VERTEX_POINT('',#5617);
#1504=VERTEX_POINT('',#5620);
#1505=VERTEX_POINT('',#5623);
#1506=VERTEX_POINT('',#5625);
#1507=VERTEX_POINT('',#5629);
#1508=VERTEX_POINT('',#5631);
#1509=VERTEX_POINT('',#5634);
#1510=VERTEX_POINT('',#5639);
#1511=VERTEX_POINT('',#5642);
#1512=VERTEX_POINT('',#5644);
#1513=VERTEX_POINT('',#5647);
#1514=VERTEX_POINT('',#5648);
#1515=VERTEX_POINT('',#5710);
#1516=VERTEX_POINT('',#5711);
#1517=VERTEX_POINT('',#5773);
#1518=VERTEX_POINT('',#5774);
#1519=VERTEX_POINT('',#5828);
#1520=VERTEX_POINT('',#5829);
#1521=VERTEX_POINT('',#5883);
#1522=VERTEX_POINT('',#5887);
#1523=VERTEX_POINT('',#5891);
#1524=VERTEX_POINT('',#5892);
#1525=VERTEX_POINT('',#5894);
#1526=VERTEX_POINT('',#5896);
#1527=VERTEX_POINT('',#5900);
#1528=VERTEX_POINT('',#5901);
#1529=VERTEX_POINT('',#5903);
#1530=VERTEX_POINT('',#5905);
#1531=VERTEX_POINT('',#5909);
#1532=VERTEX_POINT('',#5913);
#1533=VERTEX_POINT('',#5917);
#1534=VERTEX_POINT('',#5918);
#1535=VERTEX_POINT('',#5920);
#1536=VERTEX_POINT('',#5922);
#1537=VERTEX_POINT('',#5926);
#1538=VERTEX_POINT('',#5927);
#1539=VERTEX_POINT('',#5929);
#1540=VERTEX_POINT('',#5931);
#1541=VERTEX_POINT('',#5935);
#1542=VERTEX_POINT('',#5937);
#1543=VERTEX_POINT('',#5941);
#1544=VERTEX_POINT('',#5942);
#1545=VERTEX_POINT('',#5944);
#1546=VERTEX_POINT('',#5948);
#1547=VERTEX_POINT('',#5950);
#1548=VERTEX_POINT('',#5954);
#1549=VERTEX_POINT('',#5956);
#1550=VERTEX_POINT('',#5960);
#1551=VERTEX_POINT('',#5964);
#1552=VERTEX_POINT('',#5966);
#1553=VERTEX_POINT('',#5970);
#1554=VERTEX_POINT('',#5971);
#1555=VERTEX_POINT('',#5976);
#1556=VERTEX_POINT('',#5977);
#1557=VERTEX_POINT('',#5985);
#1558=VERTEX_POINT('',#5986);
#1559=VERTEX_POINT('',#6000);
#1560=VERTEX_POINT('',#6001);
#1561=VERTEX_POINT('',#6003);
#1562=VERTEX_POINT('',#6007);
#1563=VERTEX_POINT('',#6009);
#1564=VERTEX_POINT('',#6013);
#1565=VERTEX_POINT('',#6017);
#1566=VERTEX_POINT('',#6018);
#1567=VERTEX_POINT('',#6020);
#1568=VERTEX_POINT('',#6024);
#1569=VERTEX_POINT('',#6026);
#1570=VERTEX_POINT('',#6030);
#1571=VERTEX_POINT('',#6038);
#1572=VERTEX_POINT('',#6040);
#1573=VERTEX_POINT('',#6044);
#1574=VERTEX_POINT('',#6046);
#1575=VERTEX_POINT('',#6050);
#1576=VERTEX_POINT('',#6054);
#1577=VERTEX_POINT('',#6058);
#1578=VERTEX_POINT('',#6064);
#1579=VERTEX_POINT('',#6073);
#1580=VERTEX_POINT('',#6074);
#1581=VERTEX_POINT('',#6076);
#1582=VERTEX_POINT('',#6078);
#1583=VERTEX_POINT('',#6082);
#1584=VERTEX_POINT('',#6083);
#1585=VERTEX_POINT('',#6088);
#1586=VERTEX_POINT('',#6089);
#1587=VERTEX_POINT('',#6094);
#1588=VERTEX_POINT('',#6098);
#1589=VERTEX_POINT('',#6102);
#1590=VERTEX_POINT('',#6103);
#1591=VERTEX_POINT('',#6107);
#1592=VERTEX_POINT('',#6108);
#1593=VERTEX_POINT('',#6113);
#1594=VERTEX_POINT('',#6114);
#1595=VERTEX_POINT('',#6126);
#1596=VERTEX_POINT('',#6127);
#1597=VERTEX_POINT('',#6147);
#1598=VERTEX_POINT('',#6148);
#1599=VERTEX_POINT('',#6150);
#1600=VERTEX_POINT('',#6152);
#1601=VERTEX_POINT('',#6154);
#1602=VERTEX_POINT('',#6156);
#1603=VERTEX_POINT('',#6160);
#1604=VERTEX_POINT('',#6162);
#1605=VERTEX_POINT('',#6166);
#1606=VERTEX_POINT('',#6167);
#1607=VERTEX_POINT('',#6172);
#1608=VERTEX_POINT('',#6176);
#1609=VERTEX_POINT('',#6184);
#1610=VERTEX_POINT('',#6186);
#1611=VERTEX_POINT('',#6190);
#1612=VERTEX_POINT('',#6194);
#1613=VERTEX_POINT('',#6220);
#1614=VERTEX_POINT('',#6223);
#1615=EDGE_CURVE('',#1339,#1339,#1204,.T.);
#1616=EDGE_CURVE('',#1340,#1340,#1205,.T.);
#1617=EDGE_CURVE('',#1341,#1341,#1206,.T.);
#1618=EDGE_CURVE('',#1342,#1342,#1207,.T.);
#1619=EDGE_CURVE('',#1343,#1343,#1208,.T.);
#1620=EDGE_CURVE('',#1344,#1345,#632,.T.);
#1621=EDGE_CURVE('',#1345,#1346,#633,.T.);
#1622=EDGE_CURVE('',#1346,#1347,#1209,.T.);
#1623=EDGE_CURVE('',#1347,#1344,#634,.T.);
#1624=EDGE_CURVE('',#1348,#1349,#1210,.T.);
#1625=EDGE_CURVE('',#1349,#1350,#1211,.T.);
#1626=EDGE_CURVE('',#1350,#1351,#1212,.T.);
#1627=EDGE_CURVE('',#1351,#1348,#1213,.T.);
#1628=EDGE_CURVE('',#1352,#1353,#1214,.T.);
#1629=EDGE_CURVE('',#1353,#1351,#120,.T.);
#1630=EDGE_CURVE('',#1350,#1352,#121,.T.);
#1631=EDGE_CURVE('',#1354,#1355,#635,.F.);
#1632=EDGE_CURVE('',#1354,#1353,#636,.T.);
#1633=EDGE_CURVE('',#1352,#1355,#637,.T.);
#1634=EDGE_CURVE('',#1348,#1347,#122,.T.);
#1635=EDGE_CURVE('',#1346,#1349,#123,.T.);
#1636=EDGE_CURVE('',#1356,#1353,#638,.T.);
#1637=EDGE_CURVE('',#1357,#1356,#124,.T.);
#1638=EDGE_CURVE('',#1351,#1357,#125,.T.);
#1639=EDGE_CURVE('',#1354,#1358,#639,.T.);
#1640=EDGE_CURVE('',#1356,#1358,#1215,.T.);
#1641=EDGE_CURVE('',#1345,#1359,#1216,.T.);
#1642=EDGE_CURVE('',#1360,#1359,#640,.T.);
#1643=EDGE_CURVE('',#1361,#1360,#126,.T.);
#1644=EDGE_CURVE('',#1362,#1361,#1217,.T.);
#1645=EDGE_CURVE('',#1363,#1362,#127,.T.);
#1646=EDGE_CURVE('',#1364,#1363,#641,.T.);
#1647=EDGE_CURVE('',#1364,#1365,#1218,.T.);
#1648=EDGE_CURVE('',#1366,#1365,#642,.T.);
#1649=EDGE_CURVE('',#1367,#1366,#128,.T.);
#1650=EDGE_CURVE('',#1368,#1367,#1219,.T.);
#1651=EDGE_CURVE('',#1369,#1368,#129,.T.);
#1652=EDGE_CURVE('',#1370,#1369,#643,.T.);
#1653=EDGE_CURVE('',#1370,#1371,#1220,.T.);
#1654=EDGE_CURVE('',#1372,#1371,#644,.T.);
#1655=EDGE_CURVE('',#1373,#1372,#130,.T.);
#1656=EDGE_CURVE('',#1374,#1373,#1221,.T.);
#1657=EDGE_CURVE('',#1375,#1374,#131,.T.);
#1658=EDGE_CURVE('',#1376,#1375,#645,.T.);
#1659=EDGE_CURVE('',#1376,#1355,#1222,.T.);
#1660=EDGE_CURVE('',#1357,#1377,#1223,.F.);
#1661=EDGE_CURVE('',#1378,#1357,#1224,.F.);
#1662=EDGE_CURVE('',#1377,#1378,#1225,.F.);
#1663=EDGE_CURVE('',#1358,#1378,#132,.T.);
#1664=EDGE_CURVE('',#1347,#1379,#646,.T.);
#1665=EDGE_CURVE('',#1379,#1380,#1226,.T.);
#1666=EDGE_CURVE('',#1380,#1344,#647,.T.);
#1667=EDGE_CURVE('',#1378,#1380,#133,.T.);
#1668=EDGE_CURVE('',#1379,#1377,#134,.T.);
#1669=EDGE_CURVE('',#1377,#1348,#135,.T.);
#1670=EDGE_CURVE('',#1355,#1345,#1227,.T.);
#1671=EDGE_CURVE('',#1380,#1358,#1228,.T.);
#1672=EDGE_CURVE('',#1381,#1376,#648,.T.);
#1673=EDGE_CURVE('',#1375,#1382,#1229,.T.);
#1674=EDGE_CURVE('',#1382,#1381,#649,.T.);
#1675=EDGE_CURVE('',#1383,#1374,#1230,.T.);
#1676=EDGE_CURVE('',#1373,#1384,#1231,.T.);
#1677=EDGE_CURVE('',#1384,#1383,#1232,.T.);
#1678=EDGE_CURVE('',#1372,#1385,#1233,.T.);
#1679=EDGE_CURVE('',#1385,#1384,#136,.T.);
#1680=EDGE_CURVE('',#1386,#1371,#650,.F.);
#1681=EDGE_CURVE('',#1386,#1385,#651,.T.);
#1682=EDGE_CURVE('',#1383,#1382,#137,.T.);
#1683=EDGE_CURVE('',#1387,#1385,#652,.T.);
#1684=EDGE_CURVE('',#1388,#1387,#138,.T.);
#1685=EDGE_CURVE('',#1384,#1388,#139,.T.);
#1686=EDGE_CURVE('',#1386,#1389,#653,.T.);
#1687=EDGE_CURVE('',#1387,#1389,#1234,.T.);
#1688=EDGE_CURVE('',#1388,#1390,#1235,.F.);
#1689=EDGE_CURVE('',#1391,#1388,#1236,.F.);
#1690=EDGE_CURVE('',#1390,#1391,#1237,.F.);
#1691=EDGE_CURVE('',#1389,#1391,#140,.T.);
#1692=EDGE_CURVE('',#1382,#1392,#654,.T.);
#1693=EDGE_CURVE('',#1392,#1393,#1238,.T.);
#1694=EDGE_CURVE('',#1393,#1381,#655,.T.);
#1695=EDGE_CURVE('',#1391,#1393,#141,.T.);
#1696=EDGE_CURVE('',#1392,#1390,#142,.T.);
#1697=EDGE_CURVE('',#1390,#1383,#143,.T.);
#1698=EDGE_CURVE('',#1376,#1371,#1239,.T.);
#1699=EDGE_CURVE('',#1393,#1389,#1240,.T.);
#1700=EDGE_CURVE('',#1394,#1370,#656,.T.);
#1701=EDGE_CURVE('',#1369,#1395,#1241,.T.);
#1702=EDGE_CURVE('',#1395,#1394,#657,.T.);
#1703=EDGE_CURVE('',#1368,#1396,#1242,.T.);
#1704=EDGE_CURVE('',#1396,#1395,#144,.T.);
#1705=EDGE_CURVE('',#1367,#1397,#1243,.T.);
#1706=EDGE_CURVE('',#1397,#1396,#1244,.T.);
#1707=EDGE_CURVE('',#1366,#1398,#1245,.T.);
#1708=EDGE_CURVE('',#1398,#1397,#145,.T.);
#1709=EDGE_CURVE('',#1399,#1365,#658,.F.);
#1710=EDGE_CURVE('',#1399,#1398,#659,.T.);
#1711=EDGE_CURVE('',#1400,#1401,#1246,.F.);
#1712=EDGE_CURVE('',#1402,#1400,#1247,.F.);
#1713=EDGE_CURVE('',#1401,#1402,#1248,.F.);
#1714=EDGE_CURVE('',#1403,#1404,#1249,.T.);
#1715=EDGE_CURVE('',#1404,#1402,#146,.T.);
#1716=EDGE_CURVE('',#1400,#1403,#147,.T.);
#1717=EDGE_CURVE('',#1399,#1404,#660,.T.);
#1718=EDGE_CURVE('',#1403,#1398,#661,.T.);
#1719=EDGE_CURVE('',#1395,#1405,#662,.T.);
#1720=EDGE_CURVE('',#1405,#1406,#1250,.T.);
#1721=EDGE_CURVE('',#1406,#1394,#663,.T.);
#1722=EDGE_CURVE('',#1402,#1406,#148,.T.);
#1723=EDGE_CURVE('',#1405,#1401,#149,.T.);
#1724=EDGE_CURVE('',#1397,#1400,#150,.T.);
#1725=EDGE_CURVE('',#1401,#1396,#151,.T.);
#1726=EDGE_CURVE('',#1370,#1365,#1251,.T.);
#1727=EDGE_CURVE('',#1406,#1404,#1252,.T.);
#1728=EDGE_CURVE('',#1407,#1364,#664,.T.);
#1729=EDGE_CURVE('',#1363,#1408,#1253,.T.);
#1730=EDGE_CURVE('',#1408,#1407,#665,.T.);
#1731=EDGE_CURVE('',#1409,#1362,#1254,.T.);
#1732=EDGE_CURVE('',#1361,#1410,#1255,.T.);
#1733=EDGE_CURVE('',#1410,#1409,#1256,.T.);
#1734=EDGE_CURVE('',#1360,#1411,#1257,.T.);
#1735=EDGE_CURVE('',#1411,#1410,#152,.T.);
#1736=EDGE_CURVE('',#1412,#1359,#666,.F.);
#1737=EDGE_CURVE('',#1412,#1411,#667,.T.);
#1738=EDGE_CURVE('',#1409,#1408,#153,.T.);
#1739=EDGE_CURVE('',#1413,#1411,#668,.T.);
#1740=EDGE_CURVE('',#1414,#1413,#154,.T.);
#1741=EDGE_CURVE('',#1410,#1414,#155,.T.);
#1742=EDGE_CURVE('',#1412,#1415,#669,.T.);
#1743=EDGE_CURVE('',#1413,#1415,#1258,.T.);
#1744=EDGE_CURVE('',#1414,#1416,#1259,.F.);
#1745=EDGE_CURVE('',#1417,#1414,#1260,.F.);
#1746=EDGE_CURVE('',#1416,#1417,#1261,.F.);
#1747=EDGE_CURVE('',#1415,#1417,#156,.T.);
#1748=EDGE_CURVE('',#1408,#1418,#670,.T.);
#1749=EDGE_CURVE('',#1418,#1419,#1262,.T.);
#1750=EDGE_CURVE('',#1419,#1407,#671,.T.);
#1751=EDGE_CURVE('',#1417,#1419,#157,.T.);
#1752=EDGE_CURVE('',#1418,#1416,#158,.T.);
#1753=EDGE_CURVE('',#1416,#1409,#159,.T.);
#1754=EDGE_CURVE('',#1364,#1359,#1263,.T.);
#1755=EDGE_CURVE('',#1419,#1415,#1264,.T.);
#1756=EDGE_CURVE('',#1420,#1420,#1265,.T.);
#1757=EDGE_CURVE('',#1421,#1421,#1266,.T.);
#1758=EDGE_CURVE('',#1422,#1423,#1267,.T.);
#1759=EDGE_CURVE('',#1423,#1424,#1268,.T.);
#1760=EDGE_CURVE('',#1424,#1425,#1269,.T.);
#1761=EDGE_CURVE('',#1425,#1426,#1270,.T.);
#1762=EDGE_CURVE('',#1426,#1427,#1271,.T.);
#1763=EDGE_CURVE('',#1427,#1428,#1272,.T.);
#1764=EDGE_CURVE('',#1428,#1429,#1273,.T.);
#1765=EDGE_CURVE('',#1429,#1422,#1274,.T.);
#1766=EDGE_CURVE('',#1430,#1431,#1275,.T.);
#1767=EDGE_CURVE('',#1432,#1430,#1276,.T.);
#1768=EDGE_CURVE('',#1433,#1432,#1277,.T.);
#1769=EDGE_CURVE('',#1434,#1433,#1278,.T.);
#1770=EDGE_CURVE('',#1435,#1434,#1279,.T.);
#1771=EDGE_CURVE('',#1436,#1435,#1280,.T.);
#1772=EDGE_CURVE('',#1437,#1436,#1281,.T.);
#1773=EDGE_CURVE('',#1431,#1437,#1282,.T.);
#1774=EDGE_CURVE('',#1438,#1438,#1283,.T.);
#1775=EDGE_CURVE('',#1432,#1439,#160,.T.);
#1776=EDGE_CURVE('',#1440,#1439,#1284,.T.);
#1777=EDGE_CURVE('',#1440,#1433,#161,.T.);
#1778=EDGE_CURVE('',#1441,#1442,#162,.T.);
#1779=EDGE_CURVE('',#1442,#1443,#1285,.T.);
#1780=EDGE_CURVE('',#1443,#1444,#163,.T.);
#1781=EDGE_CURVE('',#1441,#1444,#1286,.T.);
#1782=EDGE_CURVE('',#1439,#1445,#164,.T.);
#1783=EDGE_CURVE('',#1446,#1445,#1287,.T.);
#1784=EDGE_CURVE('',#1446,#1440,#165,.T.);
#1785=EDGE_CURVE('',#1447,#1441,#166,.T.);
#1786=EDGE_CURVE('',#1444,#1448,#167,.T.);
#1787=EDGE_CURVE('',#1447,#1448,#1288,.T.);
#1788=EDGE_CURVE('',#1445,#1449,#168,.T.);
#1789=EDGE_CURVE('',#1450,#1449,#1289,.T.);
#1790=EDGE_CURVE('',#1450,#1446,#169,.T.);
#1791=EDGE_CURVE('',#1451,#1447,#170,.T.);
#1792=EDGE_CURVE('',#1448,#1452,#171,.T.);
#1793=EDGE_CURVE('',#1451,#1452,#1290,.T.);
#1794=EDGE_CURVE('',#1449,#1453,#172,.T.);
#1795=EDGE_CURVE('',#1454,#1453,#1291,.T.);
#1796=EDGE_CURVE('',#1454,#1450,#173,.T.);
#1797=EDGE_CURVE('',#1424,#1451,#174,.T.);
#1798=EDGE_CURVE('',#1452,#1425,#175,.T.);
#1799=EDGE_CURVE('',#1453,#1429,#176,.T.);
#1800=EDGE_CURVE('',#1428,#1454,#177,.T.);
#1801=EDGE_CURVE('',#1455,#1456,#178,.T.);
#1802=EDGE_CURVE('',#1457,#1456,#179,.T.);
#1803=EDGE_CURVE('',#1458,#1457,#180,.T.);
#1804=EDGE_CURVE('',#1455,#1458,#181,.T.);
#1805=EDGE_CURVE('',#1433,#1458,#182,.T.);
#1806=EDGE_CURVE('',#1434,#1457,#183,.T.);
#1807=EDGE_CURVE('',#1459,#1455,#184,.T.);
#1808=EDGE_CURVE('',#1428,#1460,#185,.T.);
#1809=EDGE_CURVE('',#1460,#1459,#186,.T.);
#1810=EDGE_CURVE('',#1461,#1462,#187,.T.);
#1811=EDGE_CURVE('',#1463,#1462,#188,.T.);
#1812=EDGE_CURVE('',#1464,#1463,#189,.T.);
#1813=EDGE_CURVE('',#1461,#1464,#190,.T.);
#1814=EDGE_CURVE('',#1430,#1464,#191,.T.);
#1815=EDGE_CURVE('',#1432,#1463,#192,.T.);
#1816=EDGE_CURVE('',#1465,#1461,#193,.T.);
#1817=EDGE_CURVE('',#1466,#1430,#194,.T.);
#1818=EDGE_CURVE('',#1467,#1466,#195,.T.);
#1819=EDGE_CURVE('',#1468,#1467,#196,.T.);
#1820=EDGE_CURVE('',#1469,#1468,#197,.T.);
#1821=EDGE_CURVE('',#1422,#1469,#198,.T.);
#1822=EDGE_CURVE('',#1422,#1470,#199,.T.);
#1823=EDGE_CURVE('',#1470,#1465,#200,.T.);
#1824=EDGE_CURVE('',#1471,#1423,#201,.T.);
#1825=EDGE_CURVE('',#1469,#1471,#1292,.T.);
#1826=EDGE_CURVE('',#1426,#1472,#202,.T.);
#1827=EDGE_CURVE('',#1472,#1473,#1293,.T.);
#1828=EDGE_CURVE('',#1473,#1427,#203,.T.);
#1829=EDGE_CURVE('',#1472,#1474,#204,.T.);
#1830=EDGE_CURVE('',#1474,#1475,#1294,.T.);
#1831=EDGE_CURVE('',#1475,#1473,#205,.T.);
#1832=EDGE_CURVE('',#1476,#1471,#206,.T.);
#1833=EDGE_CURVE('',#1468,#1476,#1295,.T.);
#1834=EDGE_CURVE('',#1474,#1477,#207,.T.);
#1835=EDGE_CURVE('',#1477,#1478,#1296,.T.);
#1836=EDGE_CURVE('',#1478,#1475,#208,.T.);
#1837=EDGE_CURVE('',#1479,#1476,#209,.T.);
#1838=EDGE_CURVE('',#1467,#1479,#1297,.T.);
#1839=EDGE_CURVE('',#1477,#1480,#210,.T.);
#1840=EDGE_CURVE('',#1480,#1481,#1298,.T.);
#1841=EDGE_CURVE('',#1481,#1478,#211,.T.);
#1842=EDGE_CURVE('',#1482,#1479,#212,.T.);
#1843=EDGE_CURVE('',#1466,#1482,#1299,.T.);
#1844=EDGE_CURVE('',#1442,#1437,#213,.T.);
#1845=EDGE_CURVE('',#1436,#1443,#214,.T.);
#1846=EDGE_CURVE('',#1431,#1482,#215,.T.);
#1847=EDGE_CURVE('',#1480,#1435,#216,.T.);
#1848=EDGE_CURVE('',#1434,#1481,#217,.T.);
#1849=EDGE_CURVE('',#1483,#1484,#218,.T.);
#1850=EDGE_CURVE('',#1485,#1484,#219,.T.);
#1851=EDGE_CURVE('',#1435,#1485,#220,.T.);
#1852=EDGE_CURVE('',#1426,#1486,#221,.T.);
#1853=EDGE_CURVE('',#1486,#1483,#222,.T.);
#1854=EDGE_CURVE('',#1487,#1486,#1300,.T.);
#1855=EDGE_CURVE('',#1425,#1487,#223,.T.);
#1856=EDGE_CURVE('',#1488,#1485,#224,.T.);
#1857=EDGE_CURVE('',#1436,#1488,#225,.T.);
#1858=EDGE_CURVE('',#1489,#1490,#226,.T.);
#1859=EDGE_CURVE('',#1491,#1490,#227,.T.);
#1860=EDGE_CURVE('',#1437,#1491,#228,.T.);
#1861=EDGE_CURVE('',#1424,#1492,#229,.T.);
#1862=EDGE_CURVE('',#1492,#1489,#230,.T.);
#1863=EDGE_CURVE('',#1493,#1492,#1301,.T.);
#1864=EDGE_CURVE('',#1423,#1493,#231,.T.);
#1865=EDGE_CURVE('',#1494,#1491,#232,.T.);
#1866=EDGE_CURVE('',#1431,#1494,#233,.T.);
#1867=EDGE_CURVE('',#1495,#1460,#1302,.T.);
#1868=EDGE_CURVE('',#1427,#1495,#234,.T.);
#1869=EDGE_CURVE('',#1456,#1496,#235,.T.);
#1870=EDGE_CURVE('',#1496,#1495,#236,.T.);
#1871=EDGE_CURVE('',#1497,#1470,#1303,.T.);
#1872=EDGE_CURVE('',#1429,#1497,#237,.T.);
#1873=EDGE_CURVE('',#1462,#1498,#238,.T.);
#1874=EDGE_CURVE('',#1498,#1497,#239,.T.);
#1875=EDGE_CURVE('',#1499,#1500,#240,.T.);
#1876=EDGE_CURVE('',#1500,#1487,#241,.T.);
#1877=EDGE_CURVE('',#1499,#1488,#242,.T.);
#1878=EDGE_CURVE('',#1484,#1499,#243,.T.);
#1879=EDGE_CURVE('',#1501,#1502,#244,.T.);
#1880=EDGE_CURVE('',#1502,#1493,#245,.T.);
#1881=EDGE_CURVE('',#1501,#1494,#246,.T.);
#1882=EDGE_CURVE('',#1490,#1501,#247,.T.);
#1883=EDGE_CURVE('',#1502,#1465,#1304,.T.);
#1884=EDGE_CURVE('',#1498,#1459,#1305,.T.);
#1885=EDGE_CURVE('',#1496,#1483,#1306,.T.);
#1886=EDGE_CURVE('',#1500,#1489,#1307,.T.);
#1887=EDGE_CURVE('',#1503,#1503,#1308,.T.);
#1888=EDGE_CURVE('',#1504,#1504,#1309,.T.);
#1889=EDGE_CURVE('',#1505,#1505,#1310,.T.);
#1890=EDGE_CURVE('',#1506,#1506,#1311,.T.);
#1891=EDGE_CURVE('',#1507,#1507,#1312,.T.);
#1892=EDGE_CURVE('',#1508,#1508,#1313,.T.);
#1893=EDGE_CURVE('',#1509,#1509,#1314,.T.);
#1894=EDGE_CURVE('',#1510,#1510,#1315,.T.);
#1895=EDGE_CURVE('',#1511,#1511,#1316,.T.);
#1896=EDGE_CURVE('',#1512,#1512,#1317,.T.);
#1897=EDGE_CURVE('',#1513,#1514,#672,.T.);
#1898=EDGE_CURVE('',#1514,#1513,#673,.T.);
#1899=EDGE_CURVE('',#1515,#1516,#674,.T.);
#1900=EDGE_CURVE('',#1516,#1515,#675,.T.);
#1901=EDGE_CURVE('',#1517,#1518,#676,.T.);
#1902=EDGE_CURVE('',#1518,#1517,#677,.T.);
#1903=EDGE_CURVE('',#1519,#1520,#678,.T.);
#1904=EDGE_CURVE('',#1520,#1519,#679,.T.);
#1905=EDGE_CURVE('',#1521,#1521,#1318,.T.);
#1906=EDGE_CURVE('',#1522,#1522,#1319,.T.);
#1907=EDGE_CURVE('',#1523,#1524,#248,.T.);
#1908=EDGE_CURVE('',#1523,#1525,#249,.T.);
#1909=EDGE_CURVE('',#1525,#1526,#250,.T.);
#1910=EDGE_CURVE('',#1526,#1524,#251,.T.);
#1911=EDGE_CURVE('',#1527,#1528,#252,.T.);
#1912=EDGE_CURVE('',#1528,#1529,#253,.T.);
#1913=EDGE_CURVE('',#1530,#1529,#1320,.T.);
#1914=EDGE_CURVE('',#1530,#1527,#254,.T.);
#1915=EDGE_CURVE('',#1528,#1531,#255,.T.);
#1916=EDGE_CURVE('',#1529,#1531,#256,.T.);
#1917=EDGE_CURVE('',#1532,#1527,#257,.T.);
#1918=EDGE_CURVE('',#1532,#1530,#258,.T.);
#1919=EDGE_CURVE('',#1533,#1534,#259,.T.);
#1920=EDGE_CURVE('',#1535,#1534,#260,.T.);
#1921=EDGE_CURVE('',#1536,#1535,#261,.T.);
#1922=EDGE_CURVE('',#1533,#1536,#262,.T.);
#1923=EDGE_CURVE('',#1537,#1538,#263,.T.);
#1924=EDGE_CURVE('',#1539,#1538,#264,.T.);
#1925=EDGE_CURVE('',#1540,#1539,#1321,.T.);
#1926=EDGE_CURVE('',#1537,#1540,#265,.T.);
#1927=EDGE_CURVE('',#1526,#1541,#266,.T.);
#1928=EDGE_CURVE('',#1542,#1541,#267,.T.);
#1929=EDGE_CURVE('',#1542,#1524,#268,.T.);
#1930=EDGE_CURVE('',#1543,#1544,#269,.T.);
#1931=EDGE_CURVE('',#1545,#1544,#270,.T.);
#1932=EDGE_CURVE('',#1543,#1545,#271,.T.);
#1933=EDGE_CURVE('',#1546,#1543,#272,.T.);
#1934=EDGE_CURVE('',#1547,#1545,#1322,.T.);
#1935=EDGE_CURVE('',#1547,#1546,#273,.T.);
#1936=EDGE_CURVE('',#1548,#1525,#274,.T.);
#1937=EDGE_CURVE('',#1523,#1549,#275,.T.);
#1938=EDGE_CURVE('',#1548,#1549,#276,.T.);
#1939=EDGE_CURVE('',#1550,#1546,#277,.T.);
#1940=EDGE_CURVE('',#1550,#1547,#278,.T.);
#1941=EDGE_CURVE('',#1551,#1542,#279,.T.);
#1942=EDGE_CURVE('',#1552,#1551,#280,.T.);
#1943=EDGE_CURVE('',#1549,#1552,#281,.T.);
#1944=EDGE_CURVE('',#1553,#1554,#282,.T.);
#1945=EDGE_CURVE('',#1544,#1554,#283,.T.);
#1946=EDGE_CURVE('',#1553,#1550,#284,.T.);
#1947=EDGE_CURVE('',#1555,#1556,#285,.T.);
#1948=EDGE_CURVE('',#1554,#1556,#1323,.T.);
#1949=EDGE_CURVE('',#1555,#1553,#1324,.T.);
#1950=EDGE_CURVE('',#1556,#1532,#286,.T.);
#1951=EDGE_CURVE('',#1531,#1555,#287,.T.);
#1952=EDGE_CURVE('',#1557,#1558,#288,.T.);
#1953=EDGE_CURVE('',#1541,#1558,#289,.T.);
#1954=EDGE_CURVE('',#1557,#1548,#290,.T.);
#1955=EDGE_CURVE('',#1558,#1551,#1325,.T.);
#1956=EDGE_CURVE('',#1552,#1557,#1326,.T.);
#1957=EDGE_CURVE('',#1531,#1548,#291,.T.);
#1958=EDGE_CURVE('',#1549,#1550,#292,.T.);
#1959=EDGE_CURVE('',#1541,#1532,#293,.T.);
#1960=EDGE_CURVE('',#1544,#1542,#294,.T.);
#1961=EDGE_CURVE('',#1559,#1560,#295,.T.);
#1962=EDGE_CURVE('',#1561,#1560,#296,.T.);
#1963=EDGE_CURVE('',#1561,#1559,#297,.T.);
#1964=EDGE_CURVE('',#1562,#1535,#298,.T.);
#1965=EDGE_CURVE('',#1534,#1563,#299,.T.);
#1966=EDGE_CURVE('',#1562,#1563,#300,.T.);
#1967=EDGE_CURVE('',#1564,#1537,#301,.T.);
#1968=EDGE_CURVE('',#1564,#1540,#302,.T.);
#1969=EDGE_CURVE('',#1565,#1566,#303,.T.);
#1970=EDGE_CURVE('',#1566,#1567,#304,.T.);
#1971=EDGE_CURVE('',#1565,#1567,#305,.T.);
#1972=EDGE_CURVE('',#1536,#1568,#306,.T.);
#1973=EDGE_CURVE('',#1569,#1568,#307,.T.);
#1974=EDGE_CURVE('',#1569,#1533,#308,.T.);
#1975=EDGE_CURVE('',#1538,#1570,#309,.T.);
#1976=EDGE_CURVE('',#1539,#1570,#310,.T.);
#1977=EDGE_CURVE('',#1566,#1559,#311,.T.);
#1978=EDGE_CURVE('',#1567,#1561,#1327,.T.);
#1979=EDGE_CURVE('',#1560,#1562,#312,.T.);
#1980=EDGE_CURVE('',#1571,#1560,#313,.T.);
#1981=EDGE_CURVE('',#1572,#1571,#1328,.T.);
#1982=EDGE_CURVE('',#1564,#1572,#314,.T.);
#1983=EDGE_CURVE('',#1563,#1564,#315,.T.);
#1984=EDGE_CURVE('',#1573,#1563,#316,.T.);
#1985=EDGE_CURVE('',#1574,#1573,#1329,.T.);
#1986=EDGE_CURVE('',#1562,#1574,#317,.T.);
#1987=EDGE_CURVE('',#1569,#1575,#318,.T.);
#1988=EDGE_CURVE('',#1575,#1573,#319,.T.);
#1989=EDGE_CURVE('',#1576,#1572,#320,.T.);
#1990=EDGE_CURVE('',#1576,#1570,#321,.T.);
#1991=EDGE_CURVE('',#1577,#1571,#322,.T.);
#1992=EDGE_CURVE('',#1577,#1576,#1330,.T.);
#1993=EDGE_CURVE('',#1565,#1577,#323,.T.);
#1994=EDGE_CURVE('',#1578,#1574,#324,.T.);
#1995=EDGE_CURVE('',#1578,#1568,#325,.T.);
#1996=EDGE_CURVE('',#1575,#1578,#1331,.T.);
#1997=EDGE_CURVE('',#1568,#1565,#326,.T.);
#1998=EDGE_CURVE('',#1570,#1569,#327,.T.);
#1999=EDGE_CURVE('',#1579,#1580,#1332,.T.);
#2000=EDGE_CURVE('',#1579,#1581,#328,.T.);
#2001=EDGE_CURVE('',#1582,#1581,#329,.T.);
#2002=EDGE_CURVE('',#1582,#1580,#330,.T.);
#2003=EDGE_CURVE('',#1583,#1584,#331,.T.);
#2004=EDGE_CURVE('',#1583,#1582,#332,.T.);
#2005=EDGE_CURVE('',#1581,#1584,#333,.T.);
#2006=EDGE_CURVE('',#1585,#1586,#334,.T.);
#2007=EDGE_CURVE('',#1586,#1583,#335,.T.);
#2008=EDGE_CURVE('',#1584,#1585,#336,.T.);
#2009=EDGE_CURVE('',#1586,#1587,#337,.T.);
#2010=EDGE_CURVE('',#1580,#1587,#338,.T.);
#2011=EDGE_CURVE('',#1588,#1585,#339,.T.);
#2012=EDGE_CURVE('',#1588,#1579,#340,.T.);
#2013=EDGE_CURVE('',#1589,#1590,#341,.T.);
#2014=EDGE_CURVE('',#1589,#1590,#1333,.T.);
#2015=EDGE_CURVE('',#1591,#1592,#342,.T.);
#2016=EDGE_CURVE('',#1590,#1592,#343,.T.);
#2017=EDGE_CURVE('',#1591,#1589,#344,.T.);
#2018=EDGE_CURVE('',#1593,#1594,#345,.T.);
#2019=EDGE_CURVE('',#1592,#1594,#346,.T.);
#2020=EDGE_CURVE('',#1593,#1591,#347,.T.);
#2021=EDGE_CURVE('',#1594,#1588,#348,.T.);
#2022=EDGE_CURVE('',#1587,#1593,#349,.T.);
#2023=EDGE_CURVE('',#1587,#1589,#350,.T.);
#2024=EDGE_CURVE('',#1590,#1588,#351,.T.);
#2025=EDGE_CURVE('',#1595,#1596,#680,.T.);
#2026=EDGE_CURVE('',#1595,#1596,#1334,.T.);
#2027=EDGE_CURVE('',#1597,#1598,#1335,.T.);
#2028=EDGE_CURVE('',#1598,#1599,#352,.T.);
#2029=EDGE_CURVE('',#1599,#1600,#353,.T.);
#2030=EDGE_CURVE('',#1600,#1601,#1336,.T.);
#2031=EDGE_CURVE('',#1601,#1602,#354,.T.);
#2032=EDGE_CURVE('',#1602,#1597,#355,.T.);
#2033=EDGE_CURVE('',#1603,#1600,#356,.T.);
#2034=EDGE_CURVE('',#1603,#1604,#357,.T.);
#2035=EDGE_CURVE('',#1601,#1604,#358,.T.);
#2036=EDGE_CURVE('',#1605,#1606,#359,.T.);
#2037=EDGE_CURVE('',#1604,#1606,#360,.T.);
#2038=EDGE_CURVE('',#1605,#1603,#361,.T.);
#2039=EDGE_CURVE('',#1607,#1602,#362,.T.);
#2040=EDGE_CURVE('',#1606,#1607,#363,.T.);
#2041=EDGE_CURVE('',#1608,#1607,#364,.T.);
#2042=EDGE_CURVE('',#1608,#1605,#365,.T.);
#2043=EDGE_CURVE('',#1597,#1598,#366,.T.);
#2044=EDGE_CURVE('',#1599,#1608,#367,.T.);
#2045=EDGE_CURVE('',#1609,#1602,#368,.T.);
#2046=EDGE_CURVE('',#1610,#1609,#369,.T.);
#2047=EDGE_CURVE('',#1597,#1610,#370,.T.);
#2048=EDGE_CURVE('',#1611,#1610,#371,.T.);
#2049=EDGE_CURVE('',#1611,#1598,#372,.T.);
#2050=EDGE_CURVE('',#1612,#1609,#373,.T.);
#2051=EDGE_CURVE('',#1612,#1611,#374,.T.);
#2052=EDGE_CURVE('',#1599,#1612,#375,.T.);
#2053=EDGE_CURVE('',#1596,#1595,#681,.T.);
#2054=EDGE_CURVE('',#1613,#1613,#1337,.T.);
#2055=EDGE_CURVE('',#1614,#1614,#1338,.T.);
#2056=ORIENTED_EDGE('',*,*,#1615,.T.);
#2057=ORIENTED_EDGE('',*,*,#1616,.T.);
#2058=ORIENTED_EDGE('',*,*,#1615,.F.);
#2059=ORIENTED_EDGE('',*,*,#1616,.F.);
#2060=ORIENTED_EDGE('',*,*,#1617,.T.);
#2061=ORIENTED_EDGE('',*,*,#1618,.T.);
#2062=ORIENTED_EDGE('',*,*,#1617,.F.);
#2063=ORIENTED_EDGE('',*,*,#1619,.T.);
#2064=ORIENTED_EDGE('',*,*,#1620,.T.);
#2065=ORIENTED_EDGE('',*,*,#1621,.T.);
#2066=ORIENTED_EDGE('',*,*,#1622,.T.);
#2067=ORIENTED_EDGE('',*,*,#1623,.T.);
#2068=ORIENTED_EDGE('',*,*,#1624,.T.);
#2069=ORIENTED_EDGE('',*,*,#1625,.T.);
#2070=ORIENTED_EDGE('',*,*,#1626,.T.);
#2071=ORIENTED_EDGE('',*,*,#1627,.T.);
#2072=ORIENTED_EDGE('',*,*,#1628,.T.);
#2073=ORIENTED_EDGE('',*,*,#1629,.T.);
#2074=ORIENTED_EDGE('',*,*,#1626,.F.);
#2075=ORIENTED_EDGE('',*,*,#1630,.T.);
#2076=ORIENTED_EDGE('',*,*,#1631,.F.);
#2077=ORIENTED_EDGE('',*,*,#1632,.T.);
#2078=ORIENTED_EDGE('',*,*,#1628,.F.);
#2079=ORIENTED_EDGE('',*,*,#1633,.T.);
#2080=ORIENTED_EDGE('',*,*,#1624,.F.);
#2081=ORIENTED_EDGE('',*,*,#1634,.T.);
#2082=ORIENTED_EDGE('',*,*,#1622,.F.);
#2083=ORIENTED_EDGE('',*,*,#1635,.T.);
#2084=ORIENTED_EDGE('',*,*,#1629,.F.);
#2085=ORIENTED_EDGE('',*,*,#1636,.F.);
#2086=ORIENTED_EDGE('',*,*,#1637,.F.);
#2087=ORIENTED_EDGE('',*,*,#1638,.F.);
#2088=ORIENTED_EDGE('',*,*,#1632,.F.);
#2089=ORIENTED_EDGE('',*,*,#1639,.T.);
#2090=ORIENTED_EDGE('',*,*,#1640,.F.);
#2091=ORIENTED_EDGE('',*,*,#1636,.T.);
#2092=ORIENTED_EDGE('',*,*,#1633,.F.);
#2093=ORIENTED_EDGE('',*,*,#1630,.F.);
#2094=ORIENTED_EDGE('',*,*,#1625,.F.);
#2095=ORIENTED_EDGE('',*,*,#1635,.F.);
#2096=ORIENTED_EDGE('',*,*,#1621,.F.);
#2097=ORIENTED_EDGE('',*,*,#1641,.T.);
#2098=ORIENTED_EDGE('',*,*,#1642,.F.);
#2099=ORIENTED_EDGE('',*,*,#1643,.F.);
#2100=ORIENTED_EDGE('',*,*,#1644,.F.);
#2101=ORIENTED_EDGE('',*,*,#1645,.F.);
#2102=ORIENTED_EDGE('',*,*,#1646,.F.);
#2103=ORIENTED_EDGE('',*,*,#1647,.T.);
#2104=ORIENTED_EDGE('',*,*,#1648,.F.);
#2105=ORIENTED_EDGE('',*,*,#1649,.F.);
#2106=ORIENTED_EDGE('',*,*,#1650,.F.);
#2107=ORIENTED_EDGE('',*,*,#1651,.F.);
#2108=ORIENTED_EDGE('',*,*,#1652,.F.);
#2109=ORIENTED_EDGE('',*,*,#1653,.T.);
#2110=ORIENTED_EDGE('',*,*,#1654,.F.);
#2111=ORIENTED_EDGE('',*,*,#1655,.F.);
#2112=ORIENTED_EDGE('',*,*,#1656,.F.);
#2113=ORIENTED_EDGE('',*,*,#1657,.F.);
#2114=ORIENTED_EDGE('',*,*,#1658,.F.);
#2115=ORIENTED_EDGE('',*,*,#1659,.T.);
#2116=ORIENTED_EDGE('',*,*,#1660,.F.);
#2117=ORIENTED_EDGE('',*,*,#1661,.F.);
#2118=ORIENTED_EDGE('',*,*,#1662,.F.);
#2119=ORIENTED_EDGE('',*,*,#1640,.T.);
#2120=ORIENTED_EDGE('',*,*,#1663,.T.);
#2121=ORIENTED_EDGE('',*,*,#1661,.T.);
#2122=ORIENTED_EDGE('',*,*,#1637,.T.);
#2123=ORIENTED_EDGE('',*,*,#1623,.F.);
#2124=ORIENTED_EDGE('',*,*,#1664,.T.);
#2125=ORIENTED_EDGE('',*,*,#1665,.T.);
#2126=ORIENTED_EDGE('',*,*,#1666,.T.);
#2127=ORIENTED_EDGE('',*,*,#1662,.T.);
#2128=ORIENTED_EDGE('',*,*,#1667,.T.);
#2129=ORIENTED_EDGE('',*,*,#1665,.F.);
#2130=ORIENTED_EDGE('',*,*,#1668,.T.);
#2131=ORIENTED_EDGE('',*,*,#1627,.F.);
#2132=ORIENTED_EDGE('',*,*,#1638,.T.);
#2133=ORIENTED_EDGE('',*,*,#1660,.T.);
#2134=ORIENTED_EDGE('',*,*,#1669,.T.);
#2135=ORIENTED_EDGE('',*,*,#1670,.T.);
#2136=ORIENTED_EDGE('',*,*,#1620,.F.);
#2137=ORIENTED_EDGE('',*,*,#1666,.F.);
#2138=ORIENTED_EDGE('',*,*,#1671,.T.);
#2139=ORIENTED_EDGE('',*,*,#1639,.F.);
#2140=ORIENTED_EDGE('',*,*,#1631,.T.);
#2141=ORIENTED_EDGE('',*,*,#1672,.T.);
#2142=ORIENTED_EDGE('',*,*,#1658,.T.);
#2143=ORIENTED_EDGE('',*,*,#1673,.T.);
#2144=ORIENTED_EDGE('',*,*,#1674,.T.);
#2145=ORIENTED_EDGE('',*,*,#1675,.T.);
#2146=ORIENTED_EDGE('',*,*,#1656,.T.);
#2147=ORIENTED_EDGE('',*,*,#1676,.T.);
#2148=ORIENTED_EDGE('',*,*,#1677,.T.);
#2149=ORIENTED_EDGE('',*,*,#1678,.T.);
#2150=ORIENTED_EDGE('',*,*,#1679,.T.);
#2151=ORIENTED_EDGE('',*,*,#1676,.F.);
#2152=ORIENTED_EDGE('',*,*,#1655,.T.);
#2153=ORIENTED_EDGE('',*,*,#1680,.F.);
#2154=ORIENTED_EDGE('',*,*,#1681,.T.);
#2155=ORIENTED_EDGE('',*,*,#1678,.F.);
#2156=ORIENTED_EDGE('',*,*,#1654,.T.);
#2157=ORIENTED_EDGE('',*,*,#1675,.F.);
#2158=ORIENTED_EDGE('',*,*,#1682,.T.);
#2159=ORIENTED_EDGE('',*,*,#1673,.F.);
#2160=ORIENTED_EDGE('',*,*,#1657,.T.);
#2161=ORIENTED_EDGE('',*,*,#1679,.F.);
#2162=ORIENTED_EDGE('',*,*,#1683,.F.);
#2163=ORIENTED_EDGE('',*,*,#1684,.F.);
#2164=ORIENTED_EDGE('',*,*,#1685,.F.);
#2165=ORIENTED_EDGE('',*,*,#1681,.F.);
#2166=ORIENTED_EDGE('',*,*,#1686,.T.);
#2167=ORIENTED_EDGE('',*,*,#1687,.F.);
#2168=ORIENTED_EDGE('',*,*,#1683,.T.);
#2169=ORIENTED_EDGE('',*,*,#1688,.F.);
#2170=ORIENTED_EDGE('',*,*,#1689,.F.);
#2171=ORIENTED_EDGE('',*,*,#1690,.F.);
#2172=ORIENTED_EDGE('',*,*,#1687,.T.);
#2173=ORIENTED_EDGE('',*,*,#1691,.T.);
#2174=ORIENTED_EDGE('',*,*,#1689,.T.);
#2175=ORIENTED_EDGE('',*,*,#1684,.T.);
#2176=ORIENTED_EDGE('',*,*,#1674,.F.);
#2177=ORIENTED_EDGE('',*,*,#1692,.T.);
#2178=ORIENTED_EDGE('',*,*,#1693,.T.);
#2179=ORIENTED_EDGE('',*,*,#1694,.T.);
#2180=ORIENTED_EDGE('',*,*,#1690,.T.);
#2181=ORIENTED_EDGE('',*,*,#1695,.T.);
#2182=ORIENTED_EDGE('',*,*,#1693,.F.);
#2183=ORIENTED_EDGE('',*,*,#1696,.T.);
#2184=ORIENTED_EDGE('',*,*,#1677,.F.);
#2185=ORIENTED_EDGE('',*,*,#1685,.T.);
#2186=ORIENTED_EDGE('',*,*,#1688,.T.);
#2187=ORIENTED_EDGE('',*,*,#1697,.T.);
#2188=ORIENTED_EDGE('',*,*,#1698,.F.);
#2189=ORIENTED_EDGE('',*,*,#1672,.F.);
#2190=ORIENTED_EDGE('',*,*,#1694,.F.);
#2191=ORIENTED_EDGE('',*,*,#1699,.T.);
#2192=ORIENTED_EDGE('',*,*,#1686,.F.);
#2193=ORIENTED_EDGE('',*,*,#1680,.T.);
#2194=ORIENTED_EDGE('',*,*,#1700,.T.);
#2195=ORIENTED_EDGE('',*,*,#1652,.T.);
#2196=ORIENTED_EDGE('',*,*,#1701,.T.);
#2197=ORIENTED_EDGE('',*,*,#1702,.T.);
#2198=ORIENTED_EDGE('',*,*,#1703,.T.);
#2199=ORIENTED_EDGE('',*,*,#1704,.T.);
#2200=ORIENTED_EDGE('',*,*,#1701,.F.);
#2201=ORIENTED_EDGE('',*,*,#1651,.T.);
#2202=ORIENTED_EDGE('',*,*,#1705,.T.);
#2203=ORIENTED_EDGE('',*,*,#1706,.T.);
#2204=ORIENTED_EDGE('',*,*,#1703,.F.);
#2205=ORIENTED_EDGE('',*,*,#1650,.T.);
#2206=ORIENTED_EDGE('',*,*,#1707,.T.);
#2207=ORIENTED_EDGE('',*,*,#1708,.T.);
#2208=ORIENTED_EDGE('',*,*,#1705,.F.);
#2209=ORIENTED_EDGE('',*,*,#1649,.T.);
#2210=ORIENTED_EDGE('',*,*,#1709,.F.);
#2211=ORIENTED_EDGE('',*,*,#1710,.T.);
#2212=ORIENTED_EDGE('',*,*,#1707,.F.);
#2213=ORIENTED_EDGE('',*,*,#1648,.T.);
#2214=ORIENTED_EDGE('',*,*,#1711,.F.);
#2215=ORIENTED_EDGE('',*,*,#1712,.F.);
#2216=ORIENTED_EDGE('',*,*,#1713,.F.);
#2217=ORIENTED_EDGE('',*,*,#1714,.T.);
#2218=ORIENTED_EDGE('',*,*,#1715,.T.);
#2219=ORIENTED_EDGE('',*,*,#1712,.T.);
#2220=ORIENTED_EDGE('',*,*,#1716,.T.);
#2221=ORIENTED_EDGE('',*,*,#1710,.F.);
#2222=ORIENTED_EDGE('',*,*,#1717,.T.);
#2223=ORIENTED_EDGE('',*,*,#1714,.F.);
#2224=ORIENTED_EDGE('',*,*,#1718,.T.);
#2225=ORIENTED_EDGE('',*,*,#1702,.F.);
#2226=ORIENTED_EDGE('',*,*,#1719,.T.);
#2227=ORIENTED_EDGE('',*,*,#1720,.T.);
#2228=ORIENTED_EDGE('',*,*,#1721,.T.);
#2229=ORIENTED_EDGE('',*,*,#1713,.T.);
#2230=ORIENTED_EDGE('',*,*,#1722,.T.);
#2231=ORIENTED_EDGE('',*,*,#1720,.F.);
#2232=ORIENTED_EDGE('',*,*,#1723,.T.);
#2233=ORIENTED_EDGE('',*,*,#1706,.F.);
#2234=ORIENTED_EDGE('',*,*,#1724,.T.);
#2235=ORIENTED_EDGE('',*,*,#1711,.T.);
#2236=ORIENTED_EDGE('',*,*,#1725,.T.);
#2237=ORIENTED_EDGE('',*,*,#1726,.F.);
#2238=ORIENTED_EDGE('',*,*,#1700,.F.);
#2239=ORIENTED_EDGE('',*,*,#1721,.F.);
#2240=ORIENTED_EDGE('',*,*,#1727,.T.);
#2241=ORIENTED_EDGE('',*,*,#1717,.F.);
#2242=ORIENTED_EDGE('',*,*,#1709,.T.);
#2243=ORIENTED_EDGE('',*,*,#1708,.F.);
#2244=ORIENTED_EDGE('',*,*,#1718,.F.);
#2245=ORIENTED_EDGE('',*,*,#1716,.F.);
#2246=ORIENTED_EDGE('',*,*,#1724,.F.);
#2247=ORIENTED_EDGE('',*,*,#1728,.T.);
#2248=ORIENTED_EDGE('',*,*,#1646,.T.);
#2249=ORIENTED_EDGE('',*,*,#1729,.T.);
#2250=ORIENTED_EDGE('',*,*,#1730,.T.);
#2251=ORIENTED_EDGE('',*,*,#1731,.T.);
#2252=ORIENTED_EDGE('',*,*,#1644,.T.);
#2253=ORIENTED_EDGE('',*,*,#1732,.T.);
#2254=ORIENTED_EDGE('',*,*,#1733,.T.);
#2255=ORIENTED_EDGE('',*,*,#1734,.T.);
#2256=ORIENTED_EDGE('',*,*,#1735,.T.);
#2257=ORIENTED_EDGE('',*,*,#1732,.F.);
#2258=ORIENTED_EDGE('',*,*,#1643,.T.);
#2259=ORIENTED_EDGE('',*,*,#1736,.F.);
#2260=ORIENTED_EDGE('',*,*,#1737,.T.);
#2261=ORIENTED_EDGE('',*,*,#1734,.F.);
#2262=ORIENTED_EDGE('',*,*,#1642,.T.);
#2263=ORIENTED_EDGE('',*,*,#1731,.F.);
#2264=ORIENTED_EDGE('',*,*,#1738,.T.);
#2265=ORIENTED_EDGE('',*,*,#1729,.F.);
#2266=ORIENTED_EDGE('',*,*,#1645,.T.);
#2267=ORIENTED_EDGE('',*,*,#1735,.F.);
#2268=ORIENTED_EDGE('',*,*,#1739,.F.);
#2269=ORIENTED_EDGE('',*,*,#1740,.F.);
#2270=ORIENTED_EDGE('',*,*,#1741,.F.);
#2271=ORIENTED_EDGE('',*,*,#1737,.F.);
#2272=ORIENTED_EDGE('',*,*,#1742,.T.);
#2273=ORIENTED_EDGE('',*,*,#1743,.F.);
#2274=ORIENTED_EDGE('',*,*,#1739,.T.);
#2275=ORIENTED_EDGE('',*,*,#1744,.F.);
#2276=ORIENTED_EDGE('',*,*,#1745,.F.);
#2277=ORIENTED_EDGE('',*,*,#1746,.F.);
#2278=ORIENTED_EDGE('',*,*,#1743,.T.);
#2279=ORIENTED_EDGE('',*,*,#1747,.T.);
#2280=ORIENTED_EDGE('',*,*,#1745,.T.);
#2281=ORIENTED_EDGE('',*,*,#1740,.T.);
#2282=ORIENTED_EDGE('',*,*,#1730,.F.);
#2283=ORIENTED_EDGE('',*,*,#1748,.T.);
#2284=ORIENTED_EDGE('',*,*,#1749,.T.);
#2285=ORIENTED_EDGE('',*,*,#1750,.T.);
#2286=ORIENTED_EDGE('',*,*,#1746,.T.);
#2287=ORIENTED_EDGE('',*,*,#1751,.T.);
#2288=ORIENTED_EDGE('',*,*,#1749,.F.);
#2289=ORIENTED_EDGE('',*,*,#1752,.T.);
#2290=ORIENTED_EDGE('',*,*,#1733,.F.);
#2291=ORIENTED_EDGE('',*,*,#1741,.T.);
#2292=ORIENTED_EDGE('',*,*,#1744,.T.);
#2293=ORIENTED_EDGE('',*,*,#1753,.T.);
#2294=ORIENTED_EDGE('',*,*,#1754,.F.);
#2295=ORIENTED_EDGE('',*,*,#1728,.F.);
#2296=ORIENTED_EDGE('',*,*,#1750,.F.);
#2297=ORIENTED_EDGE('',*,*,#1755,.T.);
#2298=ORIENTED_EDGE('',*,*,#1742,.F.);
#2299=ORIENTED_EDGE('',*,*,#1736,.T.);
#2300=ORIENTED_EDGE('',*,*,#1663,.F.);
#2301=ORIENTED_EDGE('',*,*,#1671,.F.);
#2302=ORIENTED_EDGE('',*,*,#1667,.F.);
#2303=ORIENTED_EDGE('',*,*,#1634,.F.);
#2304=ORIENTED_EDGE('',*,*,#1669,.F.);
#2305=ORIENTED_EDGE('',*,*,#1668,.F.);
#2306=ORIENTED_EDGE('',*,*,#1664,.F.);
#2307=ORIENTED_EDGE('',*,*,#1747,.F.);
#2308=ORIENTED_EDGE('',*,*,#1755,.F.);
#2309=ORIENTED_EDGE('',*,*,#1751,.F.);
#2310=ORIENTED_EDGE('',*,*,#1738,.F.);
#2311=ORIENTED_EDGE('',*,*,#1753,.F.);
#2312=ORIENTED_EDGE('',*,*,#1752,.F.);
#2313=ORIENTED_EDGE('',*,*,#1748,.F.);
#2314=ORIENTED_EDGE('',*,*,#1715,.F.);
#2315=ORIENTED_EDGE('',*,*,#1727,.F.);
#2316=ORIENTED_EDGE('',*,*,#1722,.F.);
#2317=ORIENTED_EDGE('',*,*,#1704,.F.);
#2318=ORIENTED_EDGE('',*,*,#1725,.F.);
#2319=ORIENTED_EDGE('',*,*,#1723,.F.);
#2320=ORIENTED_EDGE('',*,*,#1719,.F.);
#2321=ORIENTED_EDGE('',*,*,#1691,.F.);
#2322=ORIENTED_EDGE('',*,*,#1699,.F.);
#2323=ORIENTED_EDGE('',*,*,#1695,.F.);
#2324=ORIENTED_EDGE('',*,*,#1682,.F.);
#2325=ORIENTED_EDGE('',*,*,#1697,.F.);
#2326=ORIENTED_EDGE('',*,*,#1696,.F.);
#2327=ORIENTED_EDGE('',*,*,#1692,.F.);
#2328=ORIENTED_EDGE('',*,*,#1756,.T.);
#2329=ORIENTED_EDGE('',*,*,#1757,.T.);
#2330=ORIENTED_EDGE('',*,*,#1756,.F.);
#2331=ORIENTED_EDGE('',*,*,#1758,.T.);
#2332=ORIENTED_EDGE('',*,*,#1759,.T.);
#2333=ORIENTED_EDGE('',*,*,#1760,.T.);
#2334=ORIENTED_EDGE('',*,*,#1761,.T.);
#2335=ORIENTED_EDGE('',*,*,#1762,.T.);
#2336=ORIENTED_EDGE('',*,*,#1763,.T.);
#2337=ORIENTED_EDGE('',*,*,#1764,.T.);
#2338=ORIENTED_EDGE('',*,*,#1765,.T.);
#2339=ORIENTED_EDGE('',*,*,#1766,.F.);
#2340=ORIENTED_EDGE('',*,*,#1767,.F.);
#2341=ORIENTED_EDGE('',*,*,#1768,.F.);
#2342=ORIENTED_EDGE('',*,*,#1769,.F.);
#2343=ORIENTED_EDGE('',*,*,#1770,.F.);
#2344=ORIENTED_EDGE('',*,*,#1771,.F.);
#2345=ORIENTED_EDGE('',*,*,#1772,.F.);
#2346=ORIENTED_EDGE('',*,*,#1773,.F.);
#2347=ORIENTED_EDGE('',*,*,#1774,.T.);
#2348=ORIENTED_EDGE('',*,*,#1775,.T.);
#2349=ORIENTED_EDGE('',*,*,#1776,.F.);
#2350=ORIENTED_EDGE('',*,*,#1777,.T.);
#2351=ORIENTED_EDGE('',*,*,#1768,.T.);
#2352=ORIENTED_EDGE('',*,*,#1778,.T.);
#2353=ORIENTED_EDGE('',*,*,#1779,.T.);
#2354=ORIENTED_EDGE('',*,*,#1780,.T.);
#2355=ORIENTED_EDGE('',*,*,#1781,.F.);
#2356=ORIENTED_EDGE('',*,*,#1782,.T.);
#2357=ORIENTED_EDGE('',*,*,#1783,.F.);
#2358=ORIENTED_EDGE('',*,*,#1784,.T.);
#2359=ORIENTED_EDGE('',*,*,#1776,.T.);
#2360=ORIENTED_EDGE('',*,*,#1785,.T.);
#2361=ORIENTED_EDGE('',*,*,#1781,.T.);
#2362=ORIENTED_EDGE('',*,*,#1786,.T.);
#2363=ORIENTED_EDGE('',*,*,#1787,.F.);
#2364=ORIENTED_EDGE('',*,*,#1788,.T.);
#2365=ORIENTED_EDGE('',*,*,#1789,.F.);
#2366=ORIENTED_EDGE('',*,*,#1790,.T.);
#2367=ORIENTED_EDGE('',*,*,#1783,.T.);
#2368=ORIENTED_EDGE('',*,*,#1791,.T.);
#2369=ORIENTED_EDGE('',*,*,#1787,.T.);
#2370=ORIENTED_EDGE('',*,*,#1792,.T.);
#2371=ORIENTED_EDGE('',*,*,#1793,.F.);
#2372=ORIENTED_EDGE('',*,*,#1794,.T.);
#2373=ORIENTED_EDGE('',*,*,#1795,.F.);
#2374=ORIENTED_EDGE('',*,*,#1796,.T.);
#2375=ORIENTED_EDGE('',*,*,#1789,.T.);
#2376=ORIENTED_EDGE('',*,*,#1797,.T.);
#2377=ORIENTED_EDGE('',*,*,#1793,.T.);
#2378=ORIENTED_EDGE('',*,*,#1798,.T.);
#2379=ORIENTED_EDGE('',*,*,#1760,.F.);
#2380=ORIENTED_EDGE('',*,*,#1799,.T.);
#2381=ORIENTED_EDGE('',*,*,#1764,.F.);
#2382=ORIENTED_EDGE('',*,*,#1800,.T.);
#2383=ORIENTED_EDGE('',*,*,#1795,.T.);
#2384=ORIENTED_EDGE('',*,*,#1801,.T.);
#2385=ORIENTED_EDGE('',*,*,#1802,.F.);
#2386=ORIENTED_EDGE('',*,*,#1803,.F.);
#2387=ORIENTED_EDGE('',*,*,#1804,.F.);
#2388=ORIENTED_EDGE('',*,*,#1769,.T.);
#2389=ORIENTED_EDGE('',*,*,#1805,.T.);
#2390=ORIENTED_EDGE('',*,*,#1803,.T.);
#2391=ORIENTED_EDGE('',*,*,#1806,.F.);
#2392=ORIENTED_EDGE('',*,*,#1807,.T.);
#2393=ORIENTED_EDGE('',*,*,#1804,.T.);
#2394=ORIENTED_EDGE('',*,*,#1805,.F.);
#2395=ORIENTED_EDGE('',*,*,#1777,.F.);
#2396=ORIENTED_EDGE('',*,*,#1784,.F.);
#2397=ORIENTED_EDGE('',*,*,#1790,.F.);
#2398=ORIENTED_EDGE('',*,*,#1796,.F.);
#2399=ORIENTED_EDGE('',*,*,#1800,.F.);
#2400=ORIENTED_EDGE('',*,*,#1808,.T.);
#2401=ORIENTED_EDGE('',*,*,#1809,.T.);
#2402=ORIENTED_EDGE('',*,*,#1810,.T.);
#2403=ORIENTED_EDGE('',*,*,#1811,.F.);
#2404=ORIENTED_EDGE('',*,*,#1812,.F.);
#2405=ORIENTED_EDGE('',*,*,#1813,.F.);
#2406=ORIENTED_EDGE('',*,*,#1767,.T.);
#2407=ORIENTED_EDGE('',*,*,#1814,.T.);
#2408=ORIENTED_EDGE('',*,*,#1812,.T.);
#2409=ORIENTED_EDGE('',*,*,#1815,.F.);
#2410=ORIENTED_EDGE('',*,*,#1816,.T.);
#2411=ORIENTED_EDGE('',*,*,#1813,.T.);
#2412=ORIENTED_EDGE('',*,*,#1814,.F.);
#2413=ORIENTED_EDGE('',*,*,#1817,.F.);
#2414=ORIENTED_EDGE('',*,*,#1818,.F.);
#2415=ORIENTED_EDGE('',*,*,#1819,.F.);
#2416=ORIENTED_EDGE('',*,*,#1820,.F.);
#2417=ORIENTED_EDGE('',*,*,#1821,.F.);
#2418=ORIENTED_EDGE('',*,*,#1822,.T.);
#2419=ORIENTED_EDGE('',*,*,#1823,.T.);
#2420=ORIENTED_EDGE('',*,*,#1824,.T.);
#2421=ORIENTED_EDGE('',*,*,#1758,.F.);
#2422=ORIENTED_EDGE('',*,*,#1821,.T.);
#2423=ORIENTED_EDGE('',*,*,#1825,.T.);
#2424=ORIENTED_EDGE('',*,*,#1826,.T.);
#2425=ORIENTED_EDGE('',*,*,#1827,.T.);
#2426=ORIENTED_EDGE('',*,*,#1828,.T.);
#2427=ORIENTED_EDGE('',*,*,#1762,.F.);
#2428=ORIENTED_EDGE('',*,*,#1829,.T.);
#2429=ORIENTED_EDGE('',*,*,#1830,.T.);
#2430=ORIENTED_EDGE('',*,*,#1831,.T.);
#2431=ORIENTED_EDGE('',*,*,#1827,.F.);
#2432=ORIENTED_EDGE('',*,*,#1832,.T.);
#2433=ORIENTED_EDGE('',*,*,#1825,.F.);
#2434=ORIENTED_EDGE('',*,*,#1820,.T.);
#2435=ORIENTED_EDGE('',*,*,#1833,.T.);
#2436=ORIENTED_EDGE('',*,*,#1834,.T.);
#2437=ORIENTED_EDGE('',*,*,#1835,.T.);
#2438=ORIENTED_EDGE('',*,*,#1836,.T.);
#2439=ORIENTED_EDGE('',*,*,#1830,.F.);
#2440=ORIENTED_EDGE('',*,*,#1837,.T.);
#2441=ORIENTED_EDGE('',*,*,#1833,.F.);
#2442=ORIENTED_EDGE('',*,*,#1819,.T.);
#2443=ORIENTED_EDGE('',*,*,#1838,.T.);
#2444=ORIENTED_EDGE('',*,*,#1839,.T.);
#2445=ORIENTED_EDGE('',*,*,#1840,.T.);
#2446=ORIENTED_EDGE('',*,*,#1841,.T.);
#2447=ORIENTED_EDGE('',*,*,#1835,.F.);
#2448=ORIENTED_EDGE('',*,*,#1842,.T.);
#2449=ORIENTED_EDGE('',*,*,#1838,.F.);
#2450=ORIENTED_EDGE('',*,*,#1818,.T.);
#2451=ORIENTED_EDGE('',*,*,#1843,.T.);
#2452=ORIENTED_EDGE('',*,*,#1844,.T.);
#2453=ORIENTED_EDGE('',*,*,#1772,.T.);
#2454=ORIENTED_EDGE('',*,*,#1845,.T.);
#2455=ORIENTED_EDGE('',*,*,#1779,.F.);
#2456=ORIENTED_EDGE('',*,*,#1846,.T.);
#2457=ORIENTED_EDGE('',*,*,#1843,.F.);
#2458=ORIENTED_EDGE('',*,*,#1817,.T.);
#2459=ORIENTED_EDGE('',*,*,#1766,.T.);
#2460=ORIENTED_EDGE('',*,*,#1847,.T.);
#2461=ORIENTED_EDGE('',*,*,#1770,.T.);
#2462=ORIENTED_EDGE('',*,*,#1848,.T.);
#2463=ORIENTED_EDGE('',*,*,#1840,.F.);
#2464=ORIENTED_EDGE('',*,*,#1849,.T.);
#2465=ORIENTED_EDGE('',*,*,#1850,.F.);
#2466=ORIENTED_EDGE('',*,*,#1851,.F.);
#2467=ORIENTED_EDGE('',*,*,#1847,.F.);
#2468=ORIENTED_EDGE('',*,*,#1839,.F.);
#2469=ORIENTED_EDGE('',*,*,#1834,.F.);
#2470=ORIENTED_EDGE('',*,*,#1829,.F.);
#2471=ORIENTED_EDGE('',*,*,#1826,.F.);
#2472=ORIENTED_EDGE('',*,*,#1852,.T.);
#2473=ORIENTED_EDGE('',*,*,#1853,.T.);
#2474=ORIENTED_EDGE('',*,*,#1854,.T.);
#2475=ORIENTED_EDGE('',*,*,#1852,.F.);
#2476=ORIENTED_EDGE('',*,*,#1761,.F.);
#2477=ORIENTED_EDGE('',*,*,#1855,.T.);
#2478=ORIENTED_EDGE('',*,*,#1771,.T.);
#2479=ORIENTED_EDGE('',*,*,#1851,.T.);
#2480=ORIENTED_EDGE('',*,*,#1856,.F.);
#2481=ORIENTED_EDGE('',*,*,#1857,.F.);
#2482=ORIENTED_EDGE('',*,*,#1858,.T.);
#2483=ORIENTED_EDGE('',*,*,#1859,.F.);
#2484=ORIENTED_EDGE('',*,*,#1860,.F.);
#2485=ORIENTED_EDGE('',*,*,#1844,.F.);
#2486=ORIENTED_EDGE('',*,*,#1778,.F.);
#2487=ORIENTED_EDGE('',*,*,#1785,.F.);
#2488=ORIENTED_EDGE('',*,*,#1791,.F.);
#2489=ORIENTED_EDGE('',*,*,#1797,.F.);
#2490=ORIENTED_EDGE('',*,*,#1861,.T.);
#2491=ORIENTED_EDGE('',*,*,#1862,.T.);
#2492=ORIENTED_EDGE('',*,*,#1863,.T.);
#2493=ORIENTED_EDGE('',*,*,#1861,.F.);
#2494=ORIENTED_EDGE('',*,*,#1759,.F.);
#2495=ORIENTED_EDGE('',*,*,#1864,.T.);
#2496=ORIENTED_EDGE('',*,*,#1773,.T.);
#2497=ORIENTED_EDGE('',*,*,#1860,.T.);
#2498=ORIENTED_EDGE('',*,*,#1865,.F.);
#2499=ORIENTED_EDGE('',*,*,#1866,.F.);
#2500=ORIENTED_EDGE('',*,*,#1867,.T.);
#2501=ORIENTED_EDGE('',*,*,#1808,.F.);
#2502=ORIENTED_EDGE('',*,*,#1763,.F.);
#2503=ORIENTED_EDGE('',*,*,#1868,.T.);
#2504=ORIENTED_EDGE('',*,*,#1869,.T.);
#2505=ORIENTED_EDGE('',*,*,#1870,.T.);
#2506=ORIENTED_EDGE('',*,*,#1868,.F.);
#2507=ORIENTED_EDGE('',*,*,#1828,.F.);
#2508=ORIENTED_EDGE('',*,*,#1831,.F.);
#2509=ORIENTED_EDGE('',*,*,#1836,.F.);
#2510=ORIENTED_EDGE('',*,*,#1841,.F.);
#2511=ORIENTED_EDGE('',*,*,#1848,.F.);
#2512=ORIENTED_EDGE('',*,*,#1806,.T.);
#2513=ORIENTED_EDGE('',*,*,#1802,.T.);
#2514=ORIENTED_EDGE('',*,*,#1871,.T.);
#2515=ORIENTED_EDGE('',*,*,#1822,.F.);
#2516=ORIENTED_EDGE('',*,*,#1765,.F.);
#2517=ORIENTED_EDGE('',*,*,#1872,.T.);
#2518=ORIENTED_EDGE('',*,*,#1873,.T.);
#2519=ORIENTED_EDGE('',*,*,#1874,.T.);
#2520=ORIENTED_EDGE('',*,*,#1872,.F.);
#2521=ORIENTED_EDGE('',*,*,#1799,.F.);
#2522=ORIENTED_EDGE('',*,*,#1794,.F.);
#2523=ORIENTED_EDGE('',*,*,#1788,.F.);
#2524=ORIENTED_EDGE('',*,*,#1782,.F.);
#2525=ORIENTED_EDGE('',*,*,#1775,.F.);
#2526=ORIENTED_EDGE('',*,*,#1815,.T.);
#2527=ORIENTED_EDGE('',*,*,#1811,.T.);
#2528=ORIENTED_EDGE('',*,*,#1875,.T.);
#2529=ORIENTED_EDGE('',*,*,#1876,.T.);
#2530=ORIENTED_EDGE('',*,*,#1855,.F.);
#2531=ORIENTED_EDGE('',*,*,#1798,.F.);
#2532=ORIENTED_EDGE('',*,*,#1792,.F.);
#2533=ORIENTED_EDGE('',*,*,#1786,.F.);
#2534=ORIENTED_EDGE('',*,*,#1780,.F.);
#2535=ORIENTED_EDGE('',*,*,#1845,.F.);
#2536=ORIENTED_EDGE('',*,*,#1857,.T.);
#2537=ORIENTED_EDGE('',*,*,#1877,.F.);
#2538=ORIENTED_EDGE('',*,*,#1878,.T.);
#2539=ORIENTED_EDGE('',*,*,#1877,.T.);
#2540=ORIENTED_EDGE('',*,*,#1856,.T.);
#2541=ORIENTED_EDGE('',*,*,#1850,.T.);
#2542=ORIENTED_EDGE('',*,*,#1879,.T.);
#2543=ORIENTED_EDGE('',*,*,#1880,.T.);
#2544=ORIENTED_EDGE('',*,*,#1864,.F.);
#2545=ORIENTED_EDGE('',*,*,#1824,.F.);
#2546=ORIENTED_EDGE('',*,*,#1832,.F.);
#2547=ORIENTED_EDGE('',*,*,#1837,.F.);
#2548=ORIENTED_EDGE('',*,*,#1842,.F.);
#2549=ORIENTED_EDGE('',*,*,#1846,.F.);
#2550=ORIENTED_EDGE('',*,*,#1866,.T.);
#2551=ORIENTED_EDGE('',*,*,#1881,.F.);
#2552=ORIENTED_EDGE('',*,*,#1882,.T.);
#2553=ORIENTED_EDGE('',*,*,#1881,.T.);
#2554=ORIENTED_EDGE('',*,*,#1865,.T.);
#2555=ORIENTED_EDGE('',*,*,#1859,.T.);
#2556=ORIENTED_EDGE('',*,*,#1862,.F.);
#2557=ORIENTED_EDGE('',*,*,#1863,.F.);
#2558=ORIENTED_EDGE('',*,*,#1880,.F.);
#2559=ORIENTED_EDGE('',*,*,#1883,.T.);
#2560=ORIENTED_EDGE('',*,*,#1823,.F.);
#2561=ORIENTED_EDGE('',*,*,#1871,.F.);
#2562=ORIENTED_EDGE('',*,*,#1874,.F.);
#2563=ORIENTED_EDGE('',*,*,#1884,.T.);
#2564=ORIENTED_EDGE('',*,*,#1809,.F.);
#2565=ORIENTED_EDGE('',*,*,#1867,.F.);
#2566=ORIENTED_EDGE('',*,*,#1870,.F.);
#2567=ORIENTED_EDGE('',*,*,#1885,.T.);
#2568=ORIENTED_EDGE('',*,*,#1853,.F.);
#2569=ORIENTED_EDGE('',*,*,#1854,.F.);
#2570=ORIENTED_EDGE('',*,*,#1876,.F.);
#2571=ORIENTED_EDGE('',*,*,#1886,.T.);
#2572=ORIENTED_EDGE('',*,*,#1757,.F.);
#2573=ORIENTED_EDGE('',*,*,#1858,.F.);
#2574=ORIENTED_EDGE('',*,*,#1886,.F.);
#2575=ORIENTED_EDGE('',*,*,#1875,.F.);
#2576=ORIENTED_EDGE('',*,*,#1878,.F.);
#2577=ORIENTED_EDGE('',*,*,#1849,.F.);
#2578=ORIENTED_EDGE('',*,*,#1885,.F.);
#2579=ORIENTED_EDGE('',*,*,#1869,.F.);
#2580=ORIENTED_EDGE('',*,*,#1801,.F.);
#2581=ORIENTED_EDGE('',*,*,#1807,.F.);
#2582=ORIENTED_EDGE('',*,*,#1884,.F.);
#2583=ORIENTED_EDGE('',*,*,#1873,.F.);
#2584=ORIENTED_EDGE('',*,*,#1810,.F.);
#2585=ORIENTED_EDGE('',*,*,#1816,.F.);
#2586=ORIENTED_EDGE('',*,*,#1883,.F.);
#2587=ORIENTED_EDGE('',*,*,#1879,.F.);
#2588=ORIENTED_EDGE('',*,*,#1882,.F.);
#2589=ORIENTED_EDGE('',*,*,#1887,.T.);
#2590=ORIENTED_EDGE('',*,*,#1888,.F.);
#2591=ORIENTED_EDGE('',*,*,#1887,.F.);
#2592=ORIENTED_EDGE('',*,*,#1889,.F.);
#2593=ORIENTED_EDGE('',*,*,#1890,.F.);
#2594=ORIENTED_EDGE('',*,*,#1890,.T.);
#2595=ORIENTED_EDGE('',*,*,#1888,.T.);
#2596=ORIENTED_EDGE('',*,*,#1891,.F.);
#2597=ORIENTED_EDGE('',*,*,#1892,.F.);
#2598=ORIENTED_EDGE('',*,*,#1893,.F.);
#2599=ORIENTED_EDGE('',*,*,#1893,.T.);
#2600=ORIENTED_EDGE('',*,*,#1891,.T.);
#2601=ORIENTED_EDGE('',*,*,#1889,.T.);
#2602=ORIENTED_EDGE('',*,*,#1892,.T.);
#2603=ORIENTED_EDGE('',*,*,#1894,.T.);
#2604=ORIENTED_EDGE('',*,*,#1774,.F.);
#2605=ORIENTED_EDGE('',*,*,#1895,.T.);
#2606=ORIENTED_EDGE('',*,*,#1896,.F.);
#2607=ORIENTED_EDGE('',*,*,#1897,.F.);
#2608=ORIENTED_EDGE('',*,*,#1898,.F.);
#2609=ORIENTED_EDGE('',*,*,#1899,.F.);
#2610=ORIENTED_EDGE('',*,*,#1900,.F.);
#2611=ORIENTED_EDGE('',*,*,#1901,.F.);
#2612=ORIENTED_EDGE('',*,*,#1902,.F.);
#2613=ORIENTED_EDGE('',*,*,#1903,.F.);
#2614=ORIENTED_EDGE('',*,*,#1904,.F.);
#2615=ORIENTED_EDGE('',*,*,#1895,.F.);
#2616=ORIENTED_EDGE('',*,*,#1905,.F.);
#2617=ORIENTED_EDGE('',*,*,#1618,.F.);
#2618=ORIENTED_EDGE('',*,*,#1905,.T.);
#2619=ORIENTED_EDGE('',*,*,#1906,.F.);
#2620=ORIENTED_EDGE('',*,*,#1906,.T.);
#2621=ORIENTED_EDGE('',*,*,#1619,.F.);
#2622=ORIENTED_EDGE('',*,*,#1907,.F.);
#2623=ORIENTED_EDGE('',*,*,#1908,.T.);
#2624=ORIENTED_EDGE('',*,*,#1909,.T.);
#2625=ORIENTED_EDGE('',*,*,#1910,.T.);
#2626=ORIENTED_EDGE('',*,*,#1911,.T.);
#2627=ORIENTED_EDGE('',*,*,#1912,.T.);
#2628=ORIENTED_EDGE('',*,*,#1913,.F.);
#2629=ORIENTED_EDGE('',*,*,#1914,.T.);
#2630=ORIENTED_EDGE('',*,*,#1915,.T.);
#2631=ORIENTED_EDGE('',*,*,#1916,.F.);
#2632=ORIENTED_EDGE('',*,*,#1912,.F.);
#2633=ORIENTED_EDGE('',*,*,#1917,.T.);
#2634=ORIENTED_EDGE('',*,*,#1914,.F.);
#2635=ORIENTED_EDGE('',*,*,#1918,.F.);
#2636=ORIENTED_EDGE('',*,*,#1919,.T.);
#2637=ORIENTED_EDGE('',*,*,#1920,.F.);
#2638=ORIENTED_EDGE('',*,*,#1921,.F.);
#2639=ORIENTED_EDGE('',*,*,#1922,.F.);
#2640=ORIENTED_EDGE('',*,*,#1923,.T.);
#2641=ORIENTED_EDGE('',*,*,#1924,.F.);
#2642=ORIENTED_EDGE('',*,*,#1925,.F.);
#2643=ORIENTED_EDGE('',*,*,#1926,.F.);
#2644=ORIENTED_EDGE('',*,*,#1927,.T.);
#2645=ORIENTED_EDGE('',*,*,#1928,.F.);
#2646=ORIENTED_EDGE('',*,*,#1929,.T.);
#2647=ORIENTED_EDGE('',*,*,#1910,.F.);
#2648=ORIENTED_EDGE('',*,*,#1930,.T.);
#2649=ORIENTED_EDGE('',*,*,#1931,.F.);
#2650=ORIENTED_EDGE('',*,*,#1932,.F.);
#2651=ORIENTED_EDGE('',*,*,#1933,.T.);
#2652=ORIENTED_EDGE('',*,*,#1932,.T.);
#2653=ORIENTED_EDGE('',*,*,#1934,.F.);
#2654=ORIENTED_EDGE('',*,*,#1935,.T.);
#2655=ORIENTED_EDGE('',*,*,#1936,.T.);
#2656=ORIENTED_EDGE('',*,*,#1908,.F.);
#2657=ORIENTED_EDGE('',*,*,#1937,.T.);
#2658=ORIENTED_EDGE('',*,*,#1938,.F.);
#2659=ORIENTED_EDGE('',*,*,#1939,.T.);
#2660=ORIENTED_EDGE('',*,*,#1935,.F.);
#2661=ORIENTED_EDGE('',*,*,#1940,.F.);
#2662=ORIENTED_EDGE('',*,*,#1907,.T.);
#2663=ORIENTED_EDGE('',*,*,#1929,.F.);
#2664=ORIENTED_EDGE('',*,*,#1941,.F.);
#2665=ORIENTED_EDGE('',*,*,#1942,.F.);
#2666=ORIENTED_EDGE('',*,*,#1943,.F.);
#2667=ORIENTED_EDGE('',*,*,#1937,.F.);
#2668=ORIENTED_EDGE('',*,*,#1944,.T.);
#2669=ORIENTED_EDGE('',*,*,#1945,.F.);
#2670=ORIENTED_EDGE('',*,*,#1930,.F.);
#2671=ORIENTED_EDGE('',*,*,#1933,.F.);
#2672=ORIENTED_EDGE('',*,*,#1939,.F.);
#2673=ORIENTED_EDGE('',*,*,#1946,.F.);
#2674=ORIENTED_EDGE('',*,*,#1947,.T.);
#2675=ORIENTED_EDGE('',*,*,#1948,.F.);
#2676=ORIENTED_EDGE('',*,*,#1944,.F.);
#2677=ORIENTED_EDGE('',*,*,#1949,.F.);
#2678=ORIENTED_EDGE('',*,*,#1911,.F.);
#2679=ORIENTED_EDGE('',*,*,#1917,.F.);
#2680=ORIENTED_EDGE('',*,*,#1950,.F.);
#2681=ORIENTED_EDGE('',*,*,#1947,.F.);
#2682=ORIENTED_EDGE('',*,*,#1951,.F.);
#2683=ORIENTED_EDGE('',*,*,#1915,.F.);
#2684=ORIENTED_EDGE('',*,*,#1952,.T.);
#2685=ORIENTED_EDGE('',*,*,#1953,.F.);
#2686=ORIENTED_EDGE('',*,*,#1927,.F.);
#2687=ORIENTED_EDGE('',*,*,#1909,.F.);
#2688=ORIENTED_EDGE('',*,*,#1936,.F.);
#2689=ORIENTED_EDGE('',*,*,#1954,.F.);
#2690=ORIENTED_EDGE('',*,*,#1942,.T.);
#2691=ORIENTED_EDGE('',*,*,#1955,.F.);
#2692=ORIENTED_EDGE('',*,*,#1952,.F.);
#2693=ORIENTED_EDGE('',*,*,#1956,.F.);
#2694=ORIENTED_EDGE('',*,*,#1957,.F.);
#2695=ORIENTED_EDGE('',*,*,#1951,.T.);
#2696=ORIENTED_EDGE('',*,*,#1949,.T.);
#2697=ORIENTED_EDGE('',*,*,#1946,.T.);
#2698=ORIENTED_EDGE('',*,*,#1958,.F.);
#2699=ORIENTED_EDGE('',*,*,#1943,.T.);
#2700=ORIENTED_EDGE('',*,*,#1956,.T.);
#2701=ORIENTED_EDGE('',*,*,#1954,.T.);
#2702=ORIENTED_EDGE('',*,*,#1959,.F.);
#2703=ORIENTED_EDGE('',*,*,#1953,.T.);
#2704=ORIENTED_EDGE('',*,*,#1955,.T.);
#2705=ORIENTED_EDGE('',*,*,#1941,.T.);
#2706=ORIENTED_EDGE('',*,*,#1960,.F.);
#2707=ORIENTED_EDGE('',*,*,#1945,.T.);
#2708=ORIENTED_EDGE('',*,*,#1948,.T.);
#2709=ORIENTED_EDGE('',*,*,#1950,.T.);
#2710=ORIENTED_EDGE('',*,*,#1961,.T.);
#2711=ORIENTED_EDGE('',*,*,#1962,.F.);
#2712=ORIENTED_EDGE('',*,*,#1963,.T.);
#2713=ORIENTED_EDGE('',*,*,#1964,.T.);
#2714=ORIENTED_EDGE('',*,*,#1920,.T.);
#2715=ORIENTED_EDGE('',*,*,#1965,.T.);
#2716=ORIENTED_EDGE('',*,*,#1966,.F.);
#2717=ORIENTED_EDGE('',*,*,#1967,.T.);
#2718=ORIENTED_EDGE('',*,*,#1926,.T.);
#2719=ORIENTED_EDGE('',*,*,#1968,.F.);
#2720=ORIENTED_EDGE('',*,*,#1969,.T.);
#2721=ORIENTED_EDGE('',*,*,#1970,.T.);
#2722=ORIENTED_EDGE('',*,*,#1971,.F.);
#2723=ORIENTED_EDGE('',*,*,#1972,.T.);
#2724=ORIENTED_EDGE('',*,*,#1973,.F.);
#2725=ORIENTED_EDGE('',*,*,#1974,.T.);
#2726=ORIENTED_EDGE('',*,*,#1922,.T.);
#2727=ORIENTED_EDGE('',*,*,#1975,.T.);
#2728=ORIENTED_EDGE('',*,*,#1976,.F.);
#2729=ORIENTED_EDGE('',*,*,#1924,.T.);
#2730=ORIENTED_EDGE('',*,*,#1977,.T.);
#2731=ORIENTED_EDGE('',*,*,#1963,.F.);
#2732=ORIENTED_EDGE('',*,*,#1978,.F.);
#2733=ORIENTED_EDGE('',*,*,#1970,.F.);
#2734=ORIENTED_EDGE('',*,*,#1979,.F.);
#2735=ORIENTED_EDGE('',*,*,#1980,.F.);
#2736=ORIENTED_EDGE('',*,*,#1981,.F.);
#2737=ORIENTED_EDGE('',*,*,#1982,.F.);
#2738=ORIENTED_EDGE('',*,*,#1983,.F.);
#2739=ORIENTED_EDGE('',*,*,#1984,.F.);
#2740=ORIENTED_EDGE('',*,*,#1985,.F.);
#2741=ORIENTED_EDGE('',*,*,#1986,.F.);
#2742=ORIENTED_EDGE('',*,*,#1919,.F.);
#2743=ORIENTED_EDGE('',*,*,#1974,.F.);
#2744=ORIENTED_EDGE('',*,*,#1987,.T.);
#2745=ORIENTED_EDGE('',*,*,#1988,.T.);
#2746=ORIENTED_EDGE('',*,*,#1984,.T.);
#2747=ORIENTED_EDGE('',*,*,#1965,.F.);
#2748=ORIENTED_EDGE('',*,*,#1989,.F.);
#2749=ORIENTED_EDGE('',*,*,#1990,.T.);
#2750=ORIENTED_EDGE('',*,*,#1975,.F.);
#2751=ORIENTED_EDGE('',*,*,#1923,.F.);
#2752=ORIENTED_EDGE('',*,*,#1967,.F.);
#2753=ORIENTED_EDGE('',*,*,#1982,.T.);
#2754=ORIENTED_EDGE('',*,*,#1991,.F.);
#2755=ORIENTED_EDGE('',*,*,#1992,.T.);
#2756=ORIENTED_EDGE('',*,*,#1989,.T.);
#2757=ORIENTED_EDGE('',*,*,#1981,.T.);
#2758=ORIENTED_EDGE('',*,*,#1977,.F.);
#2759=ORIENTED_EDGE('',*,*,#1969,.F.);
#2760=ORIENTED_EDGE('',*,*,#1993,.T.);
#2761=ORIENTED_EDGE('',*,*,#1991,.T.);
#2762=ORIENTED_EDGE('',*,*,#1980,.T.);
#2763=ORIENTED_EDGE('',*,*,#1961,.F.);
#2764=ORIENTED_EDGE('',*,*,#1994,.F.);
#2765=ORIENTED_EDGE('',*,*,#1995,.T.);
#2766=ORIENTED_EDGE('',*,*,#1972,.F.);
#2767=ORIENTED_EDGE('',*,*,#1921,.T.);
#2768=ORIENTED_EDGE('',*,*,#1964,.F.);
#2769=ORIENTED_EDGE('',*,*,#1986,.T.);
#2770=ORIENTED_EDGE('',*,*,#1988,.F.);
#2771=ORIENTED_EDGE('',*,*,#1996,.T.);
#2772=ORIENTED_EDGE('',*,*,#1994,.T.);
#2773=ORIENTED_EDGE('',*,*,#1985,.T.);
#2774=ORIENTED_EDGE('',*,*,#1997,.F.);
#2775=ORIENTED_EDGE('',*,*,#1995,.F.);
#2776=ORIENTED_EDGE('',*,*,#1996,.F.);
#2777=ORIENTED_EDGE('',*,*,#1987,.F.);
#2778=ORIENTED_EDGE('',*,*,#1998,.F.);
#2779=ORIENTED_EDGE('',*,*,#1990,.F.);
#2780=ORIENTED_EDGE('',*,*,#1992,.F.);
#2781=ORIENTED_EDGE('',*,*,#1993,.F.);
#2782=ORIENTED_EDGE('',*,*,#1999,.F.);
#2783=ORIENTED_EDGE('',*,*,#2000,.T.);
#2784=ORIENTED_EDGE('',*,*,#2001,.F.);
#2785=ORIENTED_EDGE('',*,*,#2002,.T.);
#2786=ORIENTED_EDGE('',*,*,#2003,.F.);
#2787=ORIENTED_EDGE('',*,*,#2004,.T.);
#2788=ORIENTED_EDGE('',*,*,#2001,.T.);
#2789=ORIENTED_EDGE('',*,*,#2005,.T.);
#2790=ORIENTED_EDGE('',*,*,#2006,.T.);
#2791=ORIENTED_EDGE('',*,*,#2007,.T.);
#2792=ORIENTED_EDGE('',*,*,#2003,.T.);
#2793=ORIENTED_EDGE('',*,*,#2008,.T.);
#2794=ORIENTED_EDGE('',*,*,#2009,.T.);
#2795=ORIENTED_EDGE('',*,*,#2010,.F.);
#2796=ORIENTED_EDGE('',*,*,#2002,.F.);
#2797=ORIENTED_EDGE('',*,*,#2004,.F.);
#2798=ORIENTED_EDGE('',*,*,#2007,.F.);
#2799=ORIENTED_EDGE('',*,*,#2011,.T.);
#2800=ORIENTED_EDGE('',*,*,#2008,.F.);
#2801=ORIENTED_EDGE('',*,*,#2005,.F.);
#2802=ORIENTED_EDGE('',*,*,#2000,.F.);
#2803=ORIENTED_EDGE('',*,*,#2012,.F.);
#2804=ORIENTED_EDGE('',*,*,#2013,.T.);
#2805=ORIENTED_EDGE('',*,*,#2014,.F.);
#2806=ORIENTED_EDGE('',*,*,#2015,.T.);
#2807=ORIENTED_EDGE('',*,*,#2016,.F.);
#2808=ORIENTED_EDGE('',*,*,#2013,.F.);
#2809=ORIENTED_EDGE('',*,*,#2017,.F.);
#2810=ORIENTED_EDGE('',*,*,#2018,.T.);
#2811=ORIENTED_EDGE('',*,*,#2019,.F.);
#2812=ORIENTED_EDGE('',*,*,#2015,.F.);
#2813=ORIENTED_EDGE('',*,*,#2020,.F.);
#2814=ORIENTED_EDGE('',*,*,#2006,.F.);
#2815=ORIENTED_EDGE('',*,*,#2011,.F.);
#2816=ORIENTED_EDGE('',*,*,#2021,.F.);
#2817=ORIENTED_EDGE('',*,*,#2018,.F.);
#2818=ORIENTED_EDGE('',*,*,#2022,.F.);
#2819=ORIENTED_EDGE('',*,*,#2009,.F.);
#2820=ORIENTED_EDGE('',*,*,#2023,.F.);
#2821=ORIENTED_EDGE('',*,*,#2022,.T.);
#2822=ORIENTED_EDGE('',*,*,#2020,.T.);
#2823=ORIENTED_EDGE('',*,*,#2017,.T.);
#2824=ORIENTED_EDGE('',*,*,#2024,.F.);
#2825=ORIENTED_EDGE('',*,*,#2016,.T.);
#2826=ORIENTED_EDGE('',*,*,#2019,.T.);
#2827=ORIENTED_EDGE('',*,*,#2021,.T.);
#2828=ORIENTED_EDGE('',*,*,#2025,.T.);
#2829=ORIENTED_EDGE('',*,*,#2026,.F.);
#2830=ORIENTED_EDGE('',*,*,#2027,.T.);
#2831=ORIENTED_EDGE('',*,*,#2028,.T.);
#2832=ORIENTED_EDGE('',*,*,#2029,.T.);
#2833=ORIENTED_EDGE('',*,*,#2030,.T.);
#2834=ORIENTED_EDGE('',*,*,#2031,.T.);
#2835=ORIENTED_EDGE('',*,*,#2032,.T.);
#2836=ORIENTED_EDGE('',*,*,#2014,.T.);
#2837=ORIENTED_EDGE('',*,*,#2024,.T.);
#2838=ORIENTED_EDGE('',*,*,#2012,.T.);
#2839=ORIENTED_EDGE('',*,*,#1999,.T.);
#2840=ORIENTED_EDGE('',*,*,#2010,.T.);
#2841=ORIENTED_EDGE('',*,*,#2023,.T.);
#2842=ORIENTED_EDGE('',*,*,#1978,.T.);
#2843=ORIENTED_EDGE('',*,*,#1962,.T.);
#2844=ORIENTED_EDGE('',*,*,#1979,.T.);
#2845=ORIENTED_EDGE('',*,*,#1966,.T.);
#2846=ORIENTED_EDGE('',*,*,#1983,.T.);
#2847=ORIENTED_EDGE('',*,*,#1968,.T.);
#2848=ORIENTED_EDGE('',*,*,#1925,.T.);
#2849=ORIENTED_EDGE('',*,*,#1976,.T.);
#2850=ORIENTED_EDGE('',*,*,#1998,.T.);
#2851=ORIENTED_EDGE('',*,*,#1973,.T.);
#2852=ORIENTED_EDGE('',*,*,#1997,.T.);
#2853=ORIENTED_EDGE('',*,*,#1971,.T.);
#2854=ORIENTED_EDGE('',*,*,#1913,.T.);
#2855=ORIENTED_EDGE('',*,*,#1916,.T.);
#2856=ORIENTED_EDGE('',*,*,#1957,.T.);
#2857=ORIENTED_EDGE('',*,*,#1938,.T.);
#2858=ORIENTED_EDGE('',*,*,#1958,.T.);
#2859=ORIENTED_EDGE('',*,*,#1940,.T.);
#2860=ORIENTED_EDGE('',*,*,#1934,.T.);
#2861=ORIENTED_EDGE('',*,*,#1931,.T.);
#2862=ORIENTED_EDGE('',*,*,#1960,.T.);
#2863=ORIENTED_EDGE('',*,*,#1928,.T.);
#2864=ORIENTED_EDGE('',*,*,#1959,.T.);
#2865=ORIENTED_EDGE('',*,*,#1918,.T.);
#2866=ORIENTED_EDGE('',*,*,#1894,.F.);
#2867=ORIENTED_EDGE('',*,*,#2030,.F.);
#2868=ORIENTED_EDGE('',*,*,#2033,.F.);
#2869=ORIENTED_EDGE('',*,*,#2034,.T.);
#2870=ORIENTED_EDGE('',*,*,#2035,.F.);
#2871=ORIENTED_EDGE('',*,*,#2036,.T.);
#2872=ORIENTED_EDGE('',*,*,#2037,.F.);
#2873=ORIENTED_EDGE('',*,*,#2034,.F.);
#2874=ORIENTED_EDGE('',*,*,#2038,.F.);
#2875=ORIENTED_EDGE('',*,*,#2039,.T.);
#2876=ORIENTED_EDGE('',*,*,#2031,.F.);
#2877=ORIENTED_EDGE('',*,*,#2035,.T.);
#2878=ORIENTED_EDGE('',*,*,#2037,.T.);
#2879=ORIENTED_EDGE('',*,*,#2040,.T.);
#2880=ORIENTED_EDGE('',*,*,#2041,.T.);
#2881=ORIENTED_EDGE('',*,*,#2040,.F.);
#2882=ORIENTED_EDGE('',*,*,#2036,.F.);
#2883=ORIENTED_EDGE('',*,*,#2042,.F.);
#2884=ORIENTED_EDGE('',*,*,#2043,.T.);
#2885=ORIENTED_EDGE('',*,*,#2027,.F.);
#2886=ORIENTED_EDGE('',*,*,#2044,.T.);
#2887=ORIENTED_EDGE('',*,*,#2042,.T.);
#2888=ORIENTED_EDGE('',*,*,#2038,.T.);
#2889=ORIENTED_EDGE('',*,*,#2033,.T.);
#2890=ORIENTED_EDGE('',*,*,#2029,.F.);
#2891=ORIENTED_EDGE('',*,*,#2032,.F.);
#2892=ORIENTED_EDGE('',*,*,#2045,.F.);
#2893=ORIENTED_EDGE('',*,*,#2046,.F.);
#2894=ORIENTED_EDGE('',*,*,#2047,.F.);
#2895=ORIENTED_EDGE('',*,*,#2048,.F.);
#2896=ORIENTED_EDGE('',*,*,#2049,.T.);
#2897=ORIENTED_EDGE('',*,*,#2043,.F.);
#2898=ORIENTED_EDGE('',*,*,#2047,.T.);
#2899=ORIENTED_EDGE('',*,*,#2050,.F.);
#2900=ORIENTED_EDGE('',*,*,#2051,.T.);
#2901=ORIENTED_EDGE('',*,*,#2048,.T.);
#2902=ORIENTED_EDGE('',*,*,#2046,.T.);
#2903=ORIENTED_EDGE('',*,*,#2041,.F.);
#2904=ORIENTED_EDGE('',*,*,#2044,.F.);
#2905=ORIENTED_EDGE('',*,*,#2052,.T.);
#2906=ORIENTED_EDGE('',*,*,#2050,.T.);
#2907=ORIENTED_EDGE('',*,*,#2045,.T.);
#2908=ORIENTED_EDGE('',*,*,#2039,.F.);
#2909=ORIENTED_EDGE('',*,*,#2028,.F.);
#2910=ORIENTED_EDGE('',*,*,#2049,.F.);
#2911=ORIENTED_EDGE('',*,*,#2051,.F.);
#2912=ORIENTED_EDGE('',*,*,#2052,.F.);
#2913=ORIENTED_EDGE('',*,*,#2053,.T.);
#2914=ORIENTED_EDGE('',*,*,#2026,.T.);
#2915=ORIENTED_EDGE('',*,*,#1896,.T.);
#2916=ORIENTED_EDGE('',*,*,#1897,.T.);
#2917=ORIENTED_EDGE('',*,*,#1898,.T.);
#2918=ORIENTED_EDGE('',*,*,#1899,.T.);
#2919=ORIENTED_EDGE('',*,*,#1900,.T.);
#2920=ORIENTED_EDGE('',*,*,#1902,.T.);
#2921=ORIENTED_EDGE('',*,*,#1901,.T.);
#2922=ORIENTED_EDGE('',*,*,#1904,.T.);
#2923=ORIENTED_EDGE('',*,*,#1903,.T.);
#2924=ORIENTED_EDGE('',*,*,#2025,.F.);
#2925=ORIENTED_EDGE('',*,*,#2053,.F.);
#2926=ORIENTED_EDGE('',*,*,#2054,.T.);
#2927=ORIENTED_EDGE('',*,*,#2054,.F.);
#2928=ORIENTED_EDGE('',*,*,#2055,.T.);
#2929=ORIENTED_EDGE('',*,*,#1659,.F.);
#2930=ORIENTED_EDGE('',*,*,#1698,.T.);
#2931=ORIENTED_EDGE('',*,*,#1653,.F.);
#2932=ORIENTED_EDGE('',*,*,#1726,.T.);
#2933=ORIENTED_EDGE('',*,*,#1647,.F.);
#2934=ORIENTED_EDGE('',*,*,#1754,.T.);
#2935=ORIENTED_EDGE('',*,*,#1641,.F.);
#2936=ORIENTED_EDGE('',*,*,#1670,.F.);
#2937=ORIENTED_EDGE('',*,*,#2055,.F.);
#2938=PLANE('',#3235);
#2939=PLANE('',#3239);
#2940=PLANE('',#3243);
#2941=PLANE('',#3254);
#2942=PLANE('',#3256);
#2943=PLANE('',#3283);
#2944=PLANE('',#3316);
#2945=PLANE('',#3325);
#2946=PLANE('',#3338);
#2947=PLANE('',#3339);
#2948=PLANE('',#3340);
#2949=PLANE('',#3341);
#2950=PLANE('',#3342);
#2951=PLANE('',#3343);
#2952=PLANE('',#3344);
#2953=PLANE('',#3345);
#2954=PLANE('',#3346);
#2955=PLANE('',#3370);
#2956=PLANE('',#3373);
#2957=PLANE('',#3379);
#2958=PLANE('',#3381);
#2959=PLANE('',#3385);
#2960=PLANE('',#3386);
#2961=PLANE('',#3387);
#2962=PLANE('',#3388);
#2963=PLANE('',#3389);
#2964=PLANE('',#3390);
#2965=PLANE('',#3395);
#2966=PLANE('',#3397);
#2967=PLANE('',#3403);
#2968=PLANE('',#3405);
#2969=PLANE('',#3410);
#2970=PLANE('',#3411);
#2971=PLANE('',#3413);
#2972=PLANE('',#3414);
#2973=PLANE('',#3415);
#2974=PLANE('',#3417);
#2975=PLANE('',#3418);
#2976=PLANE('',#3420);
#2977=PLANE('',#3421);
#2978=PLANE('',#3423);
#2979=PLANE('',#3424);
#2980=PLANE('',#3425);
#2981=PLANE('',#3426);
#2982=PLANE('',#3427);
#2983=PLANE('',#3433);
#2984=PLANE('',#3440);
#2985=PLANE('',#3444);
#2986=PLANE('',#3448);
#2987=PLANE('',#3457);
#2988=PLANE('',#3460);
#2989=PLANE('',#3463);
#2990=PLANE('',#3464);
#2991=PLANE('',#3466);
#2992=PLANE('',#3467);
#2993=PLANE('',#3468);
#2994=PLANE('',#3469);
#2995=PLANE('',#3471);
#2996=PLANE('',#3472);
#2997=PLANE('',#3473);
#2998=PLANE('',#3475);
#2999=PLANE('',#3476);
#3000=PLANE('',#3477);
#3001=PLANE('',#3478);
#3002=PLANE('',#3482);
#3003=PLANE('',#3483);
#3004=PLANE('',#3487);
#3005=PLANE('',#3488);
#3006=PLANE('',#3489);
#3007=PLANE('',#3490);
#3008=PLANE('',#3491);
#3009=PLANE('',#3492);
#3010=PLANE('',#3493);
#3011=PLANE('',#3494);
#3012=PLANE('',#3495);
#3013=PLANE('',#3497);
#3014=PLANE('',#3500);
#3015=PLANE('',#3501);
#3016=PLANE('',#3504);
#3017=PLANE('',#3505);
#3018=PLANE('',#3508);
#3019=PLANE('',#3509);
#3020=PLANE('',#3511);
#3021=PLANE('',#3512);
#3022=PLANE('',#3513);
#3023=PLANE('',#3514);
#3024=PLANE('',#3515);
#3025=PLANE('',#3517);
#3026=PLANE('',#3518);
#3027=PLANE('',#3519);
#3028=PLANE('',#3520);
#3029=PLANE('',#3521);
#3030=PLANE('',#3526);
#3031=PLANE('',#3527);
#3032=PLANE('',#3528);
#3033=PLANE('',#3529);
#3034=PLANE('',#3530);
#3035=PLANE('',#3531);
#3036=PLANE('',#3532);
#3037=PLANE('',#3533);
#3038=PLANE('',#3534);
#3039=PLANE('',#3535);
#3040=PLANE('',#3536);
#3041=PLANE('',#3540);
#3042=ADVANCED_FACE('',(#794),#2938,.F.);
#3043=ADVANCED_FACE('',(#795,#713),#745,.F.);
#3044=ADVANCED_FACE('',(#796),#2939,.T.);
#3045=ADVANCED_FACE('',(#797,#714),#698,.F.);
#3046=ADVANCED_FACE('',(#798,#715),#2940,.F.);
#3047=ADVANCED_FACE('',(#799),#682,.T.);
#3048=ADVANCED_FACE('',(#800),#699,.F.);
#3049=ADVANCED_FACE('',(#801),#746,.F.);
#3050=ADVANCED_FACE('',(#802),#683,.T.);
#3051=ADVANCED_FACE('',(#803),#747,.F.);
#3052=ADVANCED_FACE('',(#804),#2941,.F.);
#3053=ADVANCED_FACE('',(#805),#684,.F.);
#3054=ADVANCED_FACE('',(#806),#2942,.T.);
#3055=ADVANCED_FACE('',(#807),#116,.T.);
#3056=ADVANCED_FACE('',(#808),#748,.T.);
#3057=ADVANCED_FACE('',(#809),#685,.F.);
#3058=ADVANCED_FACE('',(#810),#749,.T.);
#3059=ADVANCED_FACE('',(#811),#750,.T.);
#3060=ADVANCED_FACE('',(#812),#700,.T.);
#3061=ADVANCED_FACE('',(#813),#686,.T.);
#3062=ADVANCED_FACE('',(#814),#701,.F.);
#3063=ADVANCED_FACE('',(#815),#751,.F.);
#3064=ADVANCED_FACE('',(#816),#687,.T.);
#3065=ADVANCED_FACE('',(#817),#752,.F.);
#3066=ADVANCED_FACE('',(#818),#2943,.F.);
#3067=ADVANCED_FACE('',(#819),#688,.F.);
#3068=ADVANCED_FACE('',(#820),#117,.T.);
#3069=ADVANCED_FACE('',(#821),#753,.T.);
#3070=ADVANCED_FACE('',(#822),#689,.F.);
#3071=ADVANCED_FACE('',(#823),#754,.T.);
#3072=ADVANCED_FACE('',(#824),#755,.T.);
#3073=ADVANCED_FACE('',(#825),#702,.T.);
#3074=ADVANCED_FACE('',(#826),#690,.T.);
#3075=ADVANCED_FACE('',(#827),#756,.F.);
#3076=ADVANCED_FACE('',(#828),#703,.F.);
#3077=ADVANCED_FACE('',(#829),#757,.F.);
#3078=ADVANCED_FACE('',(#830),#691,.T.);
#3079=ADVANCED_FACE('',(#831),#118,.T.);
#3080=ADVANCED_FACE('',(#832),#758,.T.);
#3081=ADVANCED_FACE('',(#833),#692,.F.);
#3082=ADVANCED_FACE('',(#834),#693,.F.);
#3083=ADVANCED_FACE('',(#835),#759,.T.);
#3084=ADVANCED_FACE('',(#836),#760,.T.);
#3085=ADVANCED_FACE('',(#837),#704,.T.);
#3086=ADVANCED_FACE('',(#838),#2944,.F.);
#3087=ADVANCED_FACE('',(#839),#694,.T.);
#3088=ADVANCED_FACE('',(#840),#705,.F.);
#3089=ADVANCED_FACE('',(#841),#761,.F.);
#3090=ADVANCED_FACE('',(#842),#695,.T.);
#3091=ADVANCED_FACE('',(#843),#762,.F.);
#3092=ADVANCED_FACE('',(#844),#2945,.F.);
#3093=ADVANCED_FACE('',(#845),#696,.F.);
#3094=ADVANCED_FACE('',(#846),#119,.T.);
#3095=ADVANCED_FACE('',(#847),#763,.T.);
#3096=ADVANCED_FACE('',(#848),#697,.F.);
#3097=ADVANCED_FACE('',(#849),#764,.T.);
#3098=ADVANCED_FACE('',(#850),#765,.T.);
#3099=ADVANCED_FACE('',(#851),#706,.T.);
#3100=ADVANCED_FACE('',(#852),#2946,.T.);
#3101=ADVANCED_FACE('',(#853),#2947,.F.);
#3102=ADVANCED_FACE('',(#854),#2948,.T.);
#3103=ADVANCED_FACE('',(#855),#2949,.F.);
#3104=ADVANCED_FACE('',(#856),#2950,.T.);
#3105=ADVANCED_FACE('',(#857),#2951,.F.);
#3106=ADVANCED_FACE('',(#858),#2952,.T.);
#3107=ADVANCED_FACE('',(#859),#2953,.F.);
#3108=ADVANCED_FACE('',(#860,#716),#2954,.T.);
#3109=ADVANCED_FACE('',(#861,#717),#707,.T.);
#3110=ADVANCED_FACE('',(#862,#718),#708,.T.);
#3111=ADVANCED_FACE('',(#863),#766,.T.);
#3112=ADVANCED_FACE('',(#864),#2955,.T.);
#3113=ADVANCED_FACE('',(#865),#2956,.T.);
#3114=ADVANCED_FACE('',(#866),#767,.T.);
#3115=ADVANCED_FACE('',(#867),#768,.T.);
#3116=ADVANCED_FACE('',(#868),#2957,.T.);
#3117=ADVANCED_FACE('',(#869),#2958,.T.);
#3118=ADVANCED_FACE('',(#870),#769,.T.);
#3119=ADVANCED_FACE('',(#871),#770,.T.);
#3120=ADVANCED_FACE('',(#872),#2959,.F.);
#3121=ADVANCED_FACE('',(#873),#2960,.F.);
#3122=ADVANCED_FACE('',(#874),#2961,.F.);
#3123=ADVANCED_FACE('',(#875),#2962,.F.);
#3124=ADVANCED_FACE('',(#876),#2963,.F.);
#3125=ADVANCED_FACE('',(#877),#2964,.F.);
#3126=ADVANCED_FACE('',(#878),#771,.T.);
#3127=ADVANCED_FACE('',(#879),#772,.T.);
#3128=ADVANCED_FACE('',(#880),#2965,.T.);
#3129=ADVANCED_FACE('',(#881),#2966,.T.);
#3130=ADVANCED_FACE('',(#882),#773,.T.);
#3131=ADVANCED_FACE('',(#883),#774,.T.);
#3132=ADVANCED_FACE('',(#884),#2967,.T.);
#3133=ADVANCED_FACE('',(#885),#2968,.T.);
#3134=ADVANCED_FACE('',(#886),#775,.T.);
#3135=ADVANCED_FACE('',(#887),#776,.T.);
#3136=ADVANCED_FACE('',(#888),#777,.T.);
#3137=ADVANCED_FACE('',(#889),#2969,.T.);
#3138=ADVANCED_FACE('',(#890),#2970,.T.);
#3139=ADVANCED_FACE('',(#891),#2971,.T.);
#3140=ADVANCED_FACE('',(#892),#2972,.T.);
#3141=ADVANCED_FACE('',(#893),#2973,.T.);
#3142=ADVANCED_FACE('',(#894),#2974,.T.);
#3143=ADVANCED_FACE('',(#895),#2975,.F.);
#3144=ADVANCED_FACE('',(#896),#2976,.F.);
#3145=ADVANCED_FACE('',(#897),#2977,.F.);
#3146=ADVANCED_FACE('',(#898),#2978,.F.);
#3147=ADVANCED_FACE('',(#899),#2979,.T.);
#3148=ADVANCED_FACE('',(#900),#2980,.T.);
#3149=ADVANCED_FACE('',(#901),#2981,.T.);
#3150=ADVANCED_FACE('',(#902),#2982,.T.);
#3151=ADVANCED_FACE('',(#903,#719),#778,.F.);
#3152=ADVANCED_FACE('',(#904,#720),#2983,.T.);
#3153=ADVANCED_FACE('',(#905,#721),#779,.T.);
#3154=ADVANCED_FACE('',(#906,#722),#780,.T.);
#3155=ADVANCED_FACE('',(#907,#723),#2984,.F.);
#3156=ADVANCED_FACE('',(#908,#724),#781,.T.);
#3157=ADVANCED_FACE('',(#909),#2985,.T.);
#3158=ADVANCED_FACE('',(#910,#725),#13,.T.);
#3159=ADVANCED_FACE('',(#911,#726),#709,.F.);
#3160=ADVANCED_FACE('',(#912,#727),#2986,.T.);
#3161=ADVANCED_FACE('',(#913,#728),#710,.T.);
#3162=ADVANCED_FACE('',(#914),#782,.F.);
#3163=ADVANCED_FACE('',(#915),#783,.F.);
#3164=ADVANCED_FACE('',(#916),#784,.F.);
#3165=ADVANCED_FACE('',(#917),#785,.F.);
#3166=ADVANCED_FACE('',(#918,#729),#2987,.T.);
#3167=ADVANCED_FACE('',(#919,#730),#711,.T.);
#3168=ADVANCED_FACE('',(#920),#2988,.F.);
#3169=ADVANCED_FACE('',(#921,#731),#786,.F.);
#3170=ADVANCED_FACE('',(#922),#2989,.F.);
#3171=ADVANCED_FACE('',(#923),#2990,.F.);
#3172=ADVANCED_FACE('',(#924),#2991,.F.);
#3173=ADVANCED_FACE('',(#925),#2992,.F.);
#3174=ADVANCED_FACE('',(#926),#2993,.T.);
#3175=ADVANCED_FACE('',(#927),#2994,.T.);
#3176=ADVANCED_FACE('',(#928),#2995,.F.);
#3177=ADVANCED_FACE('',(#929),#2996,.F.);
#3178=ADVANCED_FACE('',(#930),#2997,.F.);
#3179=ADVANCED_FACE('',(#931),#2998,.F.);
#3180=ADVANCED_FACE('',(#932),#2999,.F.);
#3181=ADVANCED_FACE('',(#933),#3000,.T.);
#3182=ADVANCED_FACE('',(#934),#3001,.T.);
#3183=ADVANCED_FACE('',(#935),#787,.T.);
#3184=ADVANCED_FACE('',(#936),#3002,.T.);
#3185=ADVANCED_FACE('',(#937),#3003,.T.);
#3186=ADVANCED_FACE('',(#938),#788,.F.);
#3187=ADVANCED_FACE('',(#939),#3004,.F.);
#3188=ADVANCED_FACE('',(#940),#3005,.T.);
#3189=ADVANCED_FACE('',(#941),#3006,.T.);
#3190=ADVANCED_FACE('',(#942),#3007,.T.);
#3191=ADVANCED_FACE('',(#943),#3008,.T.);
#3192=ADVANCED_FACE('',(#944),#3009,.T.);
#3193=ADVANCED_FACE('',(#945),#3010,.T.);
#3194=ADVANCED_FACE('',(#946),#3011,.T.);
#3195=ADVANCED_FACE('',(#947),#3012,.T.);
#3196=ADVANCED_FACE('',(#948),#3013,.F.);
#3197=ADVANCED_FACE('',(#949),#3014,.F.);
#3198=ADVANCED_FACE('',(#950),#3015,.F.);
#3199=ADVANCED_FACE('',(#951),#789,.T.);
#3200=ADVANCED_FACE('',(#952),#3016,.F.);
#3201=ADVANCED_FACE('',(#953),#3017,.F.);
#3202=ADVANCED_FACE('',(#954),#790,.F.);
#3203=ADVANCED_FACE('',(#955),#3018,.T.);
#3204=ADVANCED_FACE('',(#956),#3019,.F.);
#3205=ADVANCED_FACE('',(#957),#3020,.F.);
#3206=ADVANCED_FACE('',(#958),#3021,.F.);
#3207=ADVANCED_FACE('',(#959),#3022,.F.);
#3208=ADVANCED_FACE('',(#960),#3023,.F.);
#3209=ADVANCED_FACE('',(#961),#3024,.F.);
#3210=ADVANCED_FACE('',(#962),#3025,.T.);
#3211=ADVANCED_FACE('',(#963),#3026,.T.);
#3212=ADVANCED_FACE('',(#964),#3027,.T.);
#3213=ADVANCED_FACE('',(#965),#3028,.T.);
#3214=ADVANCED_FACE('',(#966),#3029,.T.);
#3215=ADVANCED_FACE('',(#967,#732,#733,#734,#735,#736),#791,.T.);
#3216=ADVANCED_FACE('',(#968),#3030,.T.);
#3217=ADVANCED_FACE('',(#969),#3031,.T.);
#3218=ADVANCED_FACE('',(#970),#3032,.T.);
#3219=ADVANCED_FACE('',(#971),#3033,.T.);
#3220=ADVANCED_FACE('',(#972),#3034,.T.);
#3221=ADVANCED_FACE('',(#973),#3035,.T.);
#3222=ADVANCED_FACE('',(#974),#3036,.F.);
#3223=ADVANCED_FACE('',(#975),#3037,.F.);
#3224=ADVANCED_FACE('',(#976),#3038,.F.);
#3225=ADVANCED_FACE('',(#977),#3039,.F.);
#3226=ADVANCED_FACE('',(#978),#3040,.F.);
#3227=ADVANCED_FACE('',(#979,#737,#738,#739,#740,#741),#14,.T.);
#3228=ADVANCED_FACE('',(#980,#742),#792,.F.);
#3229=ADVANCED_FACE('',(#981,#743),#3041,.T.);
#3230=ADVANCED_FACE('',(#982,#744),#793,.T.);
#3231=CLOSED_SHELL('',(#3042,#3043,#3044));
#3232=CLOSED_SHELL('',(#3045,#3046,#3047,#3048,#3049,#3050,#3051,#3052,
#3053,#3054,#3055,#3056,#3057,#3058,#3059,#3060,#3061,#3062,#3063,#3064,
#3065,#3066,#3067,#3068,#3069,#3070,#3071,#3072,#3073,#3074,#3075,#3076,
#3077,#3078,#3079,#3080,#3081,#3082,#3083,#3084,#3085,#3086,#3087,#3088,
#3089,#3090,#3091,#3092,#3093,#3094,#3095,#3096,#3097,#3098,#3099,#3100,
#3101,#3102,#3103,#3104,#3105,#3106,#3107,#3108,#3109,#3110,#3111,#3112,
#3113,#3114,#3115,#3116,#3117,#3118,#3119,#3120,#3121,#3122,#3123,#3124,
#3125,#3126,#3127,#3128,#3129,#3130,#3131,#3132,#3133,#3134,#3135,#3136,
#3137,#3138,#3139,#3140,#3141,#3142,#3143,#3144,#3145,#3146,#3147,#3148,
#3149,#3150,#3151,#3152,#3153,#3154,#3155,#3156,#3157,#3158,#3159,#3160,
#3161,#3162,#3163,#3164,#3165,#3166,#3167,#3168,#3169,#3170,#3171,#3172,
#3173,#3174,#3175,#3176,#3177,#3178,#3179,#3180,#3181,#3182,#3183,#3184,
#3185,#3186,#3187,#3188,#3189,#3190,#3191,#3192,#3193,#3194,#3195,#3196,
#3197,#3198,#3199,#3200,#3201,#3202,#3203,#3204,#3205,#3206,#3207,#3208,
#3209,#3210,#3211,#3212,#3213,#3214,#3215,#3216,#3217,#3218,#3219,#3220,
#3221,#3222,#3223,#3224,#3225,#3226,#3227,#3228,#3229,#3230));
#3233=BREP_WITH_VOIDS('T\X2\011B\X0\leso1',#3232,(#712));
#3234=AXIS2_PLACEMENT_3D('placement',#4417,#3543,#3544);
#3235=AXIS2_PLACEMENT_3D('',#4418,#3545,#3546);
#3236=AXIS2_PLACEMENT_3D('',#4420,#3547,#3548);
#3237=AXIS2_PLACEMENT_3D('',#4421,#3549,#3550);
#3238=AXIS2_PLACEMENT_3D('',#4423,#3551,#3552);
#3239=AXIS2_PLACEMENT_3D('',#4424,#3553,#3554);
#3240=AXIS2_PLACEMENT_3D('',#4425,#3555,#3556);
#3241=AXIS2_PLACEMENT_3D('',#4427,#3557,#3558);
#3242=AXIS2_PLACEMENT_3D('',#4429,#3559,#3560);
#3243=AXIS2_PLACEMENT_3D('',#4430,#3561,#3562);
#3244=AXIS2_PLACEMENT_3D('',#4432,#3563,#3564);
#3245=AXIS2_PLACEMENT_3D('',#4488,#3565,#3566);
#3246=AXIS2_PLACEMENT_3D('',#4495,#3567,#3568);
#3247=AXIS2_PLACEMENT_3D('',#4498,#3569,#3570);
#3248=AXIS2_PLACEMENT_3D('',#4500,#3571,#3572);
#3249=AXIS2_PLACEMENT_3D('',#4502,#3573,#3574);
#3250=AXIS2_PLACEMENT_3D('',#4503,#3575,#3576);
#3251=AXIS2_PLACEMENT_3D('',#4504,#3577,#3578);
#3252=AXIS2_PLACEMENT_3D('',#4507,#3579,#3580);
#3253=AXIS2_PLACEMENT_3D('',#4562,#3583,#3584);
#3254=AXIS2_PLACEMENT_3D('',#4565,#3587,#3588);
#3255=AXIS2_PLACEMENT_3D('',#4606,#3591,#3592);
#3256=AXIS2_PLACEMENT_3D('',#4607,#3593,#3594);
#3257=AXIS2_PLACEMENT_3D('',#4609,#3595,#3596);
#3258=AXIS2_PLACEMENT_3D('',#4618,#3598,#3599);
#3259=AXIS2_PLACEMENT_3D('',#4628,#3601,#3602);
#3260=AXIS2_PLACEMENT_3D('',#4637,#3604,#3605);
#3261=AXIS2_PLACEMENT_3D('',#4647,#3607,#3608);
#3262=AXIS2_PLACEMENT_3D('',#4656,#3610,#3611);
#3263=AXIS2_PLACEMENT_3D('',#4665,#3613,#3614);
#3264=AXIS2_PLACEMENT_3D('',#4666,#3615,#3616);
#3265=AXIS2_PLACEMENT_3D('',#4668,#3617,#3618);
#3266=AXIS2_PLACEMENT_3D('',#4670,#3619,#3620);
#3267=AXIS2_PLACEMENT_3D('',#4671,#3621,#3622);
#3268=AXIS2_PLACEMENT_3D('',#4672,#3623,#3624);
#3269=AXIS2_PLACEMENT_3D('',#4706,#3626,#3627);
#3270=AXIS2_PLACEMENT_3D('',#4712,#3628,#3629);
#3271=AXIS2_PLACEMENT_3D('',#4715,#3632,#3633);
#3272=AXIS2_PLACEMENT_3D('',#4717,#3635,#3636);
#3273=AXIS2_PLACEMENT_3D('',#4718,#3637,#3638);
#3274=AXIS2_PLACEMENT_3D('',#4719,#3639,#3640);
#3275=AXIS2_PLACEMENT_3D('',#4768,#3641,#3642);
#3276=AXIS2_PLACEMENT_3D('',#4775,#3643,#3644);
#3277=AXIS2_PLACEMENT_3D('',#4777,#3645,#3646);
#3278=AXIS2_PLACEMENT_3D('',#4779,#3647,#3648);
#3279=AXIS2_PLACEMENT_3D('',#4780,#3649,#3650);
#3280=AXIS2_PLACEMENT_3D('',#4781,#3651,#3652);
#3281=AXIS2_PLACEMENT_3D('',#4783,#3653,#3654);
#3282=AXIS2_PLACEMENT_3D('',#4832,#3656,#3657);
#3283=AXIS2_PLACEMENT_3D('',#4834,#3659,#3660);
#3284=AXIS2_PLACEMENT_3D('',#4875,#3663,#3664);
#3285=AXIS2_PLACEMENT_3D('',#4876,#3665,#3666);
#3286=AXIS2_PLACEMENT_3D('',#4878,#3667,#3668);
#3287=AXIS2_PLACEMENT_3D('',#4880,#3669,#3670);
#3288=AXIS2_PLACEMENT_3D('',#4881,#3671,#3672);
#3289=AXIS2_PLACEMENT_3D('',#4882,#3673,#3674);
#3290=AXIS2_PLACEMENT_3D('',#4916,#3676,#3677);
#3291=AXIS2_PLACEMENT_3D('',#4922,#3678,#3679);
#3292=AXIS2_PLACEMENT_3D('',#4925,#3682,#3683);
#3293=AXIS2_PLACEMENT_3D('',#4927,#3685,#3686);
#3294=AXIS2_PLACEMENT_3D('',#4928,#3687,#3688);
#3295=AXIS2_PLACEMENT_3D('',#4929,#3689,#3690);
#3296=AXIS2_PLACEMENT_3D('',#4978,#3691,#3692);
#3297=AXIS2_PLACEMENT_3D('',#4985,#3693,#3694);
#3298=AXIS2_PLACEMENT_3D('',#4987,#3695,#3696);
#3299=AXIS2_PLACEMENT_3D('',#4989,#3698,#3699);
#3300=AXIS2_PLACEMENT_3D('',#4991,#3700,#3701);
#3301=AXIS2_PLACEMENT_3D('',#4992,#3702,#3703);
#3302=AXIS2_PLACEMENT_3D('',#4993,#3704,#3705);
#3303=AXIS2_PLACEMENT_3D('',#4995,#3706,#3707);
#3304=AXIS2_PLACEMENT_3D('',#5044,#3709,#3710);
#3305=AXIS2_PLACEMENT_3D('',#5047,#3711,#3712);
#3306=AXIS2_PLACEMENT_3D('',#5049,#3713,#3714);
#3307=AXIS2_PLACEMENT_3D('',#5050,#3715,#3716);
#3308=AXIS2_PLACEMENT_3D('',#5051,#3717,#3718);
#3309=AXIS2_PLACEMENT_3D('',#5054,#3719,#3720);
#3310=AXIS2_PLACEMENT_3D('',#5124,#3723,#3724);
#3311=AXIS2_PLACEMENT_3D('',#5130,#3725,#3726);
#3312=AXIS2_PLACEMENT_3D('',#5133,#3729,#3730);
#3313=AXIS2_PLACEMENT_3D('',#5136,#3733,#3734);
#3314=AXIS2_PLACEMENT_3D('',#5137,#3735,#3736);
#3315=AXIS2_PLACEMENT_3D('',#5138,#3737,#3738);
#3316=AXIS2_PLACEMENT_3D('',#5139,#3739,#3740);
#3317=AXIS2_PLACEMENT_3D('',#5188,#3741,#3742);
#3318=AXIS2_PLACEMENT_3D('',#5195,#3743,#3744);
#3319=AXIS2_PLACEMENT_3D('',#5197,#3745,#3746);
#3320=AXIS2_PLACEMENT_3D('',#5199,#3747,#3748);
#3321=AXIS2_PLACEMENT_3D('',#5200,#3749,#3750);
#3322=AXIS2_PLACEMENT_3D('',#5201,#3751,#3752);
#3323=AXIS2_PLACEMENT_3D('',#5203,#3753,#3754);
#3324=AXIS2_PLACEMENT_3D('',#5252,#3756,#3757);
#3325=AXIS2_PLACEMENT_3D('',#5254,#3759,#3760);
#3326=AXIS2_PLACEMENT_3D('',#5295,#3763,#3764);
#3327=AXIS2_PLACEMENT_3D('',#5296,#3765,#3766);
#3328=AXIS2_PLACEMENT_3D('',#5298,#3767,#3768);
#3329=AXIS2_PLACEMENT_3D('',#5300,#3769,#3770);
#3330=AXIS2_PLACEMENT_3D('',#5301,#3771,#3772);
#3331=AXIS2_PLACEMENT_3D('',#5302,#3773,#3774);
#3332=AXIS2_PLACEMENT_3D('',#5336,#3776,#3777);
#3333=AXIS2_PLACEMENT_3D('',#5342,#3778,#3779);
#3334=AXIS2_PLACEMENT_3D('',#5345,#3782,#3783);
#3335=AXIS2_PLACEMENT_3D('',#5347,#3785,#3786);
#3336=AXIS2_PLACEMENT_3D('',#5348,#3787,#3788);
#3337=AXIS2_PLACEMENT_3D('',#5349,#3789,#3790);
#3338=AXIS2_PLACEMENT_3D('',#5350,#3791,#3792);
#3339=AXIS2_PLACEMENT_3D('',#5351,#3793,#3794);
#3340=AXIS2_PLACEMENT_3D('',#5352,#3795,#3796);
#3341=AXIS2_PLACEMENT_3D('',#5353,#3797,#3798);
#3342=AXIS2_PLACEMENT_3D('',#5354,#3799,#3800);
#3343=AXIS2_PLACEMENT_3D('',#5355,#3801,#3802);
#3344=AXIS2_PLACEMENT_3D('',#5356,#3803,#3804);
#3345=AXIS2_PLACEMENT_3D('',#5357,#3805,#3806);
#3346=AXIS2_PLACEMENT_3D('',#5358,#3807,#3808);
#3347=AXIS2_PLACEMENT_3D('',#5360,#3809,#3810);
#3348=AXIS2_PLACEMENT_3D('',#5362,#3811,#3812);
#3349=AXIS2_PLACEMENT_3D('',#5363,#3813,#3814);
#3350=AXIS2_PLACEMENT_3D('',#5366,#3815,#3816);
#3351=AXIS2_PLACEMENT_3D('',#5368,#3817,#3818);
#3352=AXIS2_PLACEMENT_3D('',#5370,#3819,#3820);
#3353=AXIS2_PLACEMENT_3D('',#5372,#3821,#3822);
#3354=AXIS2_PLACEMENT_3D('',#5374,#3823,#3824);
#3355=AXIS2_PLACEMENT_3D('',#5376,#3825,#3826);
#3356=AXIS2_PLACEMENT_3D('',#5378,#3827,#3828);
#3357=AXIS2_PLACEMENT_3D('',#5379,#3829,#3830);
#3358=AXIS2_PLACEMENT_3D('',#5380,#3831,#3832);
#3359=AXIS2_PLACEMENT_3D('',#5383,#3833,#3834);
#3360=AXIS2_PLACEMENT_3D('',#5385,#3835,#3836);
#3361=AXIS2_PLACEMENT_3D('',#5387,#3837,#3838);
#3362=AXIS2_PLACEMENT_3D('',#5389,#3839,#3840);
#3363=AXIS2_PLACEMENT_3D('',#5391,#3841,#3842);
#3364=AXIS2_PLACEMENT_3D('',#5393,#3843,#3844);
#3365=AXIS2_PLACEMENT_3D('',#5395,#3845,#3846);
#3366=AXIS2_PLACEMENT_3D('',#5396,#3847,#3848);
#3367=AXIS2_PLACEMENT_3D('',#5398,#3849,#3850);
#3368=AXIS2_PLACEMENT_3D('',#5399,#3851,#3852);
#3369=AXIS2_PLACEMENT_3D('',#5403,#3854,#3855);
#3370=AXIS2_PLACEMENT_3D('',#5405,#3857,#3858);
#3371=AXIS2_PLACEMENT_3D('',#5410,#3860,#3861);
#3372=AXIS2_PLACEMENT_3D('',#5413,#3863,#3864);
#3373=AXIS2_PLACEMENT_3D('',#5414,#3865,#3866);
#3374=AXIS2_PLACEMENT_3D('',#5418,#3868,#3869);
#3375=AXIS2_PLACEMENT_3D('',#5420,#3871,#3872);
#3376=AXIS2_PLACEMENT_3D('',#5425,#3875,#3876);
#3377=AXIS2_PLACEMENT_3D('',#5426,#3877,#3878);
#3378=AXIS2_PLACEMENT_3D('',#5430,#3880,#3881);
#3379=AXIS2_PLACEMENT_3D('',#5432,#3883,#3884);
#3380=AXIS2_PLACEMENT_3D('',#5437,#3887,#3888);
#3381=AXIS2_PLACEMENT_3D('',#5438,#3889,#3890);
#3382=AXIS2_PLACEMENT_3D('',#5442,#3892,#3893);
#3383=AXIS2_PLACEMENT_3D('',#5444,#3895,#3896);
#3384=AXIS2_PLACEMENT_3D('',#5447,#3899,#3900);
#3385=AXIS2_PLACEMENT_3D('',#5450,#3903,#3904);
#3386=AXIS2_PLACEMENT_3D('',#5459,#3909,#3910);
#3387=AXIS2_PLACEMENT_3D('',#5462,#3913,#3914);
#3388=AXIS2_PLACEMENT_3D('',#5468,#3918,#3919);
#3389=AXIS2_PLACEMENT_3D('',#5477,#3924,#3925);
#3390=AXIS2_PLACEMENT_3D('',#5480,#3928,#3929);
#3391=AXIS2_PLACEMENT_3D('',#5495,#3938,#3939);
#3392=AXIS2_PLACEMENT_3D('',#5498,#3941,#3942);
#3393=AXIS2_PLACEMENT_3D('',#5499,#3943,#3944);
#3394=AXIS2_PLACEMENT_3D('',#5503,#3946,#3947);
#3395=AXIS2_PLACEMENT_3D('',#5505,#3949,#3950);
#3396=AXIS2_PLACEMENT_3D('',#5509,#3952,#3953);
#3397=AXIS2_PLACEMENT_3D('',#5511,#3955,#3956);
#3398=AXIS2_PLACEMENT_3D('',#5514,#3958,#3959);
#3399=AXIS2_PLACEMENT_3D('',#5515,#3960,#3961);
#3400=AXIS2_PLACEMENT_3D('',#5519,#3963,#3964);
#3401=AXIS2_PLACEMENT_3D('',#5521,#3966,#3967);
#3402=AXIS2_PLACEMENT_3D('',#5524,#3969,#3970);
#3403=AXIS2_PLACEMENT_3D('',#5525,#3971,#3972);
#3404=AXIS2_PLACEMENT_3D('',#5529,#3974,#3975);
#3405=AXIS2_PLACEMENT_3D('',#5531,#3977,#3978);
#3406=AXIS2_PLACEMENT_3D('',#5534,#3980,#3981);
#3407=AXIS2_PLACEMENT_3D('',#5535,#3982,#3983);
#3408=AXIS2_PLACEMENT_3D('',#5538,#3986,#3987);
#3409=AXIS2_PLACEMENT_3D('',#5540,#3989,#3990);
#3410=AXIS2_PLACEMENT_3D('',#5543,#3993,#3994);
#3411=AXIS2_PLACEMENT_3D('',#5553,#4000,#4001);
#3412=AXIS2_PLACEMENT_3D('',#5555,#4002,#4003);
#3413=AXIS2_PLACEMENT_3D('',#5557,#4005,#4006);
#3414=AXIS2_PLACEMENT_3D('',#5561,#4009,#4010);
#3415=AXIS2_PLACEMENT_3D('',#5571,#4016,#4017);
#3416=AXIS2_PLACEMENT_3D('',#5573,#4018,#4019);
#3417=AXIS2_PLACEMENT_3D('',#5575,#4021,#4022);
#3418=AXIS2_PLACEMENT_3D('',#5579,#4025,#4026);
#3419=AXIS2_PLACEMENT_3D('',#5581,#4027,#4028);
#3420=AXIS2_PLACEMENT_3D('',#5583,#4030,#4031);
#3421=AXIS2_PLACEMENT_3D('',#5587,#4034,#4035);
#3422=AXIS2_PLACEMENT_3D('',#5589,#4036,#4037);
#3423=AXIS2_PLACEMENT_3D('',#5591,#4039,#4040);
#3424=AXIS2_PLACEMENT_3D('',#5595,#4043,#4044);
#3425=AXIS2_PLACEMENT_3D('',#5601,#4048,#4049);
#3426=AXIS2_PLACEMENT_3D('',#5603,#4051,#4052);
#3427=AXIS2_PLACEMENT_3D('',#5609,#4056,#4057);
#3428=AXIS2_PLACEMENT_3D('',#5611,#4059,#4060);
#3429=AXIS2_PLACEMENT_3D('',#5612,#4061,#4062);
#3430=AXIS2_PLACEMENT_3D('',#5613,#4063,#4064);
#3431=AXIS2_PLACEMENT_3D('',#5614,#4065,#4066);
#3432=AXIS2_PLACEMENT_3D('',#5615,#4067,#4068);
#3433=AXIS2_PLACEMENT_3D('',#5616,#4069,#4070);
#3434=AXIS2_PLACEMENT_3D('',#5618,#4071,#4072);
#3435=AXIS2_PLACEMENT_3D('',#5619,#4073,#4074);
#3436=AXIS2_PLACEMENT_3D('',#5621,#4075,#4076);
#3437=AXIS2_PLACEMENT_3D('',#5622,#4077,#4078);
#3438=AXIS2_PLACEMENT_3D('',#5624,#4079,#4080);
#3439=AXIS2_PLACEMENT_3D('',#5626,#4081,#4082);
#3440=AXIS2_PLACEMENT_3D('',#5627,#4083,#4084);
#3441=AXIS2_PLACEMENT_3D('',#5628,#4085,#4086);
#3442=AXIS2_PLACEMENT_3D('',#5630,#4087,#4088);
#3443=AXIS2_PLACEMENT_3D('',#5632,#4089,#4090);
#3444=AXIS2_PLACEMENT_3D('',#5633,#4091,#4092);
#3445=AXIS2_PLACEMENT_3D('',#5635,#4093,#4094);
#3446=AXIS2_PLACEMENT_3D('',#5636,#4095,#4096);
#3447=AXIS2_PLACEMENT_3D('',#5637,#4097,#4098);
#3448=AXIS2_PLACEMENT_3D('',#5638,#4099,#4100);
#3449=AXIS2_PLACEMENT_3D('',#5640,#4101,#4102);
#3450=AXIS2_PLACEMENT_3D('',#5641,#4103,#4104);
#3451=AXIS2_PLACEMENT_3D('',#5643,#4105,#4106);
#3452=AXIS2_PLACEMENT_3D('',#5645,#4107,#4108);
#3453=AXIS2_PLACEMENT_3D('',#5646,#4109,#4110);
#3454=AXIS2_PLACEMENT_3D('',#5709,#4111,#4112);
#3455=AXIS2_PLACEMENT_3D('',#5772,#4113,#4114);
#3456=AXIS2_PLACEMENT_3D('',#5827,#4115,#4116);
#3457=AXIS2_PLACEMENT_3D('',#5882,#4117,#4118);
#3458=AXIS2_PLACEMENT_3D('',#5884,#4119,#4120);
#3459=AXIS2_PLACEMENT_3D('',#5885,#4121,#4122);
#3460=AXIS2_PLACEMENT_3D('',#5886,#4123,#4124);
#3461=AXIS2_PLACEMENT_3D('',#5888,#4125,#4126);
#3462=AXIS2_PLACEMENT_3D('',#5889,#4127,#4128);
#3463=AXIS2_PLACEMENT_3D('',#5890,#4129,#4130);
#3464=AXIS2_PLACEMENT_3D('',#5899,#4135,#4136);
#3465=AXIS2_PLACEMENT_3D('',#5906,#4139,#4140);
#3466=AXIS2_PLACEMENT_3D('',#5908,#4142,#4143);
#3467=AXIS2_PLACEMENT_3D('',#5912,#4146,#4147);
#3468=AXIS2_PLACEMENT_3D('',#5916,#4150,#4151);
#3469=AXIS2_PLACEMENT_3D('',#5925,#4156,#4157);
#3470=AXIS2_PLACEMENT_3D('',#5932,#4160,#4161);
#3471=AXIS2_PLACEMENT_3D('',#5934,#4163,#4164);
#3472=AXIS2_PLACEMENT_3D('',#5940,#4168,#4169);
#3473=AXIS2_PLACEMENT_3D('',#5947,#4173,#4174);
#3474=AXIS2_PLACEMENT_3D('',#5951,#4176,#4177);
#3475=AXIS2_PLACEMENT_3D('',#5953,#4179,#4180);
#3476=AXIS2_PLACEMENT_3D('',#5959,#4184,#4185);
#3477=AXIS2_PLACEMENT_3D('',#5963,#4188,#4189);
#3478=AXIS2_PLACEMENT_3D('',#5969,#4193,#4194);
#3479=AXIS2_PLACEMENT_3D('',#5975,#4198,#4199);
#3480=AXIS2_PLACEMENT_3D('',#5979,#4201,#4202);
#3481=AXIS2_PLACEMENT_3D('',#5980,#4203,#4204);
#3482=AXIS2_PLACEMENT_3D('',#5981,#4205,#4206);
#3483=AXIS2_PLACEMENT_3D('',#5984,#4209,#4210);
#3484=AXIS2_PLACEMENT_3D('',#5990,#4214,#4215);
#3485=AXIS2_PLACEMENT_3D('',#5991,#4216,#4217);
#3486=AXIS2_PLACEMENT_3D('',#5992,#4218,#4219);
#3487=AXIS2_PLACEMENT_3D('',#5993,#4220,#4221);
#3488=AXIS2_PLACEMENT_3D('',#5996,#4224,#4225);
#3489=AXIS2_PLACEMENT_3D('',#5999,#4228,#4229);
#3490=AXIS2_PLACEMENT_3D('',#6006,#4233,#4234);
#3491=AXIS2_PLACEMENT_3D('',#6012,#4238,#4239);
#3492=AXIS2_PLACEMENT_3D('',#6016,#4242,#4243);
#3493=AXIS2_PLACEMENT_3D('',#6023,#4247,#4248);
#3494=AXIS2_PLACEMENT_3D('',#6029,#4252,#4253);
#3495=AXIS2_PLACEMENT_3D('',#6033,#4256,#4257);
#3496=AXIS2_PLACEMENT_3D('',#6035,#4259,#4260);
#3497=AXIS2_PLACEMENT_3D('',#6036,#4261,#4262);
#3498=AXIS2_PLACEMENT_3D('',#6041,#4265,#4266);
#3499=AXIS2_PLACEMENT_3D('',#6047,#4270,#4271);
#3500=AXIS2_PLACEMENT_3D('',#6049,#4273,#4274);
#3501=AXIS2_PLACEMENT_3D('',#6053,#4277,#4278);
#3502=AXIS2_PLACEMENT_3D('',#6057,#4281,#4282);
#3503=AXIS2_PLACEMENT_3D('',#6060,#4284,#4285);
#3504=AXIS2_PLACEMENT_3D('',#6061,#4286,#4287);
#3505=AXIS2_PLACEMENT_3D('',#6063,#4289,#4290);
#3506=AXIS2_PLACEMENT_3D('',#6067,#4293,#4294);
#3507=AXIS2_PLACEMENT_3D('',#6068,#4295,#4296);
#3508=AXIS2_PLACEMENT_3D('',#6069,#4297,#4298);
#3509=AXIS2_PLACEMENT_3D('',#6072,#4301,#4302);
#3510=AXIS2_PLACEMENT_3D('',#6075,#4303,#4304);
#3511=AXIS2_PLACEMENT_3D('',#6081,#4308,#4309);
#3512=AXIS2_PLACEMENT_3D('',#6087,#4313,#4314);
#3513=AXIS2_PLACEMENT_3D('',#6093,#4318,#4319);
#3514=AXIS2_PLACEMENT_3D('',#6097,#4322,#4323);
#3515=AXIS2_PLACEMENT_3D('',#6101,#4326,#4327);
#3516=AXIS2_PLACEMENT_3D('',#6105,#4329,#4330);
#3517=AXIS2_PLACEMENT_3D('',#6106,#4331,#4332);
#3518=AXIS2_PLACEMENT_3D('',#6112,#4336,#4337);
#3519=AXIS2_PLACEMENT_3D('',#6118,#4341,#4342);
#3520=AXIS2_PLACEMENT_3D('',#6121,#4345,#4346);
#3521=AXIS2_PLACEMENT_3D('',#6123,#4348,#4349);
#3522=AXIS2_PLACEMENT_3D('',#6125,#4351,#4352);
#3523=AXIS2_PLACEMENT_3D('',#6146,#4353,#4354);
#3524=AXIS2_PLACEMENT_3D('',#6149,#4355,#4356);
#3525=AXIS2_PLACEMENT_3D('',#6155,#4359,#4360);
#3526=AXIS2_PLACEMENT_3D('',#6159,#4363,#4364);
#3527=AXIS2_PLACEMENT_3D('',#6165,#4368,#4369);
#3528=AXIS2_PLACEMENT_3D('',#6171,#4373,#4374);
#3529=AXIS2_PLACEMENT_3D('',#6175,#4377,#4378);
#3530=AXIS2_PLACEMENT_3D('',#6179,#4381,#4382);
#3531=AXIS2_PLACEMENT_3D('',#6181,#4384,#4385);
#3532=AXIS2_PLACEMENT_3D('',#6183,#4387,#4388);
#3533=AXIS2_PLACEMENT_3D('',#6189,#4392,#4393);
#3534=AXIS2_PLACEMENT_3D('',#6193,#4396,#4397);
#3535=AXIS2_PLACEMENT_3D('',#6197,#4400,#4401);
#3536=AXIS2_PLACEMENT_3D('',#6199,#4403,#4404);
#3537=AXIS2_PLACEMENT_3D('',#6200,#4405,#4406);
#3538=AXIS2_PLACEMENT_3D('',#6219,#4407,#4408);
#3539=AXIS2_PLACEMENT_3D('',#6221,#4409,#4410);
#3540=AXIS2_PLACEMENT_3D('',#6222,#4411,#4412);
#3541=AXIS2_PLACEMENT_3D('',#6224,#4413,#4414);
#3542=AXIS2_PLACEMENT_3D('',#6225,#4415,#4416);
#3543=DIRECTION('axis',(0.,0.,1.));
#3544=DIRECTION('refdir',(1.,0.,0.));
#3545=DIRECTION('center_axis',(0.,0.,1.));
#3546=DIRECTION('ref_axis',(1.,0.,0.));
#3547=DIRECTION('center_axis',(0.,0.,-1.));
#3548=DIRECTION('ref_axis',(-1.,0.,0.));
#3549=DIRECTION('center_axis',(0.,0.,-1.));
#3550=DIRECTION('ref_axis',(-1.,0.,0.));
#3551=DIRECTION('center_axis',(0.,0.,-1.));
#3552=DIRECTION('ref_axis',(-1.,0.,0.));
#3553=DIRECTION('center_axis',(0.,0.,1.));
#3554=DIRECTION('ref_axis',(1.,0.,0.));
#3555=DIRECTION('center_axis',(1.,0.,0.));
#3556=DIRECTION('ref_axis',(0.,0.,-1.));
#3557=DIRECTION('center_axis',(1.,0.,0.));
#3558=DIRECTION('ref_axis',(0.,0.,-1.));
#3559=DIRECTION('center_axis',(-1.,0.,0.));
#3560=DIRECTION('ref_axis',(0.,0.,-1.));
#3561=DIRECTION('center_axis',(1.,0.,0.));
#3562=DIRECTION('ref_axis',(0.,0.,-1.));
#3563=DIRECTION('center_axis',(1.,0.,0.));
#3564=DIRECTION('ref_axis',(0.,0.,-1.));
#3565=DIRECTION('center_axis',(-3.68038932663247E-12,-1.,0.));
#3566=DIRECTION('ref_axis',(0.,0.,-1.));
#3567=DIRECTION('center_axis',(0.,0.,1.));
#3568=DIRECTION('ref_axis',(1.,0.,0.));
#3569=DIRECTION('center_axis',(-3.46944695195353E-16,1.,0.));
#3570=DIRECTION('ref_axis',(1.,3.46944695195353E-16,0.));
#3571=DIRECTION('center_axis',(0.,0.,1.));
#3572=DIRECTION('ref_axis',(-0.707106781186538,-0.707106781186557,0.));
#3573=DIRECTION('center_axis',(1.,0.,0.));
#3574=DIRECTION('ref_axis',(0.,0.,-1.));
#3575=DIRECTION('center_axis',(0.,0.,-1.));
#3576=DIRECTION('ref_axis',(-0.707106781186538,-0.707106781186557,0.));
#3577=DIRECTION('center_axis',(1.,0.,0.));
#3578=DIRECTION('ref_axis',(0.,0.707106781186547,-0.707106781186548));
#3579=DIRECTION('center_axis',(1.,0.,0.));
#3580=DIRECTION('ref_axis',(0.,0.,-1.));
#3581=DIRECTION('',(-1.,0.,0.));
#3582=DIRECTION('',(1.,0.,0.));
#3583=DIRECTION('center_axis',(1.89655675913106E-16,-1.,0.));
#3584=DIRECTION('ref_axis',(0.70710678118654,0.,-0.707106781186555));
#3585=DIRECTION('',(-1.89655675913106E-16,1.,0.));
#3586=DIRECTION('',(1.89655675913106E-16,-1.,0.));
#3587=DIRECTION('center_axis',(0.,1.,0.));
#3588=DIRECTION('ref_axis',(1.,0.,0.));
#3589=DIRECTION('',(1.,0.,0.));
#3590=DIRECTION('',(0.,0.,1.));
#3591=DIRECTION('center_axis',(-1.,0.,0.));
#3592=DIRECTION('ref_axis',(0.,-1.,0.));
#3593=DIRECTION('center_axis',(0.,0.,1.));
#3594=DIRECTION('ref_axis',(1.,0.,0.));
#3595=DIRECTION('center_axis',(0.,0.,1.));
#3596=DIRECTION('ref_axis',(-0.707106781186547,0.707106781186548,0.));
#3597=DIRECTION('',(-1.89655675913106E-16,1.,0.));
#3598=DIRECTION('center_axis',(0.,0.,1.));
#3599=DIRECTION('ref_axis',(0.707106781186538,-0.707106781186557,0.));
#3600=DIRECTION('',(1.,0.,0.));
#3601=DIRECTION('center_axis',(0.,0.,1.));
#3602=DIRECTION('ref_axis',(-0.707106781186547,-0.707106781186548,0.));
#3603=DIRECTION('',(-1.,-7.90231982971277E-18,0.));
#3604=DIRECTION('center_axis',(0.,0.,1.));
#3605=DIRECTION('ref_axis',(0.707106781186538,0.707106781186557,0.));
#3606=DIRECTION('',(-1.26437117275404E-16,1.,0.));
#3607=DIRECTION('center_axis',(0.,0.,1.));
#3608=DIRECTION('ref_axis',(0.707106781186548,-0.707106781186548,0.));
#3609=DIRECTION('',(1.26437117275404E-16,-1.,0.));
#3610=DIRECTION('center_axis',(0.,0.,1.));
#3611=DIRECTION('ref_axis',(-0.707106781186538,0.707106781186558,0.));
#3612=DIRECTION('',(-1.,7.90231982971277E-18,0.));
#3613=DIRECTION('center_axis',(0.,0.,1.));
#3614=DIRECTION('ref_axis',(0.707106781186548,0.707106781186548,0.));
#3615=DIRECTION('center_axis',(0.408248290463858,-0.816496580927722,-0.408248290463876));
#3616=DIRECTION('ref_axis',(-0.577350269189623,-0.577350269189631,0.577350269189623));
#3617=DIRECTION('center_axis',(0.,0.,1.));
#3618=DIRECTION('ref_axis',(0.,-1.,0.));
#3619=DIRECTION('center_axis',(-1.,0.,0.));
#3620=DIRECTION('ref_axis',(0.,0.,1.));
#3621=DIRECTION('center_axis',(0.,-1.,-1.38777878078144E-15));
#3622=DIRECTION('ref_axis',(-1.,0.,0.));
#3623=DIRECTION('center_axis',(1.,0.,0.));
#3624=DIRECTION('ref_axis',(0.,-0.707106781186547,0.707106781186548));
#3625=DIRECTION('',(-1.,0.,0.));
#3626=DIRECTION('center_axis',(0.,1.,-2.77555756156289E-15));
#3627=DIRECTION('ref_axis',(-1.,0.,0.));
#3628=DIRECTION('center_axis',(1.89655675913106E-16,-1.,0.));
#3629=DIRECTION('ref_axis',(-0.70710678118654,0.,0.707106781186555));
#3630=DIRECTION('',(-1.89655675913106E-16,1.,0.));
#3631=DIRECTION('',(1.89655675913106E-16,-1.,0.));
#3632=DIRECTION('center_axis',(0.,0.,-1.));
#3633=DIRECTION('ref_axis',(-0.707106781186539,-0.707106781186556,0.));
#3634=DIRECTION('',(0.,0.,-1.));
#3635=DIRECTION('center_axis',(0.,0.,1.));
#3636=DIRECTION('ref_axis',(1.,0.,0.));
#3637=DIRECTION('center_axis',(0.,0.,1.));
#3638=DIRECTION('ref_axis',(-0.707106781186547,0.707106781186548,0.));
#3639=DIRECTION('center_axis',(0.,0.,-1.));
#3640=DIRECTION('ref_axis',(0.707106781186547,0.707106781186547,0.));
#3641=DIRECTION('center_axis',(-1.,3.68594044175552E-12,6.39408741536547E-28));
#3642=DIRECTION('ref_axis',(0.,1.73472347597677E-16,-1.));
#3643=DIRECTION('center_axis',(0.,0.,1.));
#3644=DIRECTION('ref_axis',(1.,0.,0.));
#3645=DIRECTION('center_axis',(1.,0.,0.));
#3646=DIRECTION('ref_axis',(0.,-1.,0.));
#3647=DIRECTION('center_axis',(0.,-1.,0.));
#3648=DIRECTION('ref_axis',(0.,0.,-1.));
#3649=DIRECTION('center_axis',(0.,0.,-1.));
#3650=DIRECTION('ref_axis',(-0.707106781186538,0.707106781186558,0.));
#3651=DIRECTION('center_axis',(1.26437117275404E-16,-1.,0.));
#3652=DIRECTION('ref_axis',(0.70710678118654,0.,-0.707106781186555));
#3653=DIRECTION('center_axis',(0.,-1.,0.));
#3654=DIRECTION('ref_axis',(0.,0.,-1.));
#3655=DIRECTION('',(-1.26437117275404E-16,1.,0.));
#3656=DIRECTION('center_axis',(-1.,7.90231982971277E-18,0.));
#3657=DIRECTION('ref_axis',(0.,-0.707106781186547,-0.707106781186548));
#3658=DIRECTION('',(1.,-7.90231982971277E-18,0.));
#3659=DIRECTION('center_axis',(1.,1.26437117275404E-16,0.));
#3660=DIRECTION('ref_axis',(0.,-1.,0.));
#3661=DIRECTION('',(1.26437117275404E-16,-1.,0.));
#3662=DIRECTION('',(0.,0.,1.));
#3663=DIRECTION('center_axis',(0.,1.,0.));
#3664=DIRECTION('ref_axis',(-1.,0.,0.));
#3665=DIRECTION('center_axis',(-0.408248290463858,0.408248290463854,-0.816496580927733));
#3666=DIRECTION('ref_axis',(-0.577350269189626,0.577350269189625,0.577350269189626));
#3667=DIRECTION('center_axis',(0.,0.,1.));
#3668=DIRECTION('ref_axis',(-1.,0.,0.));
#3669=DIRECTION('center_axis',(0.,1.,0.));
#3670=DIRECTION('ref_axis',(0.,0.,1.));
#3671=DIRECTION('center_axis',(-1.,0.,4.44089209850062E-14));
#3672=DIRECTION('ref_axis',(0.,1.,0.));
#3673=DIRECTION('center_axis',(1.26437117275404E-16,-1.,0.));
#3674=DIRECTION('ref_axis',(-0.70710678118654,-1.22663473334671E-16,0.707106781186555));
#3675=DIRECTION('',(-1.26437117275404E-16,1.,0.));
#3676=DIRECTION('center_axis',(1.,0.,0.));
#3677=DIRECTION('ref_axis',(0.,1.,0.));
#3678=DIRECTION('center_axis',(-1.,7.90231982971277E-18,0.));
#3679=DIRECTION('ref_axis',(0.,0.707106781186547,0.707106781186548));
#3680=DIRECTION('',(1.,-7.90231982971277E-18,0.));
#3681=DIRECTION('',(-1.,7.90231982971277E-18,0.));
#3682=DIRECTION('center_axis',(0.,0.,-1.));
#3683=DIRECTION('ref_axis',(-0.70710678118654,0.707106781186555,0.));
#3684=DIRECTION('',(0.,0.,-1.));
#3685=DIRECTION('center_axis',(0.,0.,1.));
#3686=DIRECTION('ref_axis',(1.,0.,0.));
#3687=DIRECTION('center_axis',(0.,0.,-1.));
#3688=DIRECTION('ref_axis',(-1.,0.,0.));
#3689=DIRECTION('center_axis',(0.,0.,-1.));
#3690=DIRECTION('ref_axis',(0.707106781186547,-0.707106781186547,0.));
#3691=DIRECTION('center_axis',(3.69704267200184E-12,1.,5.55111512312565E-15));
#3692=DIRECTION('ref_axis',(0.,5.55111512312565E-15,-1.));
#3693=DIRECTION('center_axis',(-1.26437117275404E-16,1.,0.));
#3694=DIRECTION('ref_axis',(-0.70710678118654,0.,-0.707106781186555));
#3695=DIRECTION('center_axis',(0.,1.,0.));
#3696=DIRECTION('ref_axis',(0.,0.,-1.));
#3697=DIRECTION('',(1.26437117275404E-16,-1.,0.));
#3698=DIRECTION('center_axis',(0.,0.,1.));
#3699=DIRECTION('ref_axis',(1.,0.,0.));
#3700=DIRECTION('center_axis',(-1.,0.,0.));
#3701=DIRECTION('ref_axis',(0.,0.,-1.));
#3702=DIRECTION('center_axis',(0.,0.,-1.));
#3703=DIRECTION('ref_axis',(0.707106781186538,0.707106781186557,0.));
#3704=DIRECTION('center_axis',(-1.,-7.90231982971277E-18,0.));
#3705=DIRECTION('ref_axis',(0.,-0.707106781186547,-0.707106781186548));
#3706=DIRECTION('center_axis',(-1.,0.,0.));
#3707=DIRECTION('ref_axis',(0.,0.,-1.));
#3708=DIRECTION('',(1.,7.90231982971277E-18,0.));
#3709=DIRECTION('center_axis',(0.408248290463858,-0.816496580927722,0.408248290463876));
#3710=DIRECTION('ref_axis',(0.577350269189623,0.577350269189631,0.577350269189623));
#3711=DIRECTION('center_axis',(0.,0.,1.));
#3712=DIRECTION('ref_axis',(0.,1.,0.));
#3713=DIRECTION('center_axis',(1.,0.,0.));
#3714=DIRECTION('ref_axis',(0.,0.,1.));
#3715=DIRECTION('center_axis',(0.,1.,-1.38777878078144E-15));
#3716=DIRECTION('ref_axis',(1.,0.,0.));
#3717=DIRECTION('center_axis',(-1.,-7.90231982971277E-18,0.));
#3718=DIRECTION('ref_axis',(0.,0.707106781186547,0.707106781186548));
#3719=DIRECTION('center_axis',(1.,0.,0.));
#3720=DIRECTION('ref_axis',(0.,1.,0.));
#3721=DIRECTION('',(1.,7.90231982971277E-18,0.));
#3722=DIRECTION('',(-1.,-7.90231982971277E-18,0.));
#3723=DIRECTION('center_axis',(0.,-1.,0.));
#3724=DIRECTION('ref_axis',(1.,0.,0.));
#3725=DIRECTION('center_axis',(-1.26437117275404E-16,1.,0.));
#3726=DIRECTION('ref_axis',(0.70710678118654,0.,0.707106781186555));
#3727=DIRECTION('',(1.26437117275404E-16,-1.,0.));
#3728=DIRECTION('',(-1.26437117275404E-16,1.,0.));
#3729=DIRECTION('center_axis',(0.,0.,-1.));
#3730=DIRECTION('ref_axis',(0.707106781186539,0.707106781186556,0.));
#3731=DIRECTION('',(0.,0.,1.));
#3732=DIRECTION('',(0.,0.,-1.));
#3733=DIRECTION('center_axis',(0.,0.,1.));
#3734=DIRECTION('ref_axis',(1.,0.,0.));
#3735=DIRECTION('center_axis',(0.,0.,-1.));
#3736=DIRECTION('ref_axis',(-1.,0.,0.));
#3737=DIRECTION('center_axis',(0.,0.,-1.));
#3738=DIRECTION('ref_axis',(-0.707106781186547,-0.707106781186548,0.));
#3739=DIRECTION('center_axis',(7.90231982971277E-18,-1.,0.));
#3740=DIRECTION('ref_axis',(-1.,-8.32667268468867E-18,0.));
#3741=DIRECTION('center_axis',(1.,-3.77475828372525E-12,2.22044604925035E-13));
#3742=DIRECTION('ref_axis',(2.22044604925036E-13,1.73472347597684E-16,-1.));
#3743=DIRECTION('center_axis',(0.,0.,1.));
#3744=DIRECTION('ref_axis',(1.,0.,0.));
#3745=DIRECTION('center_axis',(-1.,0.,0.));
#3746=DIRECTION('ref_axis',(0.,1.,0.));
#3747=DIRECTION('center_axis',(-3.46944695195338E-16,1.,0.));
#3748=DIRECTION('ref_axis',(0.,0.,-1.));
#3749=DIRECTION('center_axis',(0.,0.,-1.));
#3750=DIRECTION('ref_axis',(0.707106781186538,-0.707106781186557,0.));
#3751=DIRECTION('center_axis',(-1.89655675913106E-16,1.,0.));
#3752=DIRECTION('ref_axis',(-0.70710678118654,0.,-0.707106781186555));
#3753=DIRECTION('center_axis',(0.,1.,0.));
#3754=DIRECTION('ref_axis',(0.,0.,-1.));
#3755=DIRECTION('',(1.89655675913106E-16,-1.,0.));
#3756=DIRECTION('center_axis',(1.,0.,0.));
#3757=DIRECTION('ref_axis',(0.,0.707106781186547,-0.707106781186548));
#3758=DIRECTION('',(-1.,0.,0.));
#3759=DIRECTION('center_axis',(-1.,-1.89655675913106E-16,0.));
#3760=DIRECTION('ref_axis',(-3.5527136788005E-16,1.,0.));
#3761=DIRECTION('',(-1.89655675913106E-16,1.,0.));
#3762=DIRECTION('',(0.,0.,1.));
#3763=DIRECTION('center_axis',(0.,-1.,0.));
#3764=DIRECTION('ref_axis',(1.,0.,0.));
#3765=DIRECTION('center_axis',(0.408248290463858,-0.408248290463854,-0.816496580927733));
#3766=DIRECTION('ref_axis',(0.577350269189626,-0.577350269189625,0.577350269189626));
#3767=DIRECTION('center_axis',(0.,0.,1.));
#3768=DIRECTION('ref_axis',(1.,3.46944695195384E-16,0.));
#3769=DIRECTION('center_axis',(0.,-1.,0.));
#3770=DIRECTION('ref_axis',(0.,0.,1.));
#3771=DIRECTION('center_axis',(1.,0.,4.44089209850062E-14));
#3772=DIRECTION('ref_axis',(0.,-1.,0.));
#3773=DIRECTION('center_axis',(-1.89655675913106E-16,1.,0.));
#3774=DIRECTION('ref_axis',(0.70710678118654,1.22663473334671E-16,0.707106781186555));
#3775=DIRECTION('',(1.89655675913106E-16,-1.,0.));
#3776=DIRECTION('center_axis',(-1.,0.,0.));
#3777=DIRECTION('ref_axis',(0.,-1.,0.));
#3778=DIRECTION('center_axis',(1.,0.,0.));
#3779=DIRECTION('ref_axis',(0.,-0.707106781186547,0.707106781186548));
#3780=DIRECTION('',(-1.,0.,0.));
#3781=DIRECTION('',(1.,0.,0.));
#3782=DIRECTION('center_axis',(0.,0.,-1.));
#3783=DIRECTION('ref_axis',(0.70710678118654,-0.707106781186555,0.));
#3784=DIRECTION('',(0.,0.,-1.));
#3785=DIRECTION('center_axis',(0.,0.,1.));
#3786=DIRECTION('ref_axis',(1.,0.,0.));
#3787=DIRECTION('center_axis',(0.,0.,-1.));
#3788=DIRECTION('ref_axis',(-1.,0.,0.));
#3789=DIRECTION('center_axis',(0.,0.,-1.));
#3790=DIRECTION('ref_axis',(-0.707106781186547,0.707106781186548,0.));
#3791=DIRECTION('center_axis',(0.,0.,1.));
#3792=DIRECTION('ref_axis',(1.,0.,0.));
#3793=DIRECTION('center_axis',(1.,1.89655675913106E-16,0.));
#3794=DIRECTION('ref_axis',(3.5527136788005E-16,-1.,0.));
#3795=DIRECTION('center_axis',(0.,0.,1.));
#3796=DIRECTION('ref_axis',(1.,0.,0.));
#3797=DIRECTION('center_axis',(0.,1.,0.));
#3798=DIRECTION('ref_axis',(1.,0.,0.));
#3799=DIRECTION('center_axis',(0.,0.,1.));
#3800=DIRECTION('ref_axis',(1.,0.,0.));
#3801=DIRECTION('center_axis',(-1.,-1.26437117275404E-16,0.));
#3802=DIRECTION('ref_axis',(0.,1.,0.));
#3803=DIRECTION('center_axis',(0.,0.,1.));
#3804=DIRECTION('ref_axis',(1.,0.,0.));
#3805=DIRECTION('center_axis',(-7.90231982971277E-18,-1.,0.));
#3806=DIRECTION('ref_axis',(-1.,8.32667268468867E-18,0.));
#3807=DIRECTION('center_axis',(1.,0.,0.));
#3808=DIRECTION('ref_axis',(0.,0.,-1.));
#3809=DIRECTION('center_axis',(1.,0.,0.));
#3810=DIRECTION('ref_axis',(0.,0.,-1.));
#3811=DIRECTION('center_axis',(-1.,0.,0.));
#3812=DIRECTION('ref_axis',(0.,0.,1.));
#3813=DIRECTION('center_axis',(1.,0.,0.));
#3814=DIRECTION('ref_axis',(0.,0.,-1.));
#3815=DIRECTION('center_axis',(1.,0.,0.));
#3816=DIRECTION('ref_axis',(0.,0.,-1.));
#3817=DIRECTION('center_axis',(1.,0.,0.));
#3818=DIRECTION('ref_axis',(0.,0.,-1.));
#3819=DIRECTION('center_axis',(1.,0.,0.));
#3820=DIRECTION('ref_axis',(0.,0.,-1.));
#3821=DIRECTION('center_axis',(1.,0.,0.));
#3822=DIRECTION('ref_axis',(0.,0.,-1.));
#3823=DIRECTION('center_axis',(1.,0.,0.));
#3824=DIRECTION('ref_axis',(0.,0.,-1.));
#3825=DIRECTION('center_axis',(1.,0.,0.));
#3826=DIRECTION('ref_axis',(0.,0.,-1.));
#3827=DIRECTION('center_axis',(1.,0.,0.));
#3828=DIRECTION('ref_axis',(0.,0.,-1.));
#3829=DIRECTION('center_axis',(1.,0.,0.));
#3830=DIRECTION('ref_axis',(0.,0.,-1.));
#3831=DIRECTION('center_axis',(1.,0.,0.));
#3832=DIRECTION('ref_axis',(0.,0.,-1.));
#3833=DIRECTION('center_axis',(1.,0.,0.));
#3834=DIRECTION('ref_axis',(0.,0.,-1.));
#3835=DIRECTION('center_axis',(1.,0.,0.));
#3836=DIRECTION('ref_axis',(0.,0.,-1.));
#3837=DIRECTION('center_axis',(1.,0.,0.));
#3838=DIRECTION('ref_axis',(0.,0.,-1.));
#3839=DIRECTION('center_axis',(1.,0.,0.));
#3840=DIRECTION('ref_axis',(0.,0.,-1.));
#3841=DIRECTION('center_axis',(1.,0.,0.));
#3842=DIRECTION('ref_axis',(0.,0.,-1.));
#3843=DIRECTION('center_axis',(1.,0.,0.));
#3844=DIRECTION('ref_axis',(0.,0.,-1.));
#3845=DIRECTION('center_axis',(1.,0.,0.));
#3846=DIRECTION('ref_axis',(0.,0.,-1.));
#3847=DIRECTION('center_axis',(1.,0.,0.));
#3848=DIRECTION('ref_axis',(0.,0.,-1.));
#3849=DIRECTION('center_axis',(1.,0.,0.));
#3850=DIRECTION('ref_axis',(0.,0.,-1.));
#3851=DIRECTION('center_axis',(1.,0.,0.));
#3852=DIRECTION('ref_axis',(0.,1.,0.));
#3853=DIRECTION('',(1.,0.,0.));
#3854=DIRECTION('center_axis',(1.,0.,0.));
#3855=DIRECTION('ref_axis',(0.,0.,-1.));
#3856=DIRECTION('',(-1.,0.,0.));
#3857=DIRECTION('center_axis',(-1.,0.,0.));
#3858=DIRECTION('ref_axis',(0.,0.,1.));
#3859=DIRECTION('',(0.,0.,1.));
#3860=DIRECTION('center_axis',(1.,0.,0.));
#3861=DIRECTION('ref_axis',(0.,0.,-1.));
#3862=DIRECTION('',(0.,0.,-1.));
#3863=DIRECTION('center_axis',(1.,0.,0.));
#3864=DIRECTION('ref_axis',(0.,0.,-1.));
#3865=DIRECTION('center_axis',(-1.,0.,0.));
#3866=DIRECTION('ref_axis',(0.,0.,1.));
#3867=DIRECTION('',(0.,0.,1.));
#3868=DIRECTION('center_axis',(1.,0.,0.));
#3869=DIRECTION('ref_axis',(0.,0.,-1.));
#3870=DIRECTION('',(0.,0.,-1.));
#3871=DIRECTION('center_axis',(1.,0.,0.));
#3872=DIRECTION('ref_axis',(0.,1.,0.));
#3873=DIRECTION('',(-1.,0.,0.));
#3874=DIRECTION('',(1.,0.,0.));
#3875=DIRECTION('center_axis',(1.,0.,0.));
#3876=DIRECTION('ref_axis',(0.,0.,-1.));
#3877=DIRECTION('center_axis',(1.,0.,0.));
#3878=DIRECTION('ref_axis',(0.,1.,0.));
#3879=DIRECTION('',(1.,0.,0.));
#3880=DIRECTION('center_axis',(1.,0.,0.));
#3881=DIRECTION('ref_axis',(0.,0.,-1.));
#3882=DIRECTION('',(-1.,0.,0.));
#3883=DIRECTION('center_axis',(1.,0.,0.));
#3884=DIRECTION('ref_axis',(0.,0.,-1.));
#3885=DIRECTION('',(0.,0.,-1.));
#3886=DIRECTION('',(0.,0.,1.));
#3887=DIRECTION('center_axis',(1.,0.,0.));
#3888=DIRECTION('ref_axis',(0.,0.,-1.));
#3889=DIRECTION('center_axis',(1.,0.,0.));
#3890=DIRECTION('ref_axis',(0.,0.,-1.));
#3891=DIRECTION('',(0.,0.,-1.));
#3892=DIRECTION('center_axis',(1.,0.,0.));
#3893=DIRECTION('ref_axis',(0.,0.,-1.));
#3894=DIRECTION('',(0.,0.,1.));
#3895=DIRECTION('center_axis',(1.,0.,0.));
#3896=DIRECTION('ref_axis',(0.,1.,0.));
#3897=DIRECTION('',(-1.,0.,0.));
#3898=DIRECTION('',(1.,0.,0.));
#3899=DIRECTION('center_axis',(1.,0.,0.));
#3900=DIRECTION('ref_axis',(0.,1.,0.));
#3901=DIRECTION('',(1.,0.,0.));
#3902=DIRECTION('',(-1.,0.,0.));
#3903=DIRECTION('center_axis',(0.,0.,-1.));
#3904=DIRECTION('ref_axis',(-1.,0.,0.));
#3905=DIRECTION('',(0.,1.,0.));
#3906=DIRECTION('',(1.,0.,0.));
#3907=DIRECTION('',(0.,1.,0.));
#3908=DIRECTION('',(-1.,-2.08912934741293E-16,0.));
#3909=DIRECTION('center_axis',(-1.,0.,0.));
#3910=DIRECTION('ref_axis',(0.,1.,0.));
#3911=DIRECTION('',(0.,0.,-1.));
#3912=DIRECTION('',(0.,0.,-1.));
#3913=DIRECTION('center_axis',(2.08912934741293E-16,-1.,0.));
#3914=DIRECTION('ref_axis',(-1.,-2.1094237467878E-16,0.));
#3915=DIRECTION('',(0.,0.,-1.));
#3916=DIRECTION('',(0.,0.,-1.));
#3917=DIRECTION('',(-1.,0.,0.));
#3918=DIRECTION('center_axis',(0.,0.,-1.));
#3919=DIRECTION('ref_axis',(-1.,0.,0.));
#3920=DIRECTION('',(0.,1.,0.));
#3921=DIRECTION('',(1.,2.98447049630419E-17,0.));
#3922=DIRECTION('',(0.,1.,0.));
#3923=DIRECTION('',(-1.,-1.79068229778251E-16,0.));
#3924=DIRECTION('center_axis',(-1.,0.,0.));
#3925=DIRECTION('ref_axis',(0.,1.,0.));
#3926=DIRECTION('',(0.,0.,-1.));
#3927=DIRECTION('',(0.,0.,-1.));
#3928=DIRECTION('center_axis',(1.79068229778251E-16,-1.,0.));
#3929=DIRECTION('ref_axis',(-1.,-1.77635683940025E-16,0.));
#3930=DIRECTION('',(0.,0.,-1.));
#3931=DIRECTION('',(-1.,0.,0.));
#3932=DIRECTION('',(0.,0.,-1.));
#3933=DIRECTION('',(-1.,0.,0.));
#3934=DIRECTION('',(0.,0.,1.));
#3935=DIRECTION('',(-1.,0.,0.));
#3936=DIRECTION('',(0.,0.,-1.));
#3937=DIRECTION('',(-1.,0.,0.));
#3938=DIRECTION('center_axis',(1.,0.,0.));
#3939=DIRECTION('ref_axis',(0.,1.,0.));
#3940=DIRECTION('',(1.,0.,0.));
#3941=DIRECTION('center_axis',(1.,0.,0.));
#3942=DIRECTION('ref_axis',(0.,0.,-1.));
#3943=DIRECTION('center_axis',(1.,0.,0.));
#3944=DIRECTION('ref_axis',(0.,1.,0.));
#3945=DIRECTION('',(-1.,0.,0.));
#3946=DIRECTION('center_axis',(1.,0.,0.));
#3947=DIRECTION('ref_axis',(0.,0.,-1.));
#3948=DIRECTION('',(1.,0.,0.));
#3949=DIRECTION('center_axis',(1.,0.,0.));
#3950=DIRECTION('ref_axis',(0.,0.,-1.));
#3951=DIRECTION('',(0.,0.,-1.));
#3952=DIRECTION('center_axis',(1.,0.,0.));
#3953=DIRECTION('ref_axis',(0.,0.,-1.));
#3954=DIRECTION('',(0.,0.,-1.));
#3955=DIRECTION('center_axis',(1.,0.,0.));
#3956=DIRECTION('ref_axis',(0.,0.,-1.));
#3957=DIRECTION('',(0.,0.,1.));
#3958=DIRECTION('center_axis',(1.,0.,0.));
#3959=DIRECTION('ref_axis',(0.,0.,-1.));
#3960=DIRECTION('center_axis',(1.,0.,0.));
#3961=DIRECTION('ref_axis',(0.,1.,0.));
#3962=DIRECTION('',(-1.,0.,0.));
#3963=DIRECTION('center_axis',(1.,0.,0.));
#3964=DIRECTION('ref_axis',(0.,0.,-1.));
#3965=DIRECTION('',(1.,0.,0.));
#3966=DIRECTION('center_axis',(1.,0.,0.));
#3967=DIRECTION('ref_axis',(0.,1.,0.));
#3968=DIRECTION('',(1.,0.,0.));
#3969=DIRECTION('center_axis',(1.,0.,0.));
#3970=DIRECTION('ref_axis',(0.,0.,-1.));
#3971=DIRECTION('center_axis',(-1.,0.,0.));
#3972=DIRECTION('ref_axis',(0.,0.,1.));
#3973=DIRECTION('',(0.,0.,1.));
#3974=DIRECTION('center_axis',(1.,0.,0.));
#3975=DIRECTION('ref_axis',(0.,0.,-1.));
#3976=DIRECTION('',(0.,0.,1.));
#3977=DIRECTION('center_axis',(-1.,0.,0.));
#3978=DIRECTION('ref_axis',(0.,0.,1.));
#3979=DIRECTION('',(0.,0.,-1.));
#3980=DIRECTION('center_axis',(1.,0.,0.));
#3981=DIRECTION('ref_axis',(0.,0.,-1.));
#3982=DIRECTION('center_axis',(1.,0.,0.));
#3983=DIRECTION('ref_axis',(0.,1.,0.));
#3984=DIRECTION('',(-1.,0.,0.));
#3985=DIRECTION('',(1.,0.,0.));
#3986=DIRECTION('center_axis',(1.,0.,0.));
#3987=DIRECTION('ref_axis',(0.,1.,0.));
#3988=DIRECTION('',(1.,0.,0.));
#3989=DIRECTION('center_axis',(1.,0.,0.));
#3990=DIRECTION('ref_axis',(0.,1.,0.));
#3991=DIRECTION('',(-1.,0.,0.));
#3992=DIRECTION('',(1.,0.,0.));
#3993=DIRECTION('center_axis',(0.,-1.,0.));
#3994=DIRECTION('ref_axis',(1.,0.,0.));
#3995=DIRECTION('',(0.,0.,1.));
#3996=DIRECTION('',(1.,0.,0.));
#3997=DIRECTION('',(0.,0.,1.));
#3998=DIRECTION('',(0.,0.,1.));
#3999=DIRECTION('',(-1.,0.,0.));
#4000=DIRECTION('center_axis',(-1.,0.,0.));
#4001=DIRECTION('ref_axis',(0.,-1.,0.));
#4002=DIRECTION('center_axis',(1.,0.,0.));
#4003=DIRECTION('ref_axis',(0.,0.,1.));
#4004=DIRECTION('',(0.,0.,1.));
#4005=DIRECTION('center_axis',(1.,0.,0.));
#4006=DIRECTION('ref_axis',(0.,1.,0.));
#4007=DIRECTION('',(0.,1.,0.));
#4008=DIRECTION('',(0.,0.,1.));
#4009=DIRECTION('center_axis',(2.98447049630419E-17,-1.,0.));
#4010=DIRECTION('ref_axis',(1.,2.22044604925031E-17,0.));
#4011=DIRECTION('',(0.,0.,1.));
#4012=DIRECTION('',(1.,2.98447049630419E-17,0.));
#4013=DIRECTION('',(0.,0.,1.));
#4014=DIRECTION('',(0.,0.,1.));
#4015=DIRECTION('',(-1.,0.,0.));
#4016=DIRECTION('center_axis',(-1.,0.,0.));
#4017=DIRECTION('ref_axis',(0.,-1.,0.));
#4018=DIRECTION('center_axis',(1.,0.,0.));
#4019=DIRECTION('ref_axis',(0.,0.,1.));
#4020=DIRECTION('',(0.,0.,1.));
#4021=DIRECTION('center_axis',(1.,0.,0.));
#4022=DIRECTION('ref_axis',(0.,1.,0.));
#4023=DIRECTION('',(0.,1.,0.));
#4024=DIRECTION('',(0.,0.,1.));
#4025=DIRECTION('center_axis',(1.,0.,0.));
#4026=DIRECTION('ref_axis',(0.,-1.,0.));
#4027=DIRECTION('center_axis',(1.,0.,0.));
#4028=DIRECTION('ref_axis',(0.,0.,1.));
#4029=DIRECTION('',(0.,0.,-1.));
#4030=DIRECTION('center_axis',(0.,1.,0.));
#4031=DIRECTION('ref_axis',(1.,0.,0.));
#4032=DIRECTION('',(0.,0.,1.));
#4033=DIRECTION('',(1.,0.,0.));
#4034=DIRECTION('center_axis',(1.,0.,0.));
#4035=DIRECTION('ref_axis',(0.,-1.,0.));
#4036=DIRECTION('center_axis',(1.,0.,0.));
#4037=DIRECTION('ref_axis',(0.,0.,1.));
#4038=DIRECTION('',(0.,0.,-1.));
#4039=DIRECTION('center_axis',(-2.98447049630419E-17,1.,0.));
#4040=DIRECTION('ref_axis',(1.,2.22044604925031E-17,0.));
#4041=DIRECTION('',(0.,0.,1.));
#4042=DIRECTION('',(1.,0.,0.));
#4043=DIRECTION('center_axis',(-2.08912934741293E-16,1.,0.));
#4044=DIRECTION('ref_axis',(-1.,-2.1094237467878E-16,0.));
#4045=DIRECTION('',(0.,0.,-1.));
#4046=DIRECTION('',(1.,0.,0.));
#4047=DIRECTION('',(-1.,-2.08912934741293E-16,0.));
#4048=DIRECTION('center_axis',(0.,0.,-1.));
#4049=DIRECTION('ref_axis',(-1.,0.,0.));
#4050=DIRECTION('',(0.,-1.,0.));
#4051=DIRECTION('center_axis',(-1.79068229778251E-16,1.,0.));
#4052=DIRECTION('ref_axis',(-1.,-1.77635683940025E-16,0.));
#4053=DIRECTION('',(0.,0.,-1.));
#4054=DIRECTION('',(1.,0.,0.));
#4055=DIRECTION('',(-1.,-1.79068229778251E-16,0.));
#4056=DIRECTION('center_axis',(0.,0.,-1.));
#4057=DIRECTION('ref_axis',(-1.,0.,0.));
#4058=DIRECTION('',(0.,-1.,0.));
#4059=DIRECTION('center_axis',(-1.,0.,0.));
#4060=DIRECTION('ref_axis',(0.,0.,1.));
#4061=DIRECTION('center_axis',(-1.,0.,0.));
#4062=DIRECTION('ref_axis',(0.,0.,1.));
#4063=DIRECTION('center_axis',(-1.,0.,0.));
#4064=DIRECTION('ref_axis',(0.,0.,1.));
#4065=DIRECTION('center_axis',(-1.,0.,0.));
#4066=DIRECTION('ref_axis',(0.,0.,1.));
#4067=DIRECTION('center_axis',(-1.,0.,0.));
#4068=DIRECTION('ref_axis',(0.,0.,1.));
#4069=DIRECTION('center_axis',(1.,0.,0.));
#4070=DIRECTION('ref_axis',(0.,0.,-1.));
#4071=DIRECTION('center_axis',(-1.,0.,0.));
#4072=DIRECTION('ref_axis',(0.,0.,1.));
#4073=DIRECTION('center_axis',(1.,0.,0.));
#4074=DIRECTION('ref_axis',(0.,0.,1.));
#4075=DIRECTION('center_axis',(1.,0.,0.));
#4076=DIRECTION('ref_axis',(0.,0.,1.));
#4077=DIRECTION('center_axis',(1.,0.,0.));
#4078=DIRECTION('ref_axis',(0.,0.,1.));
#4079=DIRECTION('center_axis',(1.,0.,0.));
#4080=DIRECTION('ref_axis',(0.,0.,1.));
#4081=DIRECTION('center_axis',(-1.,0.,0.));
#4082=DIRECTION('ref_axis',(0.,0.,1.));
#4083=DIRECTION('center_axis',(1.,0.,0.));
#4084=DIRECTION('ref_axis',(0.,0.,-1.));
#4085=DIRECTION('center_axis',(1.,0.,0.));
#4086=DIRECTION('ref_axis',(0.,0.,1.));
#4087=DIRECTION('center_axis',(1.,0.,0.));
#4088=DIRECTION('ref_axis',(0.,0.,1.));
#4089=DIRECTION('center_axis',(-1.,0.,0.));
#4090=DIRECTION('ref_axis',(0.,0.,1.));
#4091=DIRECTION('center_axis',(1.,0.,0.));
#4092=DIRECTION('ref_axis',(0.,0.,-1.));
#4093=DIRECTION('center_axis',(-1.,0.,0.));
#4094=DIRECTION('ref_axis',(0.,0.,1.));
#4095=DIRECTION('center_axis',(-1.,0.,0.));
#4096=DIRECTION('ref_axis',(0.,0.,1.));
#4097=DIRECTION('center_axis',(1.,0.,0.));
#4098=DIRECTION('ref_axis',(0.,0.,-1.));
#4099=DIRECTION('center_axis',(1.,0.,0.));
#4100=DIRECTION('ref_axis',(0.,0.,-1.));
#4101=DIRECTION('center_axis',(1.,0.,0.));
#4102=DIRECTION('ref_axis',(0.,0.,-1.));
#4103=DIRECTION('center_axis',(1.,0.,0.));
#4104=DIRECTION('ref_axis',(0.,0.,-1.));
#4105=DIRECTION('center_axis',(1.,0.,0.));
#4106=DIRECTION('ref_axis',(0.,0.,-1.));
#4107=DIRECTION('center_axis',(1.,0.,0.));
#4108=DIRECTION('ref_axis',(0.,0.,-1.));
#4109=DIRECTION('center_axis',(0.,0.,1.));
#4110=DIRECTION('ref_axis',(0.388608422693605,0.921403002931718,0.));
#4111=DIRECTION('center_axis',(0.,0.,-1.));
#4112=DIRECTION('ref_axis',(0.388608422693605,-0.921403002931718,0.));
#4113=DIRECTION('center_axis',(0.,1.,0.));
#4114=DIRECTION('ref_axis',(-0.519215041284452,0.,0.854643633863837));
#4115=DIRECTION('center_axis',(0.,-1.,0.));
#4116=DIRECTION('ref_axis',(-0.519215041284452,0.,-0.854643633863837));
#4117=DIRECTION('center_axis',(-1.,0.,0.));
#4118=DIRECTION('ref_axis',(0.,0.,1.));
#4119=DIRECTION('center_axis',(-1.,0.,0.));
#4120=DIRECTION('ref_axis',(0.,0.,-1.));
#4121=DIRECTION('center_axis',(1.,0.,0.));
#4122=DIRECTION('ref_axis',(0.,0.,-1.));
#4123=DIRECTION('center_axis',(1.,0.,0.));
#4124=DIRECTION('ref_axis',(0.,0.,-1.));
#4125=DIRECTION('center_axis',(1.,0.,0.));
#4126=DIRECTION('ref_axis',(0.,0.,-1.));
#4127=DIRECTION('center_axis',(1.,0.,0.));
#4128=DIRECTION('ref_axis',(0.,0.,-1.));
#4129=DIRECTION('center_axis',(1.70803542250024E-16,-1.,0.));
#4130=DIRECTION('ref_axis',(1.,1.77635683940025E-16,0.));
#4131=DIRECTION('',(0.,0.,1.));
#4132=DIRECTION('',(-1.,-1.70803542250024E-16,0.));
#4133=DIRECTION('',(0.,0.,1.));
#4134=DIRECTION('',(1.,1.70803542250024E-16,0.));
#4135=DIRECTION('center_axis',(-1.,0.,0.));
#4136=DIRECTION('ref_axis',(0.,-1.,0.));
#4137=DIRECTION('',(0.,0.,-1.));
#4138=DIRECTION('',(0.,1.,0.));
#4139=DIRECTION('center_axis',(-1.,0.,0.));
#4140=DIRECTION('ref_axis',(0.,0.,-1.));
#4141=DIRECTION('',(0.,-1.,0.));
#4142=DIRECTION('center_axis',(0.,0.,-1.));
#4143=DIRECTION('ref_axis',(-1.,0.,0.));
#4144=DIRECTION('',(0.91047424056389,0.413565783485056,0.));
#4145=DIRECTION('',(1.,0.,0.));
#4146=DIRECTION('center_axis',(0.,0.,1.));
#4147=DIRECTION('ref_axis',(1.,0.,0.));
#4148=DIRECTION('',(-0.91047424056389,-0.413565783485056,0.));
#4149=DIRECTION('',(-1.,0.,0.));
#4150=DIRECTION('center_axis',(-1.70803542250024E-16,-1.,0.));
#4151=DIRECTION('ref_axis',(1.,-1.77635683940025E-16,0.));
#4152=DIRECTION('',(0.,0.,1.));
#4153=DIRECTION('',(1.,-1.70803542250024E-16,0.));
#4154=DIRECTION('',(0.,0.,1.));
#4155=DIRECTION('',(-1.,1.70803542250024E-16,0.));
#4156=DIRECTION('center_axis',(-1.,0.,0.));
#4157=DIRECTION('ref_axis',(0.,-1.,0.));
#4158=DIRECTION('',(0.,0.,-1.));
#4159=DIRECTION('',(0.,1.,0.));
#4160=DIRECTION('center_axis',(1.,0.,0.));
#4161=DIRECTION('ref_axis',(0.,0.,-1.));
#4162=DIRECTION('',(0.,-1.,0.));
#4163=DIRECTION('center_axis',(0.,0.,1.));
#4164=DIRECTION('ref_axis',(1.,0.,0.));
#4165=DIRECTION('',(0.91047424056389,0.413565783485056,0.));
#4166=DIRECTION('',(-1.,0.,0.));
#4167=DIRECTION('',(0.55910385327487,-0.829097630712567,0.));
#4168=DIRECTION('center_axis',(0.,0.,1.));
#4169=DIRECTION('ref_axis',(1.,0.,0.));
#4170=DIRECTION('',(-0.559103853274869,0.829097630712568,0.));
#4171=DIRECTION('',(-1.,0.,0.));
#4172=DIRECTION('',(0.,1.,0.));
#4173=DIRECTION('center_axis',(1.,0.,0.));
#4174=DIRECTION('ref_axis',(0.,1.,0.));
#4175=DIRECTION('',(0.,0.,1.));
#4176=DIRECTION('center_axis',(1.,0.,0.));
#4177=DIRECTION('ref_axis',(0.,0.,-1.));
#4178=DIRECTION('',(0.,-1.,0.));
#4179=DIRECTION('center_axis',(0.,0.,-1.));
#4180=DIRECTION('ref_axis',(-1.,0.,0.));
#4181=DIRECTION('',(-0.91047424056389,-0.413565783485056,0.));
#4182=DIRECTION('',(-0.55910385327487,0.829097630712567,0.));
#4183=DIRECTION('',(1.,0.,0.));
#4184=DIRECTION('center_axis',(0.,0.,-1.));
#4185=DIRECTION('ref_axis',(-1.,0.,0.));
#4186=DIRECTION('',(0.559103853274869,-0.829097630712568,0.));
#4187=DIRECTION('',(1.,0.,0.));
#4188=DIRECTION('center_axis',(-0.829097630712567,-0.55910385327487,0.));
#4189=DIRECTION('ref_axis',(0.55910385327487,-0.829097630712567,0.));
#4190=DIRECTION('',(0.55910385327487,-0.829097630712567,0.));
#4191=DIRECTION('',(0.,0.,1.));
#4192=DIRECTION('',(-0.55910385327487,0.829097630712567,0.));
#4193=DIRECTION('center_axis',(0.829097630712568,0.55910385327487,0.));
#4194=DIRECTION('ref_axis',(-0.55910385327487,0.829097630712568,0.));
#4195=DIRECTION('',(0.,0.,1.));
#4196=DIRECTION('',(-0.55910385327487,0.829097630712568,0.));
#4197=DIRECTION('',(0.55910385327487,-0.829097630712568,0.));
#4198=DIRECTION('center_axis',(0.,0.,1.));
#4199=DIRECTION('ref_axis',(0.829097630712567,0.55910385327487,0.));
#4200=DIRECTION('',(0.,0.,1.));
#4201=DIRECTION('center_axis',(0.,0.,1.));
#4202=DIRECTION('ref_axis',(0.829097630712567,0.55910385327487,0.));
#4203=DIRECTION('center_axis',(0.,0.,-1.));
#4204=DIRECTION('ref_axis',(0.829097630712567,0.55910385327487,0.));
#4205=DIRECTION('center_axis',(-0.413565783485056,0.91047424056389,0.));
#4206=DIRECTION('ref_axis',(-0.91047424056389,-0.413565783485057,0.));
#4207=DIRECTION('',(-0.910474240563889,-0.413565783485056,0.));
#4208=DIRECTION('',(0.910474240563889,0.413565783485056,0.));
#4209=DIRECTION('center_axis',(0.413565783485056,-0.91047424056389,0.));
#4210=DIRECTION('ref_axis',(0.91047424056389,0.413565783485056,0.));
#4211=DIRECTION('',(0.,0.,1.));
#4212=DIRECTION('',(0.91047424056389,0.413565783485056,0.));
#4213=DIRECTION('',(-0.91047424056389,-0.413565783485056,0.));
#4214=DIRECTION('center_axis',(0.,0.,1.));
#4215=DIRECTION('ref_axis',(-0.829097630712568,-0.55910385327487,0.));
#4216=DIRECTION('center_axis',(0.,0.,-1.));
#4217=DIRECTION('ref_axis',(-0.829097630712568,-0.55910385327487,0.));
#4218=DIRECTION('center_axis',(0.,0.,1.));
#4219=DIRECTION('ref_axis',(-0.829097630712568,-0.55910385327487,0.));
#4220=DIRECTION('center_axis',(0.,0.,1.));
#4221=DIRECTION('ref_axis',(1.,0.,0.));
#4222=DIRECTION('',(1.,0.,0.));
#4223=DIRECTION('',(1.,0.,0.));
#4224=DIRECTION('center_axis',(0.,0.,1.));
#4225=DIRECTION('ref_axis',(1.,0.,0.));
#4226=DIRECTION('',(-1.,0.,0.));
#4227=DIRECTION('',(-1.,0.,0.));
#4228=DIRECTION('center_axis',(0.,0.,-1.));
#4229=DIRECTION('ref_axis',(1.,0.,0.));
#4230=DIRECTION('',(0.91047424056389,-0.413565783485056,0.));
#4231=DIRECTION('',(1.,0.,0.));
#4232=DIRECTION('',(0.,1.,0.));
#4233=DIRECTION('center_axis',(0.,0.,-1.));
#4234=DIRECTION('ref_axis',(1.,0.,0.));
#4235=DIRECTION('',(-0.91047424056389,0.413565783485056,0.));
#4236=DIRECTION('',(-0.55910385327487,-0.829097630712567,0.));
#4237=DIRECTION('',(1.,0.,0.));
#4238=DIRECTION('center_axis',(0.,0.,-1.));
#4239=DIRECTION('ref_axis',(1.,0.,0.));
#4240=DIRECTION('',(0.559103853274869,0.829097630712567,0.));
#4241=DIRECTION('',(1.,0.,0.));
#4242=DIRECTION('center_axis',(0.,0.,1.));
#4243=DIRECTION('ref_axis',(-1.,0.,0.));
#4244=DIRECTION('',(-0.91047424056389,0.413565783485056,0.));
#4245=DIRECTION('',(0.,-1.,0.));
#4246=DIRECTION('',(-1.,0.,0.));
#4247=DIRECTION('center_axis',(0.,0.,1.));
#4248=DIRECTION('ref_axis',(-1.,0.,0.));
#4249=DIRECTION('',(0.91047424056389,-0.413565783485056,0.));
#4250=DIRECTION('',(-1.,0.,0.));
#4251=DIRECTION('',(0.55910385327487,0.829097630712567,0.));
#4252=DIRECTION('center_axis',(0.,0.,1.));
#4253=DIRECTION('ref_axis',(-1.,0.,0.));
#4254=DIRECTION('',(-0.559103853274869,-0.829097630712568,0.));
#4255=DIRECTION('',(-1.,0.,0.));
#4256=DIRECTION('center_axis',(1.,0.,0.));
#4257=DIRECTION('ref_axis',(0.,1.,0.));
#4258=DIRECTION('',(0.,0.,1.));
#4259=DIRECTION('center_axis',(-1.,0.,0.));
#4260=DIRECTION('ref_axis',(0.,0.,-1.));
#4261=DIRECTION('center_axis',(0.,0.,-1.));
#4262=DIRECTION('ref_axis',(1.,0.,0.));
#4263=DIRECTION('',(1.,0.,0.));
#4264=DIRECTION('',(-0.910474240563889,0.413565783485056,0.));
#4265=DIRECTION('center_axis',(0.,0.,-1.));
#4266=DIRECTION('ref_axis',(0.829097630712567,-0.55910385327487,0.));
#4267=DIRECTION('',(-0.55910385327487,-0.829097630712568,0.));
#4268=DIRECTION('',(1.,0.,0.));
#4269=DIRECTION('',(0.55910385327487,0.829097630712567,0.));
#4270=DIRECTION('center_axis',(0.,0.,1.));
#4271=DIRECTION('ref_axis',(-0.829097630712568,0.55910385327487,0.));
#4272=DIRECTION('',(0.91047424056389,-0.413565783485056,0.));
#4273=DIRECTION('center_axis',(0.829097630712567,-0.55910385327487,0.));
#4274=DIRECTION('ref_axis',(0.55910385327487,0.829097630712567,0.));
#4275=DIRECTION('',(-0.55910385327487,-0.829097630712567,0.));
#4276=DIRECTION('',(0.,0.,1.));
#4277=DIRECTION('center_axis',(-0.829097630712568,0.55910385327487,0.));
#4278=DIRECTION('ref_axis',(-0.55910385327487,-0.829097630712568,0.));
#4279=DIRECTION('',(0.,0.,1.));
#4280=DIRECTION('',(0.55910385327487,0.829097630712568,0.));
#4281=DIRECTION('center_axis',(0.,0.,-1.));
#4282=DIRECTION('ref_axis',(0.829097630712567,-0.55910385327487,0.));
#4283=DIRECTION('',(0.,0.,1.));
#4284=DIRECTION('center_axis',(0.,0.,1.));
#4285=DIRECTION('ref_axis',(0.829097630712567,-0.55910385327487,0.));
#4286=DIRECTION('center_axis',(0.413565783485056,0.91047424056389,0.));
#4287=DIRECTION('ref_axis',(-0.91047424056389,0.413565783485057,0.));
#4288=DIRECTION('',(0.910474240563889,-0.413565783485056,0.));
#4289=DIRECTION('center_axis',(-0.413565783485056,-0.91047424056389,0.));
#4290=DIRECTION('ref_axis',(0.91047424056389,-0.413565783485056,0.));
#4291=DIRECTION('',(0.,0.,1.));
#4292=DIRECTION('',(-0.91047424056389,0.413565783485056,0.));
#4293=DIRECTION('center_axis',(0.,0.,-1.));
#4294=DIRECTION('ref_axis',(-0.829097630712568,0.55910385327487,0.));
#4295=DIRECTION('center_axis',(0.,0.,-1.));
#4296=DIRECTION('ref_axis',(-0.829097630712568,0.55910385327487,0.));
#4297=DIRECTION('center_axis',(0.,0.,-1.));
#4298=DIRECTION('ref_axis',(1.,0.,0.));
#4299=DIRECTION('',(-1.,0.,0.));
#4300=DIRECTION('',(-1.,0.,0.));
#4301=DIRECTION('center_axis',(1.,0.,0.));
#4302=DIRECTION('ref_axis',(0.,0.,-1.));
#4303=DIRECTION('center_axis',(1.,0.,0.));
#4304=DIRECTION('ref_axis',(0.,0.,-1.));
#4305=DIRECTION('',(0.,0.,-1.));
#4306=DIRECTION('',(0.,1.,0.));
#4307=DIRECTION('',(0.,0.,1.));
#4308=DIRECTION('center_axis',(0.,0.,-1.));
#4309=DIRECTION('ref_axis',(-1.,0.,0.));
#4310=DIRECTION('',(0.,1.,0.));
#4311=DIRECTION('',(1.,0.,0.));
#4312=DIRECTION('',(-1.,0.,0.));
#4313=DIRECTION('center_axis',(-1.,0.,0.));
#4314=DIRECTION('ref_axis',(0.,0.,1.));
#4315=DIRECTION('',(0.,-1.,0.));
#4316=DIRECTION('',(0.,0.,-1.));
#4317=DIRECTION('',(0.,0.,1.));
#4318=DIRECTION('center_axis',(0.,-1.,0.));
#4319=DIRECTION('ref_axis',(0.,0.,-1.));
#4320=DIRECTION('',(0.997564050259824,0.,0.0697564737441253));
#4321=DIRECTION('',(-1.,0.,0.));
#4322=DIRECTION('center_axis',(0.,1.,0.));
#4323=DIRECTION('ref_axis',(0.,0.,1.));
#4324=DIRECTION('',(-0.997564050259824,0.,-0.0697564737441253));
#4325=DIRECTION('',(1.,0.,0.));
#4326=DIRECTION('center_axis',(-1.,0.,0.));
#4327=DIRECTION('ref_axis',(0.,0.,1.));
#4328=DIRECTION('',(0.,1.,0.));
#4329=DIRECTION('center_axis',(-1.,0.,0.));
#4330=DIRECTION('ref_axis',(0.,0.,-1.));
#4331=DIRECTION('center_axis',(-0.069756473744125,0.,0.997564050259824));
#4332=DIRECTION('ref_axis',(0.997564050259824,0.,0.0697564737441251));
#4333=DIRECTION('',(0.,1.,0.));
#4334=DIRECTION('',(0.997564050259824,0.,0.069756473744125));
#4335=DIRECTION('',(-0.997564050259824,0.,-0.069756473744125));
#4336=DIRECTION('center_axis',(0.550620814646486,0.,0.83475548424556));
#4337=DIRECTION('ref_axis',(0.83475548424556,0.,-0.550620814646486));
#4338=DIRECTION('',(0.,1.,0.));
#4339=DIRECTION('',(0.83475548424556,0.,-0.550620814646486));
#4340=DIRECTION('',(-0.83475548424556,0.,0.550620814646486));
#4341=DIRECTION('center_axis',(0.0697564737441253,0.,-0.997564050259824));
#4342=DIRECTION('ref_axis',(-0.997564050259824,0.,-0.0697564737441253));
#4343=DIRECTION('',(-0.997564050259824,0.,-0.0697564737441253));
#4344=DIRECTION('',(0.997564050259824,0.,0.0697564737441253));
#4345=DIRECTION('center_axis',(0.,-1.,0.));
#4346=DIRECTION('ref_axis',(0.,0.,-1.));
#4347=DIRECTION('',(-1.,0.,0.));
#4348=DIRECTION('center_axis',(0.,1.,0.));
#4349=DIRECTION('ref_axis',(0.,0.,1.));
#4350=DIRECTION('',(1.,0.,0.));
#4351=DIRECTION('center_axis',(-1.,0.,0.));
#4352=DIRECTION('ref_axis',(0.,0.,-1.));
#4353=DIRECTION('center_axis',(-1.,0.,0.));
#4354=DIRECTION('ref_axis',(0.,0.,-1.));
#4355=DIRECTION('center_axis',(-1.,0.,0.));
#4356=DIRECTION('ref_axis',(0.,0.,-1.));
#4357=DIRECTION('',(1.,0.,0.));
#4358=DIRECTION('',(1.,0.,0.));
#4359=DIRECTION('center_axis',(1.,0.,0.));
#4360=DIRECTION('ref_axis',(0.,0.,-1.));
#4361=DIRECTION('',(-1.,0.,0.));
#4362=DIRECTION('',(-1.,0.,0.));
#4363=DIRECTION('center_axis',(-1.,0.,0.));
#4364=DIRECTION('ref_axis',(0.,0.,1.));
#4365=DIRECTION('',(0.,0.,-1.));
#4366=DIRECTION('',(0.,1.,0.));
#4367=DIRECTION('',(0.,0.,1.));
#4368=DIRECTION('center_axis',(0.,0.,-1.));
#4369=DIRECTION('ref_axis',(-1.,0.,0.));
#4370=DIRECTION('',(0.,1.,0.));
#4371=DIRECTION('',(-1.,0.,0.));
#4372=DIRECTION('',(1.,0.,0.));
#4373=DIRECTION('center_axis',(0.,-1.,0.));
#4374=DIRECTION('ref_axis',(0.,0.,-1.));
#4375=DIRECTION('',(0.997564050259824,0.,-0.0697564737441253));
#4376=DIRECTION('',(0.,0.,-1.));
#4377=DIRECTION('center_axis',(1.,0.,0.));
#4378=DIRECTION('ref_axis',(0.,0.,-1.));
#4379=DIRECTION('',(0.,1.,0.));
#4380=DIRECTION('',(0.,0.,1.));
#4381=DIRECTION('center_axis',(1.,0.,0.));
#4382=DIRECTION('ref_axis',(0.,0.,-1.));
#4383=DIRECTION('',(0.,-1.,0.));
#4384=DIRECTION('center_axis',(0.,1.,0.));
#4385=DIRECTION('ref_axis',(0.,0.,1.));
#4386=DIRECTION('',(-0.997564050259824,0.,0.0697564737441253));
#4387=DIRECTION('center_axis',(0.,-1.,0.));
#4388=DIRECTION('ref_axis',(0.,0.,-1.));
#4389=DIRECTION('',(-0.997564050259824,0.,0.0697564737441253));
#4390=DIRECTION('',(0.83475548424556,0.,0.550620814646486));
#4391=DIRECTION('',(0.997564050259824,0.,-0.069756473744125));
#4392=DIRECTION('center_axis',(0.069756473744125,0.,0.997564050259824));
#4393=DIRECTION('ref_axis',(0.997564050259824,0.,-0.0697564737441251));
#4394=DIRECTION('',(0.,1.,0.));
#4395=DIRECTION('',(-0.997564050259824,0.,0.069756473744125));
#4396=DIRECTION('center_axis',(-0.550620814646486,0.,0.83475548424556));
#4397=DIRECTION('ref_axis',(0.83475548424556,0.,0.550620814646486));
#4398=DIRECTION('',(0.,1.,0.));
#4399=DIRECTION('',(-0.83475548424556,0.,-0.550620814646486));
#4400=DIRECTION('center_axis',(-0.0697564737441253,0.,-0.997564050259824));
#4401=DIRECTION('ref_axis',(-0.997564050259824,0.,0.0697564737441253));
#4402=DIRECTION('',(0.997564050259824,0.,-0.0697564737441253));
#4403=DIRECTION('center_axis',(0.,1.,0.));
#4404=DIRECTION('ref_axis',(0.,0.,1.));
#4405=DIRECTION('center_axis',(-1.,0.,0.));
#4406=DIRECTION('ref_axis',(0.,0.,-1.));
#4407=DIRECTION('center_axis',(0.,0.,1.));
#4408=DIRECTION('ref_axis',(-1.,0.,0.));
#4409=DIRECTION('center_axis',(0.,0.,-1.));
#4410=DIRECTION('ref_axis',(-1.,0.,0.));
#4411=DIRECTION('center_axis',(0.,0.,1.));
#4412=DIRECTION('ref_axis',(1.,0.,0.));
#4413=DIRECTION('center_axis',(0.,0.,-1.));
#4414=DIRECTION('ref_axis',(-1.,0.,0.));
#4415=DIRECTION('center_axis',(0.,0.,1.));
#4416=DIRECTION('ref_axis',(-1.,0.,0.));
#4417=CARTESIAN_POINT('',(0.,0.,0.));
#4418=CARTESIAN_POINT('Origin',(-26.3,-6.31799475934737E-17,7.75));
#4419=CARTESIAN_POINT('',(-24.8,9.988941532859E-17,7.75));
#4420=CARTESIAN_POINT('Origin',(-26.3,-8.3807604543513E-17,7.75));
#4421=CARTESIAN_POINT('Origin',(-26.3,-8.3807604543513E-17,7.75));
#4422=CARTESIAN_POINT('',(-24.8,9.988941532859E-17,0.750000000000003));
#4423=CARTESIAN_POINT('Origin',(-26.3,-8.3807604543513E-17,0.750000000000003));
#4424=CARTESIAN_POINT('Origin',(-26.3,-9.10667552451102E-17,0.750000000000003));
#4425=CARTESIAN_POINT('Origin',(-61.8,0.,0.));
#4426=CARTESIAN_POINT('',(-60.8,-6.33335016823685E-16,5.17157287525381));
#4427=CARTESIAN_POINT('Origin',(-60.8,0.,0.));
#4428=CARTESIAN_POINT('',(-61.4666666666667,7.48795824321751E-16,6.11438191683587));
#4429=CARTESIAN_POINT('Origin',(-61.4666666666667,0.,0.));
#4430=CARTESIAN_POINT('Origin',(-60.8,-1.54197642309049E-16,-3.69627624575467E-16));
#4431=CARTESIAN_POINT('',(-60.8,4.89858719658941E-16,4.));
#4432=CARTESIAN_POINT('Origin',(-60.8,0.,0.));
#4433=CARTESIAN_POINT('Ctrl Pts',(-26.0390839724485,2.32733848549441,8.93000000000001));
#4434=CARTESIAN_POINT('Ctrl Pts',(-26.0674106282897,2.33059131277589,8.92962440209921));
#4435=CARTESIAN_POINT('Ctrl Pts',(-26.1094364229589,2.31594150649137,8.93099253976401));
#4436=CARTESIAN_POINT('Ctrl Pts',(-26.1435600611701,2.26714703720747,8.93837504386046));
#4437=CARTESIAN_POINT('Ctrl Pts',(-26.15,2.23692120334746,8.94485602135187));
#4438=CARTESIAN_POINT('Ctrl Pts',(-26.15,2.21880296075437,8.94999999999991));
#4439=CARTESIAN_POINT('Ctrl Pts',(-26.0385027502372,2.33252291526514,8.90444247368472));
#4440=CARTESIAN_POINT('Ctrl Pts',(-26.0682782768641,2.33602429230876,8.90415906704422));
#4441=CARTESIAN_POINT('Ctrl Pts',(-26.11283127532,2.32000085248562,8.90518958084545));
#4442=CARTESIAN_POINT('Ctrl Pts',(-26.1466926244086,2.26820980352354,8.91084127415709));
#4443=CARTESIAN_POINT('Ctrl Pts',(-26.1515861187762,2.2368749982188,8.91592069371568));
#4444=CARTESIAN_POINT('Ctrl Pts',(-26.15,2.21880296075437,8.92008006996574));
#4445=CARTESIAN_POINT('Ctrl Pts',(-26.0354389863354,2.35985130787461,8.86375508077623));
#4446=CARTESIAN_POINT('Ctrl Pts',(-26.0732238135844,2.36427096079129,8.86367540679513));
#4447=CARTESIAN_POINT('Ctrl Pts',(-26.1294407771314,2.34413048383795,8.86394338287124));
#4448=CARTESIAN_POINT('Ctrl Pts',(-26.1720471108272,2.27917387220631,8.86555883720978));
#4449=CARTESIAN_POINT('Ctrl Pts',(-26.1775595029533,2.24056542242967,8.8670281419427));
#4450=CARTESIAN_POINT('Ctrl Pts',(-26.1751137550548,2.21880296075444,8.86828101139023));
#4451=CARTESIAN_POINT('Ctrl Pts',(-26.0303475281892,2.40526648072661,8.85000000000001));
#4452=CARTESIAN_POINT('Ctrl Pts',(-26.0813478513873,2.41103887499907,8.85000056597187));
#4453=CARTESIAN_POINT('Ctrl Pts',(-26.1570465750152,2.38480296703744,8.85002605125593));
#4454=CARTESIAN_POINT('Ctrl Pts',(-26.217618919311,2.29945994781881,8.8500092016608));
#4455=CARTESIAN_POINT('Ctrl Pts',(-26.228288539503,2.24814138281286,8.85001326406039));
#4456=CARTESIAN_POINT('Ctrl Pts',(-26.2275600524744,2.21880296075457,8.85000000000001));
#4457=CARTESIAN_POINT('Ctrl Pts',(-26.0281679448969,2.42470809236685,8.85000000000001));
#4458=CARTESIAN_POINT('Ctrl Pts',(-26.0848212565794,2.43105944913079,8.85000000000001));
#4459=CARTESIAN_POINT('Ctrl Pts',(-26.1688728459179,2.4022041792626,8.85));
#4460=CARTESIAN_POINT('Ctrl Pts',(-26.2371201223403,2.3081397383027,8.85000000000001));
#4461=CARTESIAN_POINT('Ctrl Pts',(-26.2499999999999,2.25137908802138,8.85000000000001));
#4462=CARTESIAN_POINT('Ctrl Pts',(-26.25,2.21880296075462,8.85000000000001));
#4463=CARTESIAN_POINT('',(-26.0390839724485,2.32733848549441,8.93));
#4464=CARTESIAN_POINT('',(-26.2067518738994,2.34800821222559,8.85));
#4465=CARTESIAN_POINT('Ctrl Pts',(-26.0390839724485,2.32733848549441,8.93000000000001));
#4466=CARTESIAN_POINT('Ctrl Pts',(-26.0526091535727,2.33130008728842,8.91809508202617));
#4467=CARTESIAN_POINT('Ctrl Pts',(-26.0664869244468,2.33441498332453,8.9067145615232));
#4468=CARTESIAN_POINT('Ctrl Pts',(-26.0813336718054,2.33697194254473,8.89625318849378));
#4469=CARTESIAN_POINT('Ctrl Pts',(-26.0938905442436,2.33913453142581,8.88740531606174));
#4470=CARTESIAN_POINT('Ctrl Pts',(-26.1070215175611,2.34087533250442,8.87926813369187));
#4471=CARTESIAN_POINT('Ctrl Pts',(-26.1207994571279,2.34232828710641,8.87232961551472));
#4472=CARTESIAN_POINT('Ctrl Pts',(-26.1243082384226,2.34269830614335,8.87056260654539));
#4473=CARTESIAN_POINT('Ctrl Pts',(-26.127857070256,2.34304979636299,8.86887564478206));
#4474=CARTESIAN_POINT('Ctrl Pts',(-26.1314477577853,2.34338527564541,8.86727995372532));
#4475=CARTESIAN_POINT('Ctrl Pts',(-26.1417103840123,2.34434411666243,8.8627192725868));
#4476=CARTESIAN_POINT('Ctrl Pts',(-26.1523244778265,2.34516788657761,8.85889837576952));
#4477=CARTESIAN_POINT('Ctrl Pts',(-26.1631935203361,2.34585808589882,8.85600320358757));
#4478=CARTESIAN_POINT('Ctrl Pts',(-26.1774241155465,2.34676174849339,8.85221261915022));
#4479=CARTESIAN_POINT('Ctrl Pts',(-26.1920478808059,2.34745144866815,8.85000950596316));
#4480=CARTESIAN_POINT('Ctrl Pts',(-26.2067518738994,2.34800821222559,8.85));
#4481=CARTESIAN_POINT('',(-26.25,2.21880296075462,8.85));
#4482=CARTESIAN_POINT('Ctrl Pts',(-26.2067162485183,2.34805471383453,8.85000000000001));
#4483=CARTESIAN_POINT('Ctrl Pts',(-26.215070229699,2.33715357453958,8.85));
#4484=CARTESIAN_POINT('Ctrl Pts',(-26.2395402776941,2.29747429602929,8.85));
#4485=CARTESIAN_POINT('Ctrl Pts',(-26.2499999999999,2.25137908802138,8.85000000000001));
#4486=CARTESIAN_POINT('Ctrl Pts',(-26.25,2.21880296075462,8.85000000000001));
#4487=CARTESIAN_POINT('',(-26.15,2.21880296075425,8.94999999999987));
#4488=CARTESIAN_POINT('Origin',(-26.25,2.21880296075462,8.95));
#4489=CARTESIAN_POINT('Ctrl Pts',(-26.15,2.21880296075437,8.94999999999991));
#4490=CARTESIAN_POINT('Ctrl Pts',(-26.15,2.23692120334746,8.94485602135187));
#4491=CARTESIAN_POINT('Ctrl Pts',(-26.1435600611701,2.26714703720747,8.93837504386046));
#4492=CARTESIAN_POINT('Ctrl Pts',(-26.1094364229589,2.31594150649137,8.93099253976401));
#4493=CARTESIAN_POINT('Ctrl Pts',(-26.0674106282897,2.33059131277589,8.92962440209921));
#4494=CARTESIAN_POINT('Ctrl Pts',(-26.0390839724485,2.32733848549441,8.93000000000001));
#4495=CARTESIAN_POINT('Origin',(-26.05,0.25,8.95));
#4496=CARTESIAN_POINT('',(-26.15,0.25,8.95));
#4497=CARTESIAN_POINT('',(-26.25,0.25,8.85));
#4498=CARTESIAN_POINT('Origin',(-26.25,0.25,8.95));
#4499=CARTESIAN_POINT('',(-26.05,0.05,8.85));
#4500=CARTESIAN_POINT('Origin',(-26.05,0.25,8.85));
#4501=CARTESIAN_POINT('',(-26.05,0.15,8.95));
#4502=CARTESIAN_POINT('Origin',(-26.05,0.05,8.95));
#4503=CARTESIAN_POINT('Origin',(-26.05,0.25,8.95));
#4504=CARTESIAN_POINT('Origin',(-25.8974782775756,0.0499999999999999,8.95));
#4505=CARTESIAN_POINT('',(-24.0811970391465,0.0499999999999999,8.85));
#4506=CARTESIAN_POINT('',(-24.0811970391465,0.15,8.94999999986025));
#4507=CARTESIAN_POINT('Origin',(-24.0811970391465,0.0499999999999999,8.95));
#4508=CARTESIAN_POINT('',(-25.8974782775756,0.15,8.95));
#4509=CARTESIAN_POINT('',(-25.8974782775756,0.0499999999999999,8.85));
#4510=CARTESIAN_POINT('Ctrl Pts',(-23.8752919076331,0.271832055103076,8.85));
#4511=CARTESIAN_POINT('Ctrl Pts',(-23.8689405508718,0.215178743443574,8.85));
#4512=CARTESIAN_POINT('Ctrl Pts',(-23.9096397582368,0.0971697938351391,
8.85));
#4513=CARTESIAN_POINT('Ctrl Pts',(-24.0241888164131,0.0500000000352,8.85));
#4514=CARTESIAN_POINT('Ctrl Pts',(-24.0811970391068,0.0499999999999999,
8.85));
#4515=CARTESIAN_POINT('Ctrl Pts',(-23.9012140564868,0.268925944046754,8.85));
#4516=CARTESIAN_POINT('Ctrl Pts',(-23.8956365302086,0.219838698329338,8.85000204761922));
#4517=CARTESIAN_POINT('Ctrl Pts',(-23.931459438329,0.117394197008423,8.85005732832145));
#4518=CARTESIAN_POINT('Ctrl Pts',(-24.031791746875,0.0781681070074764,8.85007065710106));
#4519=CARTESIAN_POINT('Ctrl Pts',(-24.0811970391253,0.0799199300300031,
8.85));
#4520=CARTESIAN_POINT('Ctrl Pts',(-23.9462982013788,0.263871597176244,8.86880512942214));
#4521=CARTESIAN_POINT('Ctrl Pts',(-23.9420658062643,0.227882667298259,8.86869419901313));
#4522=CARTESIAN_POINT('Ctrl Pts',(-23.9693048925574,0.152612232140473,8.86925073210552));
#4523=CARTESIAN_POINT('Ctrl Pts',(-24.044851343264,0.127181040218384,8.87204021532719));
#4524=CARTESIAN_POINT('Ctrl Pts',(-24.0811970391573,0.131721468586671,8.87511168814766));
#4525=CARTESIAN_POINT('Ctrl Pts',(-23.9687731921775,0.261351944209986,8.91083185526354));
#4526=CARTESIAN_POINT('Ctrl Pts',(-23.9653323713545,0.231914611784746,8.91052454353372));
#4527=CARTESIAN_POINT('Ctrl Pts',(-23.9874040682309,0.170395919707632,8.91210507586512));
#4528=CARTESIAN_POINT('Ctrl Pts',(-24.0495106781369,0.147960884341532,8.91982562583571));
#4529=CARTESIAN_POINT('Ctrl Pts',(-24.0811970391686,0.149999999995067,8.92756005245553));
#4530=CARTESIAN_POINT('Ctrl Pts',(-23.9726615145056,0.260916027551538,8.93000000000001));
#4531=CARTESIAN_POINT('Ctrl Pts',(-23.9694086872254,0.232589371721787,8.92962440209936));
#4532=CARTESIAN_POINT('Ctrl Pts',(-23.990143211918,0.173584896917566,8.93157698783411));
#4533=CARTESIAN_POINT('Ctrl Pts',(-24.0494901146477,0.150000000017597,8.94099803735498));
#4534=CARTESIAN_POINT('Ctrl Pts',(-24.0811970391686,0.149999999999997,8.94999999997803));
#4535=CARTESIAN_POINT('',(-23.9726615145056,0.260916027551538,8.93000000000001));
#4536=CARTESIAN_POINT('',(-23.9518577896526,0.0934625687878929,8.85));
#4537=CARTESIAN_POINT('Ctrl Pts',(-23.9518584314413,0.0934810017365056,
8.85));
#4538=CARTESIAN_POINT('Ctrl Pts',(-23.9524708181256,0.10811953326778,8.85002437327736));
#4539=CARTESIAN_POINT('Ctrl Pts',(-23.9531782234867,0.122647199072698,8.85228294043345));
#4540=CARTESIAN_POINT('Ctrl Pts',(-23.9540959955236,0.136822152410458,8.85609756110611));
#4541=CARTESIAN_POINT('Ctrl Pts',(-23.9550422287672,0.15143668797675,8.86003047772065));
#4542=CARTESIAN_POINT('Ctrl Pts',(-23.9562311646704,0.165620538622966,8.86560684665568));
#4543=CARTESIAN_POINT('Ctrl Pts',(-23.957708919123,0.179181874857362,8.87234729779848));
#4544=CARTESIAN_POINT('Ctrl Pts',(-23.9582090100468,0.183771203722205,8.87462835229467));
#4545=CARTESIAN_POINT('Ctrl Pts',(-23.9587400994111,0.188291343758494,8.87704441959589));
#4546=CARTESIAN_POINT('Ctrl Pts',(-23.9593023467757,0.192737371609181,8.87958259311652));
#4547=CARTESIAN_POINT('Ctrl Pts',(-23.9604310567538,0.201662759815347,8.88467796920661));
#4548=CARTESIAN_POINT('Ctrl Pts',(-23.9616851317856,0.210286675856416,8.89026045136504));
#4549=CARTESIAN_POINT('Ctrl Pts',(-23.9631147664579,0.218662585099609,8.89617831158365));
#4550=CARTESIAN_POINT('Ctrl Pts',(-23.9656471250207,0.233499106558816,8.90666081056694));
#4551=CARTESIAN_POINT('Ctrl Pts',(-23.9686999130296,0.247390847513046,8.91809508298171));
#4552=CARTESIAN_POINT('Ctrl Pts',(-23.9726615145056,0.260916027551538,8.93000000000001));
#4553=CARTESIAN_POINT('Ctrl Pts',(-23.9726615145056,0.260916027551538,8.93000000000001));
#4554=CARTESIAN_POINT('Ctrl Pts',(-23.9694086872254,0.232589371721787,8.92962440209936));
#4555=CARTESIAN_POINT('Ctrl Pts',(-23.990143211918,0.173584896917566,8.93157698783411));
#4556=CARTESIAN_POINT('Ctrl Pts',(-24.0494901146477,0.150000000017597,8.94099803735498));
#4557=CARTESIAN_POINT('Ctrl Pts',(-24.0811970391686,0.149999999999997,8.94999999997803));
#4558=CARTESIAN_POINT('Ctrl Pts',(-24.0811970391068,0.0499999999999999,
8.85));
#4559=CARTESIAN_POINT('Ctrl Pts',(-24.0349833036073,0.0500000000285348,
8.85000000000001));
#4560=CARTESIAN_POINT('Ctrl Pts',(-23.9885945637996,0.0654989090136433,
8.85000000000001));
#4561=CARTESIAN_POINT('Ctrl Pts',(-23.9520080489948,0.0933669270966898,
8.85000000000001));
#4562=CARTESIAN_POINT('Origin',(-26.25,0.845082217531433,8.95));
#4563=CARTESIAN_POINT('',(-26.15,0.845082217531433,8.95));
#4564=CARTESIAN_POINT('',(-26.25,0.845082217531433,8.85));
#4565=CARTESIAN_POINT('Origin',(-26.15,0.15,9.25000000000001));
#4566=CARTESIAN_POINT('',(-24.3660920394186,0.15,9.15000000000001));
#4567=CARTESIAN_POINT('Ctrl Pts',(-24.3660920394186,0.15,9.15000000000001));
#4568=CARTESIAN_POINT('Ctrl Pts',(-24.2972621162189,0.15,9.15000000000001));
#4569=CARTESIAN_POINT('Ctrl Pts',(-24.1738720861013,0.15,9.10632347750279));
#4570=CARTESIAN_POINT('Ctrl Pts',(-24.0998268919458,0.15,9.00152962608768));
#4571=CARTESIAN_POINT('Ctrl Pts',(-24.0812798691051,0.15,8.94995731419172));
#4572=CARTESIAN_POINT('',(-26.05,0.15,9.15000000000001));
#4573=CARTESIAN_POINT('',(-26.225,0.15,9.15000000000001));
#4574=CARTESIAN_POINT('',(-26.05,0.15,9.25000000000001));
#4575=CARTESIAN_POINT('Ctrl Pts',(-24.3660920394186,0.15,9.15000000000001));
#4576=CARTESIAN_POINT('Ctrl Pts',(-24.2972621162189,0.15,9.15000000000001));
#4577=CARTESIAN_POINT('Ctrl Pts',(-24.1599030347111,0.15,9.10137883500027));
#4578=CARTESIAN_POINT('Ctrl Pts',(-24.0836939340524,0.15,8.97701877209968));
#4579=CARTESIAN_POINT('Ctrl Pts',(-24.0699431433967,0.15,8.90957007683918));
#4580=CARTESIAN_POINT('Ctrl Pts',(-24.3660920394186,0.15,9.17991993003419));
#4581=CARTESIAN_POINT('Ctrl Pts',(-24.2904810712822,0.149977102860651,9.18048762579218));
#4582=CARTESIAN_POINT('Ctrl Pts',(-24.1387524860262,0.149980186710027,9.12806403542863));
#4583=CARTESIAN_POINT('Ctrl Pts',(-24.0539037490916,0.150004190608713,8.99067115142883));
#4584=CARTESIAN_POINT('Ctrl Pts',(-24.0385843285806,0.15,8.91596321011006));
#4585=CARTESIAN_POINT('Ctrl Pts',(-24.3660920394186,0.175112049510607,9.23172103502216));
#4586=CARTESIAN_POINT('Ctrl Pts',(-24.2788332322799,0.176107390956894,9.23319240619309));
#4587=CARTESIAN_POINT('Ctrl Pts',(-24.1022581515305,0.17792313210284,9.17395014292123));
#4588=CARTESIAN_POINT('Ctrl Pts',(-24.0024571449772,0.178815648979517,9.01410335286897));
#4589=CARTESIAN_POINT('Ctrl Pts',(-23.9844726498727,0.178980083285834,8.92699497822752));
#4590=CARTESIAN_POINT('Ctrl Pts',(-24.3660920394186,0.227560052474359,9.25000000000001));
#4591=CARTESIAN_POINT('Ctrl Pts',(-24.2746775768681,0.230066470674056,9.25066079580062));
#4592=CARTESIAN_POINT('Ctrl Pts',(-24.0911441500274,0.234536130135182,9.18701494030901));
#4593=CARTESIAN_POINT('Ctrl Pts',(-23.9884987449496,0.236668567324961,9.02047576400596));
#4594=CARTESIAN_POINT('Ctrl Pts',(-23.9699765106027,0.237059461576748,8.92995031154639));
#4595=CARTESIAN_POINT('Ctrl Pts',(-24.3660920394186,0.25,9.25000000000001));
#4596=CARTESIAN_POINT('Ctrl Pts',(-24.2746959174228,0.252917175901866,9.25000000000001));
#4597=CARTESIAN_POINT('Ctrl Pts',(-24.092172786301,0.258060789185669,9.18517178000036));
#4598=CARTESIAN_POINT('Ctrl Pts',(-23.990829479067,0.260477874805896,9.01935836279958));
#4599=CARTESIAN_POINT('Ctrl Pts',(-23.9725445268376,0.260918849027402,8.92942676911891));
#4600=CARTESIAN_POINT('',(-24.3660920394186,0.25,9.25000000000001));
#4601=CARTESIAN_POINT('Ctrl Pts',(-23.9726615326822,0.260916027403698,8.92999999086797));
#4602=CARTESIAN_POINT('Ctrl Pts',(-23.991044926435,0.260472735392431,9.01971060426174));
#4603=CARTESIAN_POINT('Ctrl Pts',(-24.0923667182037,0.258055324066237,9.18524066036623));
#4604=CARTESIAN_POINT('Ctrl Pts',(-24.2746959174228,0.252917175901866,9.25000000000001));
#4605=CARTESIAN_POINT('Ctrl Pts',(-24.3660920394186,0.25,9.25000000000001));
#4606=CARTESIAN_POINT('Origin',(-24.3660920394186,0.25,9.15000000000001));
#4607=CARTESIAN_POINT('Origin',(-25.6449565551511,-0.655043444848849,8.85));
#4608=CARTESIAN_POINT('',(-26.3934623084571,2.34814220205693,8.85));
#4609=CARTESIAN_POINT('Origin',(-26.3,-8.3807604543513E-17,8.85000000000001));
#4610=CARTESIAN_POINT('',(-26.35,2.21880296085351,8.85));
#4611=CARTESIAN_POINT('Ctrl Pts',(-26.35,2.21880296089319,8.85));
#4612=CARTESIAN_POINT('Ctrl Pts',(-26.3500000000285,2.26501669612904,8.85));
#4613=CARTESIAN_POINT('Ctrl Pts',(-26.3654989281137,2.31140542165899,8.85));
#4614=CARTESIAN_POINT('Ctrl Pts',(-26.3933669531968,2.34799193106047,8.85));
#4615=CARTESIAN_POINT('',(-26.35,0.25,8.85));
#4616=CARTESIAN_POINT('',(-26.35,-0.252521722424425,8.85));
#4617=CARTESIAN_POINT('',(-26.55,0.0499999999999999,8.85));
#4618=CARTESIAN_POINT('Origin',(-26.55,0.25,8.85));
#4619=CARTESIAN_POINT('',(-28.5188029607546,0.0499999999999999,8.85));
#4620=CARTESIAN_POINT('',(-27.1450822175314,0.0499999999999999,8.85));
#4621=CARTESIAN_POINT('',(-28.6480082100544,0.0932481273567919,8.85));
#4622=CARTESIAN_POINT('Ctrl Pts',(-28.6480547124229,0.0932837533204852,
8.85));
#4623=CARTESIAN_POINT('Ctrl Pts',(-28.6371535730151,0.084929771845681,8.85));
#4624=CARTESIAN_POINT('Ctrl Pts',(-28.5974742949166,0.0604597232456337,
8.85));
#4625=CARTESIAN_POINT('Ctrl Pts',(-28.5513790880214,0.0500000000000796,
8.85));
#4626=CARTESIAN_POINT('Ctrl Pts',(-28.5188029607546,0.0499999999999999,
8.85));
#4627=CARTESIAN_POINT('',(-28.6481422020569,-0.0934623084572205,8.85));
#4628=CARTESIAN_POINT('Origin',(-26.3,-8.3807604543513E-17,8.85000000000001));
#4629=CARTESIAN_POINT('',(-28.5188029608535,-0.0500000000000001,8.85));
#4630=CARTESIAN_POINT('Ctrl Pts',(-28.5188029608932,-0.05,8.85));
#4631=CARTESIAN_POINT('Ctrl Pts',(-28.565016696129,-0.050000000028537,8.85));
#4632=CARTESIAN_POINT('Ctrl Pts',(-28.6114054216589,-0.0654989281137927,
8.85));
#4633=CARTESIAN_POINT('Ctrl Pts',(-28.6479919310604,-0.0933669531969074,
8.85));
#4634=CARTESIAN_POINT('',(-26.55,-0.0500000000000002,8.85));
#4635=CARTESIAN_POINT('',(-26.0474782775756,-0.05,8.85));
#4636=CARTESIAN_POINT('',(-26.35,-0.25,8.85));
#4637=CARTESIAN_POINT('Origin',(-26.55,-0.25,8.85));
#4638=CARTESIAN_POINT('',(-26.35,-2.21880296075462,8.85));
#4639=CARTESIAN_POINT('',(-26.35,-1.50012566238028,8.85));
#4640=CARTESIAN_POINT('',(-26.3932481273569,-2.34800821005441,8.85000000000001));
#4641=CARTESIAN_POINT('Ctrl Pts',(-26.3932837533205,-2.34805471242288,8.85000000000001));
#4642=CARTESIAN_POINT('Ctrl Pts',(-26.3849297718457,-2.3371535730151,8.85000000000001));
#4643=CARTESIAN_POINT('Ctrl Pts',(-26.3604597232456,-2.29747429491654,8.85000000000001));
#4644=CARTESIAN_POINT('Ctrl Pts',(-26.3500000000001,-2.25137908802138,8.85000000000001));
#4645=CARTESIAN_POINT('Ctrl Pts',(-26.35,-2.21880296075462,8.85000000000001));
#4646=CARTESIAN_POINT('',(-26.2065376691263,-2.34814220272469,8.85));
#4647=CARTESIAN_POINT('Origin',(-26.3,-8.3807604543513E-17,8.85000000000001));
#4648=CARTESIAN_POINT('',(-26.25,-2.21880296085351,8.85));
#4649=CARTESIAN_POINT('Ctrl Pts',(-26.25,-2.21880296089319,8.85));
#4650=CARTESIAN_POINT('Ctrl Pts',(-26.2499999999715,-2.26501669615103,8.85));
#4651=CARTESIAN_POINT('Ctrl Pts',(-26.2345010734815,-2.31140542287348,8.85));
#4652=CARTESIAN_POINT('Ctrl Pts',(-26.2066330489831,-2.34799193272625,8.85));
#4653=CARTESIAN_POINT('',(-26.25,-0.25,8.85));
#4654=CARTESIAN_POINT('',(-26.25,-0.402521722424425,8.85));
#4655=CARTESIAN_POINT('',(-26.05,-0.05,8.85));
#4656=CARTESIAN_POINT('Origin',(-26.05,-0.25,8.85));
#4657=CARTESIAN_POINT('',(-24.0811970392454,-0.05,8.85));
#4658=CARTESIAN_POINT('',(-24.7998743376197,-0.05,8.85));
#4659=CARTESIAN_POINT('',(-23.951991763951,-0.0932481123152551,8.85000000000001));
#4660=CARTESIAN_POINT('Ctrl Pts',(-23.9519452706757,-0.0932837313039975,
8.85000000000001));
#4661=CARTESIAN_POINT('Ctrl Pts',(-23.9628464087328,-0.0849297533502389,
8.85000000000001));
#4662=CARTESIAN_POINT('Ctrl Pts',(-24.002525691761,-0.0604597119935965,
8.85000000000001));
#4663=CARTESIAN_POINT('Ctrl Pts',(-24.0486209119786,-0.0500000000000802,
8.85000000000001));
#4664=CARTESIAN_POINT('Ctrl Pts',(-24.0811970392454,-0.05,8.85000000000001));
#4665=CARTESIAN_POINT('Origin',(-26.3,-8.3807604543513E-17,8.85000000000001));
#4666=CARTESIAN_POINT('Origin',(-26.05,0.25,9.15000000000001));
#4667=CARTESIAN_POINT('',(-26.15,0.25,9.15000000000001));
#4668=CARTESIAN_POINT('Origin',(-26.05,0.25,9.15000000000001));
#4669=CARTESIAN_POINT('',(-26.05,0.25,9.25000000000001));
#4670=CARTESIAN_POINT('Origin',(-26.05,0.25,9.15000000000001));
#4671=CARTESIAN_POINT('Origin',(-26.05,0.25,9.15000000000001));
#4672=CARTESIAN_POINT('Origin',(-26.225,0.25,9.15000000000001));
#4673=CARTESIAN_POINT('',(-26.225,0.25,9.25000000000001));
#4674=CARTESIAN_POINT('Ctrl Pts',(-26.15,2.2300568566034,8.90957007683872));
#4675=CARTESIAN_POINT('Ctrl Pts',(-26.15,2.21630606594782,8.97701877209925));
#4676=CARTESIAN_POINT('Ctrl Pts',(-26.15,2.14009692450167,9.10137878138844));
#4677=CARTESIAN_POINT('Ctrl Pts',(-26.15,2.0027378837812,9.15000000000001));
#4678=CARTESIAN_POINT('Ctrl Pts',(-26.15,1.93390796058137,9.15000000000001));
#4679=CARTESIAN_POINT('Ctrl Pts',(-26.15,2.26141567141954,8.91596321010954));
#4680=CARTESIAN_POINT('Ctrl Pts',(-26.1499958093913,2.24609625090858,8.99067115142836));
#4681=CARTESIAN_POINT('Ctrl Pts',(-26.1500198187952,2.16124747485693,9.12806398957853));
#4682=CARTESIAN_POINT('Ctrl Pts',(-26.1500228971393,2.00951892871794,9.18048762579218));
#4683=CARTESIAN_POINT('Ctrl Pts',(-26.15,1.93390796058137,9.17991993003419));
#4684=CARTESIAN_POINT('Ctrl Pts',(-26.1210178705684,2.31552461714747,8.92699442105327));
#4685=CARTESIAN_POINT('Ctrl Pts',(-26.1211823048747,2.29754012204314,9.01410279569477));
#4686=CARTESIAN_POINT('Ctrl Pts',(-26.1220749852452,2.19774042842699,9.1739487482455));
#4687=CARTESIAN_POINT('Ctrl Pts',(-26.1238908920489,2.02116676772029,9.23319034604216));
#4688=CARTESIAN_POINT('Ctrl Pts',(-26.1248862334952,1.93390796058137,9.23171897487123));
#4689=CARTESIAN_POINT('Ctrl Pts',(-26.0629405384232,2.33002348939744,8.92995031154576));
#4690=CARTESIAN_POINT('Ctrl Pts',(-26.063331432675,2.31150125505063,9.02047576400539));
#4691=CARTESIAN_POINT('Ctrl Pts',(-26.065463870035,2.20885579982235,9.18701487430556));
#4692=CARTESIAN_POINT('Ctrl Pts',(-26.0699335293259,2.02532242313206,9.25066079580062));
#4693=CARTESIAN_POINT('Ctrl Pts',(-26.0724399475256,1.93390796058137,9.25));
#4694=CARTESIAN_POINT('Ctrl Pts',(-26.0390811509726,2.32745547316252,8.92942676911829));
#4695=CARTESIAN_POINT('Ctrl Pts',(-26.0395221251941,2.30917052093326,9.01935836279901));
#4696=CARTESIAN_POINT('Ctrl Pts',(-26.0419392125993,2.20782715951868,9.18517170851792));
#4697=CARTESIAN_POINT('Ctrl Pts',(-26.0470828240981,2.02530408257738,9.25));
#4698=CARTESIAN_POINT('Ctrl Pts',(-26.05,1.93390796058137,9.25));
#4699=CARTESIAN_POINT('',(-26.15,1.93390796058137,9.15000000000001));
#4700=CARTESIAN_POINT('Ctrl Pts',(-26.15,2.21872012865132,8.94995731147107));
#4701=CARTESIAN_POINT('Ctrl Pts',(-26.15,2.20017310053614,9.00152961638532));
#4702=CARTESIAN_POINT('Ctrl Pts',(-26.15,2.1261278772045,9.1063234293626));
#4703=CARTESIAN_POINT('Ctrl Pts',(-26.15,2.0027378837812,9.15000000000001));
#4704=CARTESIAN_POINT('Ctrl Pts',(-26.15,1.93390796058137,9.15000000000001));
#4705=CARTESIAN_POINT('',(-26.05,1.93390796058137,9.25000000000001));
#4706=CARTESIAN_POINT('Origin',(-26.05,1.93390796058137,9.15000000000001));
#4707=CARTESIAN_POINT('Ctrl Pts',(-26.05,1.93390796058137,9.25));
#4708=CARTESIAN_POINT('Ctrl Pts',(-26.0470828240981,2.02530408257738,9.25));
#4709=CARTESIAN_POINT('Ctrl Pts',(-26.0419446777653,2.20763322595488,9.18524058957018));
#4710=CARTESIAN_POINT('Ctrl Pts',(-26.0395272646569,2.30895507154005,9.01971060723014));
#4711=CARTESIAN_POINT('Ctrl Pts',(-26.0390839726214,2.32733846627676,8.92999999594615));
#4712=CARTESIAN_POINT('Origin',(-26.05,1.17260393995586,9.15000000000001));
#4713=CARTESIAN_POINT('',(-26.05,1.17260393995586,9.25000000000001));
#4714=CARTESIAN_POINT('',(-26.15,1.17260393995586,9.15000000000001));
#4715=CARTESIAN_POINT('Origin',(-26.05,0.25,9.25000000000001));
#4716=CARTESIAN_POINT('',(-26.15,0.25,9.25000000000001));
#4717=CARTESIAN_POINT('Origin',(-26.3,-8.3807604543513E-17,8.85000000000001));
#4718=CARTESIAN_POINT('Origin',(-26.3,-8.3807604543513E-17,8.85000000000001));
#4719=CARTESIAN_POINT('Origin',(-26.3,-8.3807604543513E-17,9.25000000000001));
#4720=CARTESIAN_POINT('Ctrl Pts',(-23.9726615145056,-0.260916027551538,
8.93000000000001));
#4721=CARTESIAN_POINT('Ctrl Pts',(-23.9694086872241,-0.232589371710309,
8.92962440209921));
#4722=CARTESIAN_POINT('Ctrl Pts',(-23.9840584801229,-0.190563568234446,
8.93099254294722));
#4723=CARTESIAN_POINT('Ctrl Pts',(-24.0328529548847,-0.15643993296733,8.93837504594155));
#4724=CARTESIAN_POINT('Ctrl Pts',(-24.0630787966525,-0.15000000000004,8.94485602135187));
#4725=CARTESIAN_POINT('Ctrl Pts',(-24.0811970392456,-0.15,8.94999999999992));
#4726=CARTESIAN_POINT('Ctrl Pts',(-23.9674770847349,-0.261497249762803,
8.90444247368472));
#4727=CARTESIAN_POINT('Ctrl Pts',(-23.9639757076912,-0.231721723135915,
8.90415906704422));
#4728=CARTESIAN_POINT('Ctrl Pts',(-23.9799991215289,-0.187168719983552,
8.90518958259005));
#4729=CARTESIAN_POINT('Ctrl Pts',(-24.0317901803812,-0.15330737181005,8.91084127541827));
#4730=CARTESIAN_POINT('Ctrl Pts',(-24.0631250017812,-0.148413881223805,
8.91592069371568));
#4731=CARTESIAN_POINT('Ctrl Pts',(-24.0811970392456,-0.149999999999974,
8.92008006996575));
#4732=CARTESIAN_POINT('Ctrl Pts',(-23.9401497751663,-0.264560892245728,
8.86375351102907));
#4733=CARTESIAN_POINT('Ctrl Pts',(-23.9357301222496,-0.226776064996801,
8.86367383704797));
#4734=CARTESIAN_POINT('Ctrl Pts',(-23.9558698440503,-0.170560572270855,
8.86394119794139));
#4735=CARTESIAN_POINT('Ctrl Pts',(-24.0208265772122,-0.127954014134245,
8.86555674687771));
#4736=CARTESIAN_POINT('Ctrl Pts',(-24.0594345775703,-0.122442563946356,
8.86702566195466));
#4737=CARTESIAN_POINT('Ctrl Pts',(-24.0811970392456,-0.124888311844848,
8.86827853140219));
#4738=CARTESIAN_POINT('Ctrl Pts',(-23.8947335192734,-0.269652471810835,
8.85000000000001));
#4739=CARTESIAN_POINT('Ctrl Pts',(-23.8889611250009,-0.218652148612688,
8.85000056597187));
#4740=CARTESIAN_POINT('Ctrl Pts',(-23.9151970050376,-0.142953408408721,
8.85002604886745));
#4741=CARTESIAN_POINT('Ctrl Pts',(-24.0005400351967,-0.0823810697647023,
8.85000920004025));
#4742=CARTESIAN_POINT('Ctrl Pts',(-24.0518586171871,-0.0717114604969918,
8.85001326406039));
#4743=CARTESIAN_POINT('Ctrl Pts',(-24.0811970392454,-0.0724399475256289,
8.85000000000001));
#4744=CARTESIAN_POINT('Ctrl Pts',(-23.8752919076331,-0.271832055103076,
8.85000000000001));
#4745=CARTESIAN_POINT('Ctrl Pts',(-23.8689405508692,-0.215178743420619,
8.85000000000001));
#4746=CARTESIAN_POINT('Ctrl Pts',(-23.8977957890325,-0.131127136468892,
8.85000000000001));
#4747=CARTESIAN_POINT('Ctrl Pts',(-23.9918602423736,-0.0628798659346594,
8.85000000000001));
#4748=CARTESIAN_POINT('Ctrl Pts',(-24.0486209119786,-0.0500000000000802,
8.85000000000001));
#4749=CARTESIAN_POINT('Ctrl Pts',(-24.0811970392454,-0.05,8.85000000000001));
#4750=CARTESIAN_POINT('',(-23.9726615145056,-0.260916027551538,8.93000000000001));
#4751=CARTESIAN_POINT('Ctrl Pts',(-23.9726615145056,-0.260916027551538,
8.93000000000001));
#4752=CARTESIAN_POINT('Ctrl Pts',(-23.9686999130301,-0.247390847514978,
8.91809508298345));
#4753=CARTESIAN_POINT('Ctrl Pts',(-23.9655851478919,-0.233513058586748,
8.90671436828266));
#4754=CARTESIAN_POINT('Ctrl Pts',(-23.9630282657913,-0.218666414077506,
8.89625274191744));
#4755=CARTESIAN_POINT('Ctrl Pts',(-23.9608657421481,-0.20610962869973,8.88740465527478));
#4756=CARTESIAN_POINT('Ctrl Pts',(-23.9591249669789,-0.192978826939095,
8.87926721918169));
#4757=CARTESIAN_POINT('Ctrl Pts',(-23.9576719871638,-0.179200973026167,
8.87232863239454));
#4758=CARTESIAN_POINT('Ctrl Pts',(-23.9573019617059,-0.175692213544571,
8.87056160595253));
#4759=CARTESIAN_POINT('Ctrl Pts',(-23.9569504620479,-0.172143397109572,
8.86887463924194));
#4760=CARTESIAN_POINT('Ctrl Pts',(-23.9566149703256,-0.16855271482668,8.86727896020903));
#4761=CARTESIAN_POINT('Ctrl Pts',(-23.9556560937539,-0.15829010359451,8.86271831343609));
#4762=CARTESIAN_POINT('Ctrl Pts',(-23.9548322667364,-0.147675934041675,
8.8588975942602));
#4763=CARTESIAN_POINT('Ctrl Pts',(-23.9541420174066,-0.136806785344591,
8.85600262581888));
#4764=CARTESIAN_POINT('Ctrl Pts',(-23.953238289337,-0.12257605110528,8.85221230813461));
#4765=CARTESIAN_POINT('Ctrl Pts',(-23.9525485285133,-0.107952105592416,
8.85000950484787));
#4766=CARTESIAN_POINT('Ctrl Pts',(-23.951991763951,-0.0932481123152551,
8.85000000000001));
#4767=CARTESIAN_POINT('',(-24.0811970392457,-0.15,8.94999999999987));
#4768=CARTESIAN_POINT('Origin',(-24.0811970392454,-0.0500000000000001,8.95000000000001));
#4769=CARTESIAN_POINT('Ctrl Pts',(-24.0811970392456,-0.15,8.94999999999992));
#4770=CARTESIAN_POINT('Ctrl Pts',(-24.0630787966525,-0.15000000000004,8.94485602135187));
#4771=CARTESIAN_POINT('Ctrl Pts',(-24.0328529548847,-0.15643993296733,8.93837504594155));
#4772=CARTESIAN_POINT('Ctrl Pts',(-23.9840584801229,-0.190563568234446,
8.93099254294722));
#4773=CARTESIAN_POINT('Ctrl Pts',(-23.9694086872241,-0.232589371710309,
8.92962440209921));
#4774=CARTESIAN_POINT('Ctrl Pts',(-23.9726615145056,-0.260916027551538,
8.93000000000001));
#4775=CARTESIAN_POINT('Origin',(-26.05,-0.25,8.95));
#4776=CARTESIAN_POINT('',(-26.05,-0.15,8.95));
#4777=CARTESIAN_POINT('Origin',(-26.05,-0.05,8.95));
#4778=CARTESIAN_POINT('',(-26.15,-0.25,8.95));
#4779=CARTESIAN_POINT('Origin',(-26.25,-0.25,8.95));
#4780=CARTESIAN_POINT('Origin',(-26.05,-0.25,8.95));
#4781=CARTESIAN_POINT('Origin',(-26.25,-0.402521722424425,8.95));
#4782=CARTESIAN_POINT('',(-26.15,-2.21880296085351,8.94999999986025));
#4783=CARTESIAN_POINT('Origin',(-26.25,-2.21880296085351,8.95));
#4784=CARTESIAN_POINT('',(-26.15,-0.402521722424425,8.95));
#4785=CARTESIAN_POINT('Ctrl Pts',(-26.0281679448969,-2.42470809236685,8.85));
#4786=CARTESIAN_POINT('Ctrl Pts',(-26.0848212565564,-2.43105944912822,8.85));
#4787=CARTESIAN_POINT('Ctrl Pts',(-26.202830152397,-2.39036020268003,8.85));
#4788=CARTESIAN_POINT('Ctrl Pts',(-26.2499999999648,-2.27581118358691,8.85));
#4789=CARTESIAN_POINT('Ctrl Pts',(-26.25,-2.21880296089319,8.85));
#4790=CARTESIAN_POINT('Ctrl Pts',(-26.0310740559532,-2.39878594351319,8.85));
#4791=CARTESIAN_POINT('Ctrl Pts',(-26.0801613016707,-2.40436346979143,8.85000204761922));
#4792=CARTESIAN_POINT('Ctrl Pts',(-26.1826057587218,-2.3685405209063,8.85005733939888));
#4793=CARTESIAN_POINT('Ctrl Pts',(-26.2218318929925,-2.26820825312503,8.85007065710106));
#4794=CARTESIAN_POINT('Ctrl Pts',(-26.22008006997,-2.21880296087472,8.85));
#4795=CARTESIAN_POINT('Ctrl Pts',(-26.0361282557535,-2.35370311046965,8.86880651117833));
#4796=CARTESIAN_POINT('Ctrl Pts',(-26.0721171856315,-2.35793550558414,8.86869558076932));
#4797=CARTESIAN_POINT('Ctrl Pts',(-26.1473888982504,-2.33069573723766,8.86925244826715));
#4798=CARTESIAN_POINT('Ctrl Pts',(-26.1728214397696,-2.25514865673602,8.8720422822268));
#4799=CARTESIAN_POINT('Ctrl Pts',(-26.1682810114014,-2.21880296084273,8.87511375504727));
#4800=CARTESIAN_POINT('Ctrl Pts',(-26.03864805579,-2.33122680782246,8.91083185526354));
#4801=CARTESIAN_POINT('Ctrl Pts',(-26.0680853882153,-2.3346676286455,8.91052454353372));
#4802=CARTESIAN_POINT('Ctrl Pts',(-26.1296040522676,-2.31259591181207,8.91210506457348));
#4803=CARTESIAN_POINT('Ctrl Pts',(-26.1520391156585,-2.25048932186306,8.91982562583572));
#4804=CARTESIAN_POINT('Ctrl Pts',(-26.1500000000049,-2.21880296083144,8.92756005245553));
#4805=CARTESIAN_POINT('Ctrl Pts',(-26.0390839724485,-2.32733848549441,8.93000000000001));
#4806=CARTESIAN_POINT('Ctrl Pts',(-26.0674106282782,-2.33059131277457,8.92962440209936));
#4807=CARTESIAN_POINT('Ctrl Pts',(-26.1264150761985,-2.3098567770992,8.93157697968145));
#4808=CARTESIAN_POINT('Ctrl Pts',(-26.1499999999824,-2.25050988535229,8.94099803735498));
#4809=CARTESIAN_POINT('Ctrl Pts',(-26.15,-2.21880296083144,8.94999999997803));
#4810=CARTESIAN_POINT('',(-26.0390839724485,-2.32733848549441,8.93000000000001));
#4811=CARTESIAN_POINT('Ctrl Pts',(-26.2065189738789,-2.34814155083377,8.85));
#4812=CARTESIAN_POINT('Ctrl Pts',(-26.191880443032,-2.34752916292048,8.85002437550503));
#4813=CARTESIAN_POINT('Ctrl Pts',(-26.1773529375726,-2.34682181277307,8.85228313984912));
#4814=CARTESIAN_POINT('Ctrl Pts',(-26.163178089541,-2.34590412848105,8.85609794629758));
#4815=CARTESIAN_POINT('Ctrl Pts',(-26.1485636625466,-2.34495798570338,8.86003105444905));
#4816=CARTESIAN_POINT('Ctrl Pts',(-26.1343798563084,-2.3437691784082,8.86560760200798));
#4817=CARTESIAN_POINT('Ctrl Pts',(-26.1208184624421,-2.34229149712936,8.87234808283269));
#4818=CARTESIAN_POINT('Ctrl Pts',(-26.1162291140739,-2.34179143096856,8.8746291473736));
#4819=CARTESIAN_POINT('Ctrl Pts',(-26.1117089448389,-2.34126035921195,8.87704520840521));
#4820=CARTESIAN_POINT('Ctrl Pts',(-26.1072628826502,-2.34069811623599,8.87958335629112));
#4821=CARTESIAN_POINT('Ctrl Pts',(-26.0983374255106,-2.3395694150683,8.88467868091959));
#4822=CARTESIAN_POINT('Ctrl Pts',(-26.0897134268253,-2.33831529283298,8.89026103624941));
#4823=CARTESIAN_POINT('Ctrl Pts',(-26.0813374697557,-2.33688558311042,8.89617876734159));
#4824=CARTESIAN_POINT('Ctrl Pts',(-26.0665008638255,-2.33435309165041,8.90666103742555));
#4825=CARTESIAN_POINT('Ctrl Pts',(-26.0526091555268,-2.3313000878608,8.9180950803061));
#4826=CARTESIAN_POINT('Ctrl Pts',(-26.0390839724485,-2.32733848549441,8.93000000000001));
#4827=CARTESIAN_POINT('Ctrl Pts',(-26.0390839724485,-2.32733848549441,8.93000000000001));
#4828=CARTESIAN_POINT('Ctrl Pts',(-26.0674106282782,-2.33059131277457,8.92962440209936));
#4829=CARTESIAN_POINT('Ctrl Pts',(-26.1264150761985,-2.3098567770992,8.93157697968145));
#4830=CARTESIAN_POINT('Ctrl Pts',(-26.1499999999824,-2.25050988535229,8.94099803735498));
#4831=CARTESIAN_POINT('Ctrl Pts',(-26.15,-2.21880296083144,8.94999999997803));
#4832=CARTESIAN_POINT('Origin',(-24.7998743376197,-0.05,8.95));
#4833=CARTESIAN_POINT('',(-24.7998743376197,-0.15,8.95));
#4834=CARTESIAN_POINT('Origin',(-26.15,-0.15,9.25000000000001));
#4835=CARTESIAN_POINT('',(-26.15,-1.93390796058137,9.15000000000001));
#4836=CARTESIAN_POINT('Ctrl Pts',(-26.15,-1.93390796058137,9.15000000000001));
#4837=CARTESIAN_POINT('Ctrl Pts',(-26.15,-2.0027378837811,9.15000000000001));
#4838=CARTESIAN_POINT('Ctrl Pts',(-26.15,-2.12612787725919,9.10632342934323));
#4839=CARTESIAN_POINT('Ctrl Pts',(-26.15,-2.20017310060192,9.00152961629229));
#4840=CARTESIAN_POINT('Ctrl Pts',(-26.15,-2.2187201287071,8.949957311316));
#4841=CARTESIAN_POINT('',(-26.15,-0.25,9.15000000000001));
#4842=CARTESIAN_POINT('',(-26.15,-0.0750000000000001,9.15000000000001));
#4843=CARTESIAN_POINT('',(-26.15,-0.25,9.25000000000001));
#4844=CARTESIAN_POINT('Ctrl Pts',(-26.15,-1.93390796058137,9.15000000000001));
#4845=CARTESIAN_POINT('Ctrl Pts',(-26.15,-2.0027378837811,9.15000000000001));
#4846=CARTESIAN_POINT('Ctrl Pts',(-26.15,-2.14009692450135,9.10137878138855));
#4847=CARTESIAN_POINT('Ctrl Pts',(-26.15,-2.21630606594762,8.97701877209969));
#4848=CARTESIAN_POINT('Ctrl Pts',(-26.15,-2.2300568566033,8.90957007683918));
#4849=CARTESIAN_POINT('Ctrl Pts',(-26.15,-1.93390796058137,9.17991993003419));
#4850=CARTESIAN_POINT('Ctrl Pts',(-26.1500228971393,-2.00951892871783,9.18048762579218));
#4851=CARTESIAN_POINT('Ctrl Pts',(-26.1500198187952,-2.16124747485658,9.12806398957865));
#4852=CARTESIAN_POINT('Ctrl Pts',(-26.1499958093913,-2.24609625090835,8.99067115142884));
#4853=CARTESIAN_POINT('Ctrl Pts',(-26.15,-2.26141567141944,8.91596321011005));
#4854=CARTESIAN_POINT('Ctrl Pts',(-26.1248862334952,-1.93390796058137,9.23171897487124));
#4855=CARTESIAN_POINT('Ctrl Pts',(-26.1238908920489,-2.02116676772017,9.23319034604216));
#4856=CARTESIAN_POINT('Ctrl Pts',(-26.1220749852452,-2.19774042842658,9.17394874824564));
#4857=CARTESIAN_POINT('Ctrl Pts',(-26.1211823048747,-2.29754012204288,9.01410279569533));
#4858=CARTESIAN_POINT('Ctrl Pts',(-26.1210178705684,-2.31552461714734,8.92699442105387));
#4859=CARTESIAN_POINT('Ctrl Pts',(-26.0724399475256,-1.93390796058137,9.25));
#4860=CARTESIAN_POINT('Ctrl Pts',(-26.0699335293259,-2.02532242313193,9.25066079580061));
#4861=CARTESIAN_POINT('Ctrl Pts',(-26.065463870035,-2.20885579982192,9.1870148743057));
#4862=CARTESIAN_POINT('Ctrl Pts',(-26.063331432675,-2.31150125505036,9.02047576400597));
#4863=CARTESIAN_POINT('Ctrl Pts',(-26.0629405384233,-2.33002348939731,8.92995031154638));
#4864=CARTESIAN_POINT('Ctrl Pts',(-26.05,-1.93390796058137,9.25));
#4865=CARTESIAN_POINT('Ctrl Pts',(-26.0470828240981,-2.02530408257724,9.25));
#4866=CARTESIAN_POINT('Ctrl Pts',(-26.0419392125993,-2.20782715951826,9.18517170851806));
#4867=CARTESIAN_POINT('Ctrl Pts',(-26.0395221251941,-2.30917052093299,9.01935836279958));
#4868=CARTESIAN_POINT('Ctrl Pts',(-26.0390811509726,-2.32745547316239,8.9294267691189));
#4869=CARTESIAN_POINT('',(-26.05,-1.93390796058137,9.25000000000001));
#4870=CARTESIAN_POINT('Ctrl Pts',(-26.0390839725963,-2.32733846731747,8.92999999086749));
#4871=CARTESIAN_POINT('Ctrl Pts',(-26.0395272646114,-2.30895507344999,9.01971060411001));
#4872=CARTESIAN_POINT('Ctrl Pts',(-26.0419446777169,-2.20763322767317,9.18524058895987));
#4873=CARTESIAN_POINT('Ctrl Pts',(-26.0470828240981,-2.02530408257724,9.25));
#4874=CARTESIAN_POINT('Ctrl Pts',(-26.05,-1.93390796058137,9.25));
#4875=CARTESIAN_POINT('Origin',(-26.05,-1.93390796058137,9.15000000000001));
#4876=CARTESIAN_POINT('Origin',(-26.05,-0.25,9.15000000000001));
#4877=CARTESIAN_POINT('',(-26.05,-0.15,9.15000000000001));
#4878=CARTESIAN_POINT('Origin',(-26.05,-0.25,9.15000000000001));
#4879=CARTESIAN_POINT('',(-26.05,-0.25,9.25000000000001));
#4880=CARTESIAN_POINT('Origin',(-26.05,-0.25,9.15000000000001));
#4881=CARTESIAN_POINT('Origin',(-26.05,-0.25,9.15000000000001));
#4882=CARTESIAN_POINT('Origin',(-26.05,-0.0750000000000001,9.15000000000001));
#4883=CARTESIAN_POINT('',(-26.05,-0.0750000000000001,9.25000000000001));
#4884=CARTESIAN_POINT('Ctrl Pts',(-24.0699431433966,-0.15,8.90957007683872));
#4885=CARTESIAN_POINT('Ctrl Pts',(-24.0836939340522,-0.15,8.97701877209934));
#4886=CARTESIAN_POINT('Ctrl Pts',(-24.1599030347108,-0.15,9.10137883500015));
#4887=CARTESIAN_POINT('Ctrl Pts',(-24.2972621162188,-0.15,9.15000000000001));
#4888=CARTESIAN_POINT('Ctrl Pts',(-24.3660920394186,-0.15,9.15000000000001));
#4889=CARTESIAN_POINT('Ctrl Pts',(-24.0385843285805,-0.15,8.91596321010954));
#4890=CARTESIAN_POINT('Ctrl Pts',(-24.0539037490914,-0.150004190608714,
8.99067115142846));
#4891=CARTESIAN_POINT('Ctrl Pts',(-24.1387524860259,-0.149980186710028,
9.1280640354285));
#4892=CARTESIAN_POINT('Ctrl Pts',(-24.2904810712821,-0.149977102860651,
9.18048762579219));
#4893=CARTESIAN_POINT('Ctrl Pts',(-24.3660920394186,-0.15,9.17991993003419));
#4894=CARTESIAN_POINT('Ctrl Pts',(-23.9844726498726,-0.178980083285835,
8.92699497822692));
#4895=CARTESIAN_POINT('Ctrl Pts',(-24.0024571449769,-0.17881564897952,9.01410335286853));
#4896=CARTESIAN_POINT('Ctrl Pts',(-24.1022581515301,-0.177923132102844,
9.17395014292108));
#4897=CARTESIAN_POINT('Ctrl Pts',(-24.2788332322797,-0.176107390956896,
9.23319240619309));
#4898=CARTESIAN_POINT('Ctrl Pts',(-24.3660920394186,-0.175112049510607,
9.23172103502216));
#4899=CARTESIAN_POINT('Ctrl Pts',(-23.9699765106026,-0.23705946157675,8.92995031154576));
#4900=CARTESIAN_POINT('Ctrl Pts',(-23.9884987449494,-0.236668567324966,
9.02047576400551));
#4901=CARTESIAN_POINT('Ctrl Pts',(-24.0911441500271,-0.234536130135191,
9.18701494030885));
#4902=CARTESIAN_POINT('Ctrl Pts',(-24.274677576868,-0.230066470674059,9.25066079580062));
#4903=CARTESIAN_POINT('Ctrl Pts',(-24.3660920394186,-0.227560052474359,
9.25000000000001));
#4904=CARTESIAN_POINT('Ctrl Pts',(-23.9725445268375,-0.260918849027404,
8.92942676911829));
#4905=CARTESIAN_POINT('Ctrl Pts',(-23.9908294790668,-0.260477874805901,
9.01935836279912));
#4906=CARTESIAN_POINT('Ctrl Pts',(-24.0921727863006,-0.25806078918568,9.1851717800002));
#4907=CARTESIAN_POINT('Ctrl Pts',(-24.2746959174226,-0.25291717590187,9.25000000000001));
#4908=CARTESIAN_POINT('Ctrl Pts',(-24.3660920394186,-0.25,9.25000000000001));
#4909=CARTESIAN_POINT('',(-24.3660920394186,-0.15,9.15000000000001));
#4910=CARTESIAN_POINT('Ctrl Pts',(-24.0812798691608,-0.15,8.94995731434672));
#4911=CARTESIAN_POINT('Ctrl Pts',(-24.0998268920115,-0.15,9.00152962618072));
#4912=CARTESIAN_POINT('Ctrl Pts',(-24.173872086156,-0.15,9.10632347752213));
#4913=CARTESIAN_POINT('Ctrl Pts',(-24.2972621162188,-0.15,9.15000000000001));
#4914=CARTESIAN_POINT('Ctrl Pts',(-24.3660920394186,-0.15,9.15000000000001));
#4915=CARTESIAN_POINT('',(-24.3660920394186,-0.25,9.25000000000001));
#4916=CARTESIAN_POINT('Origin',(-24.3660920394186,-0.25,9.15000000000001));
#4917=CARTESIAN_POINT('Ctrl Pts',(-24.3660920394186,-0.25,9.25000000000001));
#4918=CARTESIAN_POINT('Ctrl Pts',(-24.2746959174226,-0.25291717590187,9.25000000000001));
#4919=CARTESIAN_POINT('Ctrl Pts',(-24.0923667199218,-0.258055324017818,
9.18524066097646));
#4920=CARTESIAN_POINT('Ctrl Pts',(-23.9910449283448,-0.260472735346866,
9.01971060738171));
#4921=CARTESIAN_POINT('Ctrl Pts',(-23.9726615337228,-0.260916027378604,
8.92999999594617));
#4922=CARTESIAN_POINT('Origin',(-25.1273960600441,-0.25,9.15000000000001));
#4923=CARTESIAN_POINT('',(-25.1273960600441,-0.25,9.25000000000001));
#4924=CARTESIAN_POINT('',(-25.1273960600441,-0.15,9.15000000000001));
#4925=CARTESIAN_POINT('Origin',(-26.05,-0.25,9.25000000000001));
#4926=CARTESIAN_POINT('',(-26.05,-0.15,9.25000000000001));
#4927=CARTESIAN_POINT('Origin',(-26.3,-8.3807604543513E-17,8.85000000000001));
#4928=CARTESIAN_POINT('Origin',(-26.3,-8.3807604543513E-17,8.85));
#4929=CARTESIAN_POINT('Origin',(-26.3,-8.3807604543513E-17,9.25000000000001));
#4930=CARTESIAN_POINT('Ctrl Pts',(-26.5609160275515,-2.32733848549441,8.93));
#4931=CARTESIAN_POINT('Ctrl Pts',(-26.5325893717103,-2.33059131277589,8.92962440209921));
#4932=CARTESIAN_POINT('Ctrl Pts',(-26.4905635778436,-2.31594150527147,8.93099253947391));
#4933=CARTESIAN_POINT('Ctrl Pts',(-26.4564399393641,-2.26714703648677,8.93837504367079));
#4934=CARTESIAN_POINT('Ctrl Pts',(-26.45,-2.23692120334746,8.94485602135187));
#4935=CARTESIAN_POINT('Ctrl Pts',(-26.45,-2.21880296075438,8.94999999999992));
#4936=CARTESIAN_POINT('Ctrl Pts',(-26.5614972497628,-2.33252291526514,8.90444247368471));
#4937=CARTESIAN_POINT('Ctrl Pts',(-26.5317217231359,-2.33602429230876,8.90415906704422));
#4938=CARTESIAN_POINT('Ctrl Pts',(-26.487168725108,-2.32000085011742,8.90518958068645));
#4939=CARTESIAN_POINT('Ctrl Pts',(-26.453307375936,-2.26820980205667,8.91084127404215));
#4940=CARTESIAN_POINT('Ctrl Pts',(-26.4484138812238,-2.2368749982188,8.91592069371568));
#4941=CARTESIAN_POINT('Ctrl Pts',(-26.45,-2.21880296075438,8.92008006996575));
#4942=CARTESIAN_POINT('Ctrl Pts',(-26.5645610250815,-2.35985140971234,8.86375522837868));
#4943=CARTESIAN_POINT('Ctrl Pts',(-26.5267761978326,-2.36427106262903,8.86367555439758));
#4944=CARTESIAN_POINT('Ctrl Pts',(-26.4705590959426,-2.34413051472371,8.86394358832966));
#4945=CARTESIAN_POINT('Ctrl Pts',(-26.4279527833661,-2.27917391449771,8.86555903376965));
#4946=CARTESIAN_POINT('Ctrl Pts',(-26.4224403026973,-2.24056542242967,8.86702837513461));
#4947=CARTESIAN_POINT('Ctrl Pts',(-26.4248860505958,-2.21880296075444,8.86828124458214));
#4948=CARTESIAN_POINT('Ctrl Pts',(-26.5696524718108,-2.40526648072661,8.85));
#4949=CARTESIAN_POINT('Ctrl Pts',(-26.5186521486127,-2.41103887499907,8.85000056597187));
#4950=CARTESIAN_POINT('Ctrl Pts',(-26.4429534264954,-2.3848029644925,8.85002605147361));
#4951=CARTESIAN_POINT('Ctrl Pts',(-26.3823810816845,-2.29945994627089,8.8500092018085));
#4952=CARTESIAN_POINT('Ctrl Pts',(-26.371711460497,-2.24814138281286,8.85001326406039));
#4953=CARTESIAN_POINT('Ctrl Pts',(-26.3724399475256,-2.21880296075457,8.85000000000001));
#4954=CARTESIAN_POINT('Ctrl Pts',(-26.5718320551031,-2.42470809236685,8.85));
#4955=CARTESIAN_POINT('Ctrl Pts',(-26.5151787434206,-2.4310594491308,8.85));
#4956=CARTESIAN_POINT('Ctrl Pts',(-26.4311271556872,-2.40220417637317,8.85000000000001));
#4957=CARTESIAN_POINT('Ctrl Pts',(-26.3628798787283,-2.30813973654159,8.85000000000001));
#4958=CARTESIAN_POINT('Ctrl Pts',(-26.3500000000001,-2.25137908802138,8.85000000000001));
#4959=CARTESIAN_POINT('Ctrl Pts',(-26.35,-2.21880296075462,8.85000000000001));
#4960=CARTESIAN_POINT('',(-26.5609160275515,-2.32733848549441,8.93));
#4961=CARTESIAN_POINT('Ctrl Pts',(-26.5609160275515,-2.32733848549441,8.93));
#4962=CARTESIAN_POINT('Ctrl Pts',(-26.5473908460899,-2.33130008738727,8.9180950817291));
#4963=CARTESIAN_POINT('Ctrl Pts',(-26.5335130771258,-2.33441499567561,8.90671457968072));
#4964=CARTESIAN_POINT('Ctrl Pts',(-26.5186663201116,-2.33697196215448,8.89625323048719));
#4965=CARTESIAN_POINT('Ctrl Pts',(-26.5061094394832,-2.33913455717877,8.88740537819804));
#4966=CARTESIAN_POINT('Ctrl Pts',(-26.4929784500283,-2.34087536070141,8.87926821968644));
#4967=CARTESIAN_POINT('Ctrl Pts',(-26.4792005024017,-2.34232831293827,8.87232970796027));
#4968=CARTESIAN_POINT('Ctrl Pts',(-26.4756917190544,-2.3426983313729,8.87056270063378));
#4969=CARTESIAN_POINT('Ctrl Pts',(-26.4721428857717,-2.34304982070641,8.86887573933547));
#4970=CARTESIAN_POINT('Ctrl Pts',(-26.4685521977477,-2.34338529882045,8.86728004714787));
#4971=CARTESIAN_POINT('Ctrl Pts',(-26.4582895701069,-2.3443441364981,8.86271936277717));
#4972=CARTESIAN_POINT('Ctrl Pts',(-26.4476754834115,-2.34516790104774,8.85889844925472));
#4973=CARTESIAN_POINT('Ctrl Pts',(-26.4368064508848,-2.34585809567012,8.85600325791392));
#4974=CARTESIAN_POINT('Ctrl Pts',(-26.4225758687447,-2.34676175211261,8.85221264839233));
#4975=CARTESIAN_POINT('Ctrl Pts',(-26.4079521204336,-2.34745144658855,8.85000950606481));
#4976=CARTESIAN_POINT('Ctrl Pts',(-26.3932481273569,-2.34800821005441,8.85000000000001));
#4977=CARTESIAN_POINT('',(-26.45,-2.21880296075425,8.94999999999987));
#4978=CARTESIAN_POINT('Origin',(-26.35,-2.21880296075462,8.95000000000001));
#4979=CARTESIAN_POINT('Ctrl Pts',(-26.45,-2.21880296075438,8.94999999999992));
#4980=CARTESIAN_POINT('Ctrl Pts',(-26.45,-2.23692120334746,8.94485602135187));
#4981=CARTESIAN_POINT('Ctrl Pts',(-26.4564399393641,-2.26714703648677,8.93837504367079));
#4982=CARTESIAN_POINT('Ctrl Pts',(-26.4905635778436,-2.31594150527147,8.93099253947391));
#4983=CARTESIAN_POINT('Ctrl Pts',(-26.5325893717103,-2.33059131277589,8.92962440209921));
#4984=CARTESIAN_POINT('Ctrl Pts',(-26.5609160275515,-2.32733848549441,8.93));
#4985=CARTESIAN_POINT('Origin',(-26.35,-1.50012566238028,8.95));
#4986=CARTESIAN_POINT('',(-26.45,-0.25,8.95));
#4987=CARTESIAN_POINT('Origin',(-26.35,-0.25,8.95));
#4988=CARTESIAN_POINT('',(-26.45,-1.50012566238028,8.95));
#4989=CARTESIAN_POINT('Origin',(-26.55,-0.25,8.95));
#4990=CARTESIAN_POINT('',(-26.55,-0.15,8.95));
#4991=CARTESIAN_POINT('Origin',(-26.55,-0.0500000000000002,8.95));
#4992=CARTESIAN_POINT('Origin',(-26.55,-0.25,8.95));
#4993=CARTESIAN_POINT('Origin',(-26.0474782775756,-0.05,8.95));
#4994=CARTESIAN_POINT('',(-28.5188029608535,-0.15,8.94999999986025));
#4995=CARTESIAN_POINT('Origin',(-28.5188029608535,-0.0500000000000001,8.95));
#4996=CARTESIAN_POINT('',(-26.0474782775756,-0.15,8.95));
#4997=CARTESIAN_POINT('Ctrl Pts',(-28.7247080923669,-0.271832055103076,
8.85));
#4998=CARTESIAN_POINT('Ctrl Pts',(-28.7310594491282,-0.215178743443562,
8.85));
#4999=CARTESIAN_POINT('Ctrl Pts',(-28.6903601991181,-0.0971698525032334,
8.85));
#5000=CARTESIAN_POINT('Ctrl Pts',(-28.5758111835869,-0.0500000000352026,
8.85));
#5001=CARTESIAN_POINT('Ctrl Pts',(-28.5188029608932,-0.05,8.85));
#5002=CARTESIAN_POINT('Ctrl Pts',(-28.6987859435132,-0.268925944046755,
8.85));
#5003=CARTESIAN_POINT('Ctrl Pts',(-28.7043634697914,-0.219838698329328,
8.85000204761922));
#5004=CARTESIAN_POINT('Ctrl Pts',(-28.6685405171911,-0.117394245312726,
8.85005734040844));
#5005=CARTESIAN_POINT('Ctrl Pts',(-28.568208253125,-0.078168107007481,8.85007065710106));
#5006=CARTESIAN_POINT('Ctrl Pts',(-28.5188029608747,-0.0799199300300034,
8.85));
#5007=CARTESIAN_POINT('Ctrl Pts',(-28.653703233822,-0.263871758075446,8.8688066411041));
#5008=CARTESIAN_POINT('Ctrl Pts',(-28.6579356289365,-0.227882828197452,
8.86869571069509));
#5009=CARTESIAN_POINT('Ctrl Pts',(-28.6306957965249,-0.152610995352505,
8.86925260966465));
#5010=CARTESIAN_POINT('Ctrl Pts',(-28.555148656736,-0.127178327038449,8.87204247657623));
#5011=CARTESIAN_POINT('Ctrl Pts',(-28.5188029608427,-0.131718755406729,
8.8751139493967));
#5012=CARTESIAN_POINT('Ctrl Pts',(-28.6312268078225,-0.261351944209986,
8.91083185526354));
#5013=CARTESIAN_POINT('Ctrl Pts',(-28.6346676286455,-0.23191461178474,8.91052454353372));
#5014=CARTESIAN_POINT('Ctrl Pts',(-28.6125959099932,-0.170395950286417,
8.9121050635444));
#5015=CARTESIAN_POINT('Ctrl Pts',(-28.550489321863,-0.147960884341537,8.91982562583572));
#5016=CARTESIAN_POINT('Ctrl Pts',(-28.5188029608315,-0.149999999995069,
8.92756005245553));
#5017=CARTESIAN_POINT('Ctrl Pts',(-28.6273384854944,-0.260916027551538,
8.93000000000001));
#5018=CARTESIAN_POINT('Ctrl Pts',(-28.6305913127746,-0.232589371721781,
8.92962440209936));
#5019=CARTESIAN_POINT('Ctrl Pts',(-28.6098567760983,-0.173584926251615,
8.93157697893844));
#5020=CARTESIAN_POINT('Ctrl Pts',(-28.5505098853523,-0.1500000000176,8.94099803735499));
#5021=CARTESIAN_POINT('Ctrl Pts',(-28.5188029608315,-0.149999999999999,
8.94999999997803));
#5022=CARTESIAN_POINT('',(-28.6273384854944,-0.260916027551537,8.93000000000001));
#5023=CARTESIAN_POINT('Ctrl Pts',(-28.6481415492184,-0.0934810283434566,
8.85));
#5024=CARTESIAN_POINT('Ctrl Pts',(-28.6475291611931,-0.108119559127904,
8.85002437570806));
#5025=CARTESIAN_POINT('Ctrl Pts',(-28.6468218162377,-0.122647049511738,
8.85228315859247));
#5026=CARTESIAN_POINT('Ctrl Pts',(-28.6459041401933,-0.136821887644811,
8.8560979825113));
#5027=CARTESIAN_POINT('Ctrl Pts',(-28.644958005919,-0.151436304433775,8.86003110867493));
#5028=CARTESIAN_POINT('Ctrl Pts',(-28.64376921071,-0.165620106501944,8.86560767303496));
#5029=CARTESIAN_POINT('Ctrl Pts',(-28.6422915363044,-0.179181505794936,
8.87234815665365));
#5030=CARTESIAN_POINT('Ctrl Pts',(-28.6417914724696,-0.1837708559996,8.87462922214009));
#5031=CARTESIAN_POINT('Ctrl Pts',(-28.6412604023661,-0.188291027983084,
8.87704528258296));
#5032=CARTESIAN_POINT('Ctrl Pts',(-28.6406981598004,-0.192737093403545,
8.8795834280589));
#5033=CARTESIAN_POINT('Ctrl Pts',(-28.6395694594562,-0.2016625570309,8.88467874784932));
#5034=CARTESIAN_POINT('Ctrl Pts',(-28.6383153327775,-0.210286563493835,
8.89026109125294));
#5035=CARTESIAN_POINT('Ctrl Pts',(-28.6368856159936,-0.21866252506666,8.89617881020224));
#5036=CARTESIAN_POINT('Ctrl Pts',(-28.6343531119834,-0.233499139220513,
8.90666105895162));
#5037=CARTESIAN_POINT('Ctrl Pts',(-28.6313000869664,-0.247390847526603,
8.91809508299371));
#5038=CARTESIAN_POINT('Ctrl Pts',(-28.6273384854944,-0.260916027551538,
8.93000000000001));
#5039=CARTESIAN_POINT('Ctrl Pts',(-28.6273384854944,-0.260916027551538,
8.93000000000001));
#5040=CARTESIAN_POINT('Ctrl Pts',(-28.6305913127746,-0.232589371721781,
8.92962440209936));
#5041=CARTESIAN_POINT('Ctrl Pts',(-28.6098567760983,-0.173584926251615,
8.93157697893844));
#5042=CARTESIAN_POINT('Ctrl Pts',(-28.5505098853523,-0.1500000000176,8.94099803735499));
#5043=CARTESIAN_POINT('Ctrl Pts',(-28.5188029608315,-0.149999999999999,
8.94999999997803));
#5044=CARTESIAN_POINT('Origin',(-26.55,-0.25,9.15000000000001));
#5045=CARTESIAN_POINT('',(-26.55,-0.15,9.15000000000001));
#5046=CARTESIAN_POINT('',(-26.45,-0.25,9.15000000000001));
#5047=CARTESIAN_POINT('Origin',(-26.55,-0.25,9.15000000000001));
#5048=CARTESIAN_POINT('',(-26.55,-0.25,9.25000000000001));
#5049=CARTESIAN_POINT('Origin',(-26.55,-0.25,9.15000000000001));
#5050=CARTESIAN_POINT('Origin',(-26.55,-0.25,9.15000000000001));
#5051=CARTESIAN_POINT('Origin',(-26.375,-0.25,9.15000000000001));
#5052=CARTESIAN_POINT('',(-28.2339079605814,-0.15,9.15000000000001));
#5053=CARTESIAN_POINT('',(-28.2339079605814,-0.25,9.25000000000001));
#5054=CARTESIAN_POINT('Origin',(-28.2339079605814,-0.25,9.15000000000001));
#5055=CARTESIAN_POINT('',(-26.375,-0.25,9.25000000000001));
#5056=CARTESIAN_POINT('',(-26.375,-0.15,9.15000000000001));
#5057=CARTESIAN_POINT('Ctrl Pts',(-28.2339079605814,-0.15,9.15000000000001));
#5058=CARTESIAN_POINT('Ctrl Pts',(-28.3027378837811,-0.15,9.15000000000001));
#5059=CARTESIAN_POINT('Ctrl Pts',(-28.4400969196387,-0.15,9.10137877499702));
#5060=CARTESIAN_POINT('Ctrl Pts',(-28.5163060659476,-0.15,8.97701877209969));
#5061=CARTESIAN_POINT('Ctrl Pts',(-28.5300568566033,-0.15,8.90957007683918));
#5062=CARTESIAN_POINT('Ctrl Pts',(-28.2339079605814,-0.15,9.17991993003419));
#5063=CARTESIAN_POINT('Ctrl Pts',(-28.3095189287178,-0.149977102860651,
9.18048762579218));
#5064=CARTESIAN_POINT('Ctrl Pts',(-28.4612474701931,-0.149980180548529,
9.12806398411247));
#5065=CARTESIAN_POINT('Ctrl Pts',(-28.5460962509083,-0.150004190608714,
8.99067115142884));
#5066=CARTESIAN_POINT('Ctrl Pts',(-28.5614156714194,-0.15,8.91596321011005));
#5067=CARTESIAN_POINT('Ctrl Pts',(-28.2339079605814,-0.175113976691792,
9.23171872267653));
#5068=CARTESIAN_POINT('Ctrl Pts',(-28.3211667677202,-0.17610931813808,9.23319009384745));
#5069=CARTESIAN_POINT('Ctrl Pts',(-28.4977402547712,-0.177925245215124,
9.1739485778162));
#5070=CARTESIAN_POINT('Ctrl Pts',(-28.5975397874834,-0.178817945605586,
9.01410272748856));
#5071=CARTESIAN_POINT('Ctrl Pts',(-28.6155242825878,-0.178982379911902,
8.9269943528471));
#5072=CARTESIAN_POINT('Ctrl Pts',(-28.2339079605814,-0.227560052474359,
9.25000000000001));
#5073=CARTESIAN_POINT('Ctrl Pts',(-28.3253224231319,-0.230066470674056,
9.25066079580062));
#5074=CARTESIAN_POINT('Ctrl Pts',(-28.508855793843,-0.23453612994469,9.18701486643687));
#5075=CARTESIAN_POINT('Ctrl Pts',(-28.6115012550504,-0.236668567324961,
9.02047576400597));
#5076=CARTESIAN_POINT('Ctrl Pts',(-28.6300234893973,-0.237059461576748,
8.92995031154638));
#5077=CARTESIAN_POINT('Ctrl Pts',(-28.2339079605814,-0.25,9.25000000000001));
#5078=CARTESIAN_POINT('Ctrl Pts',(-28.3253040825772,-0.252917175901866,
9.25000000000001));
#5079=CARTESIAN_POINT('Ctrl Pts',(-28.5078271530589,-0.258060787187883,
9.18517169999603));
#5080=CARTESIAN_POINT('Ctrl Pts',(-28.609170520933,-0.260477874805896,9.01935836279958));
#5081=CARTESIAN_POINT('Ctrl Pts',(-28.6274554731624,-0.260918849027402,
8.9294267691189));
#5082=CARTESIAN_POINT('Ctrl Pts',(-28.6273384673174,-0.260916027403685,
8.92999999086743));
#5083=CARTESIAN_POINT('Ctrl Pts',(-28.6089550734363,-0.26047273538819,9.01971060409192));
#5084=CARTESIAN_POINT('Ctrl Pts',(-28.5076332212206,-0.258055322070574,
9.1852405804469));
#5085=CARTESIAN_POINT('Ctrl Pts',(-28.3253040825772,-0.252917175901866,
9.25000000000001));
#5086=CARTESIAN_POINT('Ctrl Pts',(-28.2339079605814,-0.25,9.25000000000001));
#5087=CARTESIAN_POINT('Ctrl Pts',(-28.2339079605814,-0.15,9.15000000000001));
#5088=CARTESIAN_POINT('Ctrl Pts',(-28.3027378837811,-0.15,9.15000000000001));
#5089=CARTESIAN_POINT('Ctrl Pts',(-28.4261278728911,-0.15,9.10632342360171));
#5090=CARTESIAN_POINT('Ctrl Pts',(-28.5001730997135,-0.15,9.00152961512449));
#5091=CARTESIAN_POINT('Ctrl Pts',(-28.5187201284463,-0.15,8.94995731097315));
#5092=CARTESIAN_POINT('Ctrl Pts',(-26.45,-2.2300568566034,8.90957007683872));
#5093=CARTESIAN_POINT('Ctrl Pts',(-26.45,-2.21630606594782,8.97701877209927));
#5094=CARTESIAN_POINT('Ctrl Pts',(-26.45,-2.14009691963901,9.10137877499693));
#5095=CARTESIAN_POINT('Ctrl Pts',(-26.45,-2.00273788378119,9.15000000000001));
#5096=CARTESIAN_POINT('Ctrl Pts',(-26.45,-1.93390796058137,9.15000000000001));
#5097=CARTESIAN_POINT('Ctrl Pts',(-26.45,-2.26141567141954,8.91596321010954));
#5098=CARTESIAN_POINT('Ctrl Pts',(-26.4500041906087,-2.24609625090857,8.99067115142837));
#5099=CARTESIAN_POINT('Ctrl Pts',(-26.4499801805485,-2.1612474701934,9.12806398411237));
#5100=CARTESIAN_POINT('Ctrl Pts',(-26.4499771028607,-2.00951892871794,9.18048762579218));
#5101=CARTESIAN_POINT('Ctrl Pts',(-26.45,-1.93390796058137,9.17991993003419));
#5102=CARTESIAN_POINT('Ctrl Pts',(-26.4789823799119,-2.31552428258795,8.9269943528465));
#5103=CARTESIAN_POINT('Ctrl Pts',(-26.4788179456056,-2.29753978748362,9.01410272748801));
#5104=CARTESIAN_POINT('Ctrl Pts',(-26.4779252452152,-2.19774025477161,9.17394857781609));
#5105=CARTESIAN_POINT('Ctrl Pts',(-26.4761093181381,-2.02116676772028,9.23319009384745));
#5106=CARTESIAN_POINT('Ctrl Pts',(-26.4751139766918,-1.93390796058137,9.23171872267653));
#5107=CARTESIAN_POINT('Ctrl Pts',(-26.5370594615767,-2.33002348939744,8.92995031154576));
#5108=CARTESIAN_POINT('Ctrl Pts',(-26.536668567325,-2.31150125505063,9.0204757640054));
#5109=CARTESIAN_POINT('Ctrl Pts',(-26.5345361299447,-2.20885579384342,9.18701486643675));
#5110=CARTESIAN_POINT('Ctrl Pts',(-26.5300664706741,-2.02532242313205,9.25066079580062));
#5111=CARTESIAN_POINT('Ctrl Pts',(-26.5275600524744,-1.93390796058137,9.25));
#5112=CARTESIAN_POINT('Ctrl Pts',(-26.5609188490274,-2.32745547316252,8.92942676911829));
#5113=CARTESIAN_POINT('Ctrl Pts',(-26.5604778748059,-2.30917052093325,9.01935836279902));
#5114=CARTESIAN_POINT('Ctrl Pts',(-26.5580607871879,-2.20782715305929,9.1851716999959));
#5115=CARTESIAN_POINT('Ctrl Pts',(-26.5529171759019,-2.02530408257737,9.25));
#5116=CARTESIAN_POINT('Ctrl Pts',(-26.55,-1.93390796058137,9.25));
#5117=CARTESIAN_POINT('',(-26.45,-1.93390796058137,9.15000000000001));
#5118=CARTESIAN_POINT('Ctrl Pts',(-26.45,-2.2187201283905,8.94995731112821));
#5119=CARTESIAN_POINT('Ctrl Pts',(-26.45,-2.20017309964769,9.00152961521752));
#5120=CARTESIAN_POINT('Ctrl Pts',(-26.45,-2.12612787283637,9.10632342362109));
#5121=CARTESIAN_POINT('Ctrl Pts',(-26.45,-2.00273788378119,9.15000000000001));
#5122=CARTESIAN_POINT('Ctrl Pts',(-26.45,-1.93390796058137,9.15000000000001));
#5123=CARTESIAN_POINT('',(-26.55,-1.93390796058137,9.25000000000001));
#5124=CARTESIAN_POINT('Origin',(-26.55,-1.93390796058137,9.15000000000001));
#5125=CARTESIAN_POINT('Ctrl Pts',(-26.55,-1.93390796058137,9.25));
#5126=CARTESIAN_POINT('Ctrl Pts',(-26.5529171759019,-2.02530408257737,9.25));
#5127=CARTESIAN_POINT('Ctrl Pts',(-26.5580553220222,-2.20763321950233,9.18524058105723));
#5128=CARTESIAN_POINT('Ctrl Pts',(-26.5604727353426,-2.30895507152632,9.01971060721209));
#5129=CARTESIAN_POINT('Ctrl Pts',(-26.5609160273786,-2.3273384662767,8.92999999594615));
#5130=CARTESIAN_POINT('Origin',(-26.55,-1.17260393995586,9.15000000000001));
#5131=CARTESIAN_POINT('',(-26.55,-1.17260393995586,9.25000000000001));
#5132=CARTESIAN_POINT('',(-26.45,-1.17260393995586,9.15000000000001));
#5133=CARTESIAN_POINT('Origin',(-26.55,-0.25,9.25000000000001));
#5134=CARTESIAN_POINT('',(-26.55,-0.15,9.25000000000001));
#5135=CARTESIAN_POINT('',(-26.45,-0.25,9.25000000000001));
#5136=CARTESIAN_POINT('Origin',(-26.3,-8.3807604543513E-17,8.85000000000001));
#5137=CARTESIAN_POINT('Origin',(-26.3,-8.3807604543513E-17,8.85));
#5138=CARTESIAN_POINT('Origin',(-26.3,-8.3807604543513E-17,9.25000000000001));
#5139=CARTESIAN_POINT('Origin',(-26.45,-0.15,9.25000000000001));
#5140=CARTESIAN_POINT('Ctrl Pts',(-28.6273384854944,0.260916027551538,8.93));
#5141=CARTESIAN_POINT('Ctrl Pts',(-28.6305913127759,0.23258937171031,8.92962440209921));
#5142=CARTESIAN_POINT('Ctrl Pts',(-28.6159415052715,0.190563577843521,8.9309925394739));
#5143=CARTESIAN_POINT('Ctrl Pts',(-28.5671470364868,0.156439939364124,8.93837504367079));
#5144=CARTESIAN_POINT('Ctrl Pts',(-28.5369212033475,0.15000000000004,8.94485602135187));
#5145=CARTESIAN_POINT('Ctrl Pts',(-28.5188029607544,0.15,8.94999999999991));
#5146=CARTESIAN_POINT('Ctrl Pts',(-28.6325229152651,0.261497249762802,8.90444247368471));
#5147=CARTESIAN_POINT('Ctrl Pts',(-28.6360242923088,0.231721723135915,8.90415906704422));
#5148=CARTESIAN_POINT('Ctrl Pts',(-28.6200008501174,0.1871687251079,8.90518958068644));
#5149=CARTESIAN_POINT('Ctrl Pts',(-28.5682098020567,0.153307375936033,8.91084127404214));
#5150=CARTESIAN_POINT('Ctrl Pts',(-28.5368749982188,0.148413881223805,8.91592069371568));
#5151=CARTESIAN_POINT('Ctrl Pts',(-28.5188029607544,0.149999999999974,8.92008006996574));
#5152=CARTESIAN_POINT('Ctrl Pts',(-28.6598514097123,0.264561025081506,8.86375522837868));
#5153=CARTESIAN_POINT('Ctrl Pts',(-28.664271062629,0.226776197832581,8.86367555439758));
#5154=CARTESIAN_POINT('Ctrl Pts',(-28.6441305147237,0.170559095942458,8.86394358832965));
#5155=CARTESIAN_POINT('Ctrl Pts',(-28.5791739144977,0.12795278336613,8.86555903376964));
#5156=CARTESIAN_POINT('Ctrl Pts',(-28.5405654224297,0.12244030269732,8.8670283751346));
#5157=CARTESIAN_POINT('Ctrl Pts',(-28.5188029607544,0.124886050595812,8.86828124458213));
#5158=CARTESIAN_POINT('Ctrl Pts',(-28.7052664807266,0.269652471810834,8.85));
#5159=CARTESIAN_POINT('Ctrl Pts',(-28.7110388749991,0.21865214861269,8.85000056597187));
#5160=CARTESIAN_POINT('Ctrl Pts',(-28.6848029644925,0.142953426495219,8.8500260514736));
#5161=CARTESIAN_POINT('Ctrl Pts',(-28.5994599462709,0.0823810816845221,
8.85000920180849));
#5162=CARTESIAN_POINT('Ctrl Pts',(-28.5481413828129,0.0717114604969913,
8.85001326406039));
#5163=CARTESIAN_POINT('Ctrl Pts',(-28.5188029607546,0.0724399475256288,
8.85));
#5164=CARTESIAN_POINT('Ctrl Pts',(-28.7247080923669,0.271832055103075,8.85));
#5165=CARTESIAN_POINT('Ctrl Pts',(-28.7310594491308,0.21517874342062,8.85));
#5166=CARTESIAN_POINT('Ctrl Pts',(-28.7022041763732,0.131127155687042,8.85));
#5167=CARTESIAN_POINT('Ctrl Pts',(-28.6081397365416,0.0628798787282476,
8.85));
#5168=CARTESIAN_POINT('Ctrl Pts',(-28.5513790880214,0.0500000000000796,
8.85));
#5169=CARTESIAN_POINT('Ctrl Pts',(-28.5188029607546,0.0499999999999999,
8.85));
#5170=CARTESIAN_POINT('',(-28.6273384854944,0.260916027551537,8.93000000000001));
#5171=CARTESIAN_POINT('Ctrl Pts',(-28.6273384854944,0.260916027551538,8.93));
#5172=CARTESIAN_POINT('Ctrl Pts',(-28.6313000870184,0.24739084734916,8.91809508283751));
#5173=CARTESIAN_POINT('Ctrl Pts',(-28.634414995658,0.233513077227778,8.90671457975259));
#5174=CARTESIAN_POINT('Ctrl Pts',(-28.6369719621545,0.218666320111567,8.89625323048719));
#5175=CARTESIAN_POINT('Ctrl Pts',(-28.6391345571788,0.206109439483211,8.88740537819804));
#5176=CARTESIAN_POINT('Ctrl Pts',(-28.6408753607014,0.192978450028219,8.87926821968643));
#5177=CARTESIAN_POINT('Ctrl Pts',(-28.6423283129383,0.179200502401662,8.87232970796027));
#5178=CARTESIAN_POINT('Ctrl Pts',(-28.6426983313729,0.17569171905433,8.87056270063378));
#5179=CARTESIAN_POINT('Ctrl Pts',(-28.6430498207064,0.172142885771604,8.86887573933547));
#5180=CARTESIAN_POINT('Ctrl Pts',(-28.6433852988205,0.16855219774767,8.86728004714786));
#5181=CARTESIAN_POINT('Ctrl Pts',(-28.6443441364981,0.158289570106867,8.86271936277717));
#5182=CARTESIAN_POINT('Ctrl Pts',(-28.6451679010477,0.147675483411429,8.85889844925471));
#5183=CARTESIAN_POINT('Ctrl Pts',(-28.6458580956701,0.136806450884688,8.85600325791391));
#5184=CARTESIAN_POINT('Ctrl Pts',(-28.6467617521126,0.122575868744684,8.85221264839233));
#5185=CARTESIAN_POINT('Ctrl Pts',(-28.6474514465886,0.107952120433572,8.8500095060648));
#5186=CARTESIAN_POINT('Ctrl Pts',(-28.6480082100544,0.0932481273567919,
8.85));
#5187=CARTESIAN_POINT('',(-28.5188029607542,0.15,8.94999999999987));
#5188=CARTESIAN_POINT('Origin',(-28.5188029607546,0.0499999999999999,8.95));
#5189=CARTESIAN_POINT('Ctrl Pts',(-28.5188029607544,0.15,8.94999999999991));
#5190=CARTESIAN_POINT('Ctrl Pts',(-28.5369212033475,0.15000000000004,8.94485602135187));
#5191=CARTESIAN_POINT('Ctrl Pts',(-28.5671470364868,0.156439939364124,8.93837504367079));
#5192=CARTESIAN_POINT('Ctrl Pts',(-28.6159415052715,0.190563577843521,8.9309925394739));
#5193=CARTESIAN_POINT('Ctrl Pts',(-28.6305913127759,0.23258937171031,8.92962440209921));
#5194=CARTESIAN_POINT('Ctrl Pts',(-28.6273384854944,0.260916027551538,8.93));
#5195=CARTESIAN_POINT('Origin',(-26.55,0.25,8.95));
#5196=CARTESIAN_POINT('',(-26.55,0.15,8.95));
#5197=CARTESIAN_POINT('Origin',(-26.55,0.0499999999999999,8.95));
#5198=CARTESIAN_POINT('',(-26.45,0.25,8.95));
#5199=CARTESIAN_POINT('Origin',(-26.35,0.25,8.95));
#5200=CARTESIAN_POINT('Origin',(-26.55,0.25,8.95));
#5201=CARTESIAN_POINT('Origin',(-26.35,-0.252521722424425,8.95));
#5202=CARTESIAN_POINT('',(-26.45,2.21880296085351,8.94999999986025));
#5203=CARTESIAN_POINT('Origin',(-26.35,2.21880296085351,8.95));
#5204=CARTESIAN_POINT('',(-26.45,-0.252521722424425,8.95));
#5205=CARTESIAN_POINT('Ctrl Pts',(-26.5718320551031,2.42470809236685,8.85));
#5206=CARTESIAN_POINT('Ctrl Pts',(-26.5151787434436,2.43105944912822,8.85));
#5207=CARTESIAN_POINT('Ctrl Pts',(-26.3971698525029,2.39036019911817,8.85));
#5208=CARTESIAN_POINT('Ctrl Pts',(-26.3500000000352,2.27581118358691,8.85));
#5209=CARTESIAN_POINT('Ctrl Pts',(-26.35,2.21880296089319,8.85));
#5210=CARTESIAN_POINT('Ctrl Pts',(-26.5689259440468,2.39878594351319,8.85));
#5211=CARTESIAN_POINT('Ctrl Pts',(-26.5198386983294,2.40436346979143,8.85000204761922));
#5212=CARTESIAN_POINT('Ctrl Pts',(-26.4173942453124,2.36854051719119,8.85005734040844));
#5213=CARTESIAN_POINT('Ctrl Pts',(-26.3781681070075,2.26820825312503,8.85007065710106));
#5214=CARTESIAN_POINT('Ctrl Pts',(-26.37991993003,2.21880296087472,8.85));
#5215=CARTESIAN_POINT('Ctrl Pts',(-26.5638717580755,2.35370323382204,8.8688066411041));
#5216=CARTESIAN_POINT('Ctrl Pts',(-26.5278828281975,2.35793562893652,8.86869571069509));
#5217=CARTESIAN_POINT('Ctrl Pts',(-26.4526109953523,2.33069579652488,8.86925260966465));
#5218=CARTESIAN_POINT('Ctrl Pts',(-26.4271783270384,2.25514865673603,8.87204247657623));
#5219=CARTESIAN_POINT('Ctrl Pts',(-26.4317187554067,2.21880296084273,8.8751139493967));
#5220=CARTESIAN_POINT('Ctrl Pts',(-26.56135194421,2.33122680782246,8.91083185526354));
#5221=CARTESIAN_POINT('Ctrl Pts',(-26.5319146117848,2.3346676286455,8.91052454353372));
#5222=CARTESIAN_POINT('Ctrl Pts',(-26.4703959502862,2.31259590999328,8.9121050635444));
#5223=CARTESIAN_POINT('Ctrl Pts',(-26.4479608843415,2.25048932186306,8.91982562583572));
#5224=CARTESIAN_POINT('Ctrl Pts',(-26.4499999999951,2.21880296083145,8.92756005245553));
#5225=CARTESIAN_POINT('Ctrl Pts',(-26.5609160275515,2.32733848549441,8.93000000000001));
#5226=CARTESIAN_POINT('Ctrl Pts',(-26.5325893717218,2.33059131277457,8.92962440209936));
#5227=CARTESIAN_POINT('Ctrl Pts',(-26.4735849262514,2.30985677609829,8.93157697893844));
#5228=CARTESIAN_POINT('Ctrl Pts',(-26.4500000000176,2.25050988535229,8.94099803735498));
#5229=CARTESIAN_POINT('Ctrl Pts',(-26.45,2.21880296083145,8.94999999997803));
#5230=CARTESIAN_POINT('',(-26.5609160275515,2.32733848549441,8.93000000000001));
#5231=CARTESIAN_POINT('Ctrl Pts',(-26.3934810283433,2.3481415492184,8.85));
#5232=CARTESIAN_POINT('Ctrl Pts',(-26.4081195591278,2.34752916119311,8.85002437570806));
#5233=CARTESIAN_POINT('Ctrl Pts',(-26.4226470495116,2.34682181623771,8.85228315859248));
#5234=CARTESIAN_POINT('Ctrl Pts',(-26.4368218876447,2.34590414019332,8.8560979825113));
#5235=CARTESIAN_POINT('Ctrl Pts',(-26.4514363044336,2.34495800591905,8.86003110867493));
#5236=CARTESIAN_POINT('Ctrl Pts',(-26.4656201065018,2.34376921071005,8.86560767303495));
#5237=CARTESIAN_POINT('Ctrl Pts',(-26.4791815057948,2.34229153630442,8.87234815665366));
#5238=CARTESIAN_POINT('Ctrl Pts',(-26.4837708559995,2.34179147246961,8.87462922214009));
#5239=CARTESIAN_POINT('Ctrl Pts',(-26.488291027983,2.34126040236613,8.87704528258296));
#5240=CARTESIAN_POINT('Ctrl Pts',(-26.4927370934035,2.34069815980038,8.8795834280589));
#5241=CARTESIAN_POINT('Ctrl Pts',(-26.5016625570309,2.3395694594562,8.88467874784933));
#5242=CARTESIAN_POINT('Ctrl Pts',(-26.5102865634938,2.33831533277754,8.89026109125296));
#5243=CARTESIAN_POINT('Ctrl Pts',(-26.5186625250666,2.33688561599357,8.89617881020224));
#5244=CARTESIAN_POINT('Ctrl Pts',(-26.5334991392279,2.33435311198199,8.90666105895699));
#5245=CARTESIAN_POINT('Ctrl Pts',(-26.5473908476364,2.33130008693431,8.91809508309027));
#5246=CARTESIAN_POINT('Ctrl Pts',(-26.5609160275515,2.32733848549441,8.93000000000001));
#5247=CARTESIAN_POINT('Ctrl Pts',(-26.5609160275515,2.32733848549441,8.93000000000001));
#5248=CARTESIAN_POINT('Ctrl Pts',(-26.5325893717218,2.33059131277457,8.92962440209936));
#5249=CARTESIAN_POINT('Ctrl Pts',(-26.4735849262514,2.30985677609829,8.93157697893844));
#5250=CARTESIAN_POINT('Ctrl Pts',(-26.4500000000176,2.25050988535229,8.94099803735498));
#5251=CARTESIAN_POINT('Ctrl Pts',(-26.45,2.21880296083145,8.94999999997803));
#5252=CARTESIAN_POINT('Origin',(-27.1450822175314,0.0499999999999999,8.95));
#5253=CARTESIAN_POINT('',(-27.1450822175314,0.15,8.95));
#5254=CARTESIAN_POINT('Origin',(-26.45,0.15,9.25000000000001));
#5255=CARTESIAN_POINT('',(-26.45,1.93390796058137,9.15000000000001));
#5256=CARTESIAN_POINT('Ctrl Pts',(-26.45,1.93390796058137,9.15000000000001));
#5257=CARTESIAN_POINT('Ctrl Pts',(-26.45,2.0027378837811,9.15000000000001));
#5258=CARTESIAN_POINT('Ctrl Pts',(-26.45,2.12612787289111,9.10632342360171));
#5259=CARTESIAN_POINT('Ctrl Pts',(-26.45,2.20017309971347,9.00152961512449));
#5260=CARTESIAN_POINT('Ctrl Pts',(-26.45,2.21872012844627,8.94995731097316));
#5261=CARTESIAN_POINT('',(-26.45,0.25,9.15000000000001));
#5262=CARTESIAN_POINT('',(-26.45,0.075,9.15000000000001));
#5263=CARTESIAN_POINT('',(-26.45,0.25,9.25000000000001));
#5264=CARTESIAN_POINT('Ctrl Pts',(-26.45,1.93390796058137,9.15000000000001));
#5265=CARTESIAN_POINT('Ctrl Pts',(-26.45,2.0027378837811,9.15000000000001));
#5266=CARTESIAN_POINT('Ctrl Pts',(-26.45,2.14009691963875,9.10137877499703));
#5267=CARTESIAN_POINT('Ctrl Pts',(-26.45,2.21630606594762,8.97701877209968));
#5268=CARTESIAN_POINT('Ctrl Pts',(-26.45,2.2300568566033,8.90957007683918));
#5269=CARTESIAN_POINT('Ctrl Pts',(-26.45,1.93390796058137,9.17991993003419));
#5270=CARTESIAN_POINT('Ctrl Pts',(-26.4499771028607,2.00951892871783,9.18048762579218));
#5271=CARTESIAN_POINT('Ctrl Pts',(-26.4499801805485,2.16124747019311,9.12806398411247));
#5272=CARTESIAN_POINT('Ctrl Pts',(-26.4500041906087,2.24609625090835,8.99067115142884));
#5273=CARTESIAN_POINT('Ctrl Pts',(-26.45,2.26141567141944,8.91596321011006));
#5274=CARTESIAN_POINT('Ctrl Pts',(-26.4751139766918,1.93390796058137,9.23171872267653));
#5275=CARTESIAN_POINT('Ctrl Pts',(-26.4761093181381,2.02116676772016,9.23319009384745));
#5276=CARTESIAN_POINT('Ctrl Pts',(-26.4779252452151,2.19774025477128,9.17394857781621));
#5277=CARTESIAN_POINT('Ctrl Pts',(-26.4788179456056,2.29753978748336,9.01410272748856));
#5278=CARTESIAN_POINT('Ctrl Pts',(-26.4789823799119,2.31552428258783,8.9269943528471));
#5279=CARTESIAN_POINT('Ctrl Pts',(-26.5275600524744,1.93390796058137,9.25));
#5280=CARTESIAN_POINT('Ctrl Pts',(-26.5300664706741,2.02532242313192,9.25066079580061));
#5281=CARTESIAN_POINT('Ctrl Pts',(-26.5345361299447,2.20885579384308,9.18701486643688));
#5282=CARTESIAN_POINT('Ctrl Pts',(-26.536668567325,2.31150125505036,9.02047576400597));
#5283=CARTESIAN_POINT('Ctrl Pts',(-26.5370594615767,2.33002348939731,8.92995031154639));
#5284=CARTESIAN_POINT('Ctrl Pts',(-26.55,1.93390796058137,9.25));
#5285=CARTESIAN_POINT('Ctrl Pts',(-26.5529171759019,2.02530408257724,9.25));
#5286=CARTESIAN_POINT('Ctrl Pts',(-26.5580607871879,2.20782715305895,9.18517169999603));
#5287=CARTESIAN_POINT('Ctrl Pts',(-26.5604778748059,2.30917052093299,9.01935836279958));
#5288=CARTESIAN_POINT('Ctrl Pts',(-26.5609188490274,2.32745547316239,8.92942676911891));
#5289=CARTESIAN_POINT('',(-26.55,1.93390796058137,9.25000000000001));
#5290=CARTESIAN_POINT('Ctrl Pts',(-26.5609160274037,2.32733846731743,8.92999999086743));
#5291=CARTESIAN_POINT('Ctrl Pts',(-26.5604727353882,2.30895507343628,9.01971060409192));
#5292=CARTESIAN_POINT('Ctrl Pts',(-26.5580553220706,2.20763322122072,9.1852405804469));
#5293=CARTESIAN_POINT('Ctrl Pts',(-26.5529171759019,2.02530408257724,9.25));
#5294=CARTESIAN_POINT('Ctrl Pts',(-26.55,1.93390796058137,9.25));
#5295=CARTESIAN_POINT('Origin',(-26.55,1.93390796058137,9.15000000000001));
#5296=CARTESIAN_POINT('Origin',(-26.55,0.25,9.15000000000001));
#5297=CARTESIAN_POINT('',(-26.55,0.15,9.15000000000001));
#5298=CARTESIAN_POINT('Origin',(-26.55,0.25,9.15000000000001));
#5299=CARTESIAN_POINT('',(-26.55,0.25,9.25000000000001));
#5300=CARTESIAN_POINT('Origin',(-26.55,0.25,9.15000000000001));
#5301=CARTESIAN_POINT('Origin',(-26.55,0.25,9.15000000000001));
#5302=CARTESIAN_POINT('Origin',(-26.55,0.075,9.15000000000001));
#5303=CARTESIAN_POINT('',(-26.55,0.075,9.25000000000001));
#5304=CARTESIAN_POINT('Ctrl Pts',(-28.5300568566034,0.15,8.90957007683871));
#5305=CARTESIAN_POINT('Ctrl Pts',(-28.5163060659478,0.15,8.97701877209937));
#5306=CARTESIAN_POINT('Ctrl Pts',(-28.440096919639,0.15,9.10137877499689));
#5307=CARTESIAN_POINT('Ctrl Pts',(-28.3027378837812,0.15,9.15));
#5308=CARTESIAN_POINT('Ctrl Pts',(-28.2339079605814,0.15,9.15000000000001));
#5309=CARTESIAN_POINT('Ctrl Pts',(-28.5614156714195,0.15,8.91596321010954));
#5310=CARTESIAN_POINT('Ctrl Pts',(-28.5460962509085,0.150004190608713,8.99067115142849));
#5311=CARTESIAN_POINT('Ctrl Pts',(-28.4612474701934,0.149980180548529,9.12806398411233));
#5312=CARTESIAN_POINT('Ctrl Pts',(-28.3095189287179,0.149977102860651,9.18048762579218));
#5313=CARTESIAN_POINT('Ctrl Pts',(-28.2339079605814,0.15,9.17991993003419));
#5314=CARTESIAN_POINT('Ctrl Pts',(-28.615524282588,0.178982379911903,8.9269943528465));
#5315=CARTESIAN_POINT('Ctrl Pts',(-28.5975397874836,0.178817945605587,9.01410272748815));
#5316=CARTESIAN_POINT('Ctrl Pts',(-28.4977402547716,0.177925245215128,9.17394857781605));
#5317=CARTESIAN_POINT('Ctrl Pts',(-28.3211667677203,0.176109318138081,9.23319009384745));
#5318=CARTESIAN_POINT('Ctrl Pts',(-28.2339079605814,0.175113976691793,9.23171872267653));
#5319=CARTESIAN_POINT('Ctrl Pts',(-28.6300234893974,0.23705946157675,8.92995031154576));
#5320=CARTESIAN_POINT('Ctrl Pts',(-28.6115012550506,0.236668567324965,9.02047576400555));
#5321=CARTESIAN_POINT('Ctrl Pts',(-28.5088557938434,0.2345361299447,9.1870148664367));
#5322=CARTESIAN_POINT('Ctrl Pts',(-28.3253224231321,0.23006647067406,9.25066079580061));
#5323=CARTESIAN_POINT('Ctrl Pts',(-28.2339079605814,0.22756005247436,9.25000000000001));
#5324=CARTESIAN_POINT('Ctrl Pts',(-28.6274554731625,0.260918849027404,8.92942676911828));
#5325=CARTESIAN_POINT('Ctrl Pts',(-28.6091705209332,0.260477874805901,9.01935836279916));
#5326=CARTESIAN_POINT('Ctrl Pts',(-28.5078271530593,0.258060787187894,9.18517169999586));
#5327=CARTESIAN_POINT('Ctrl Pts',(-28.3253040825774,0.252917175901871,9.25));
#5328=CARTESIAN_POINT('Ctrl Pts',(-28.2339079605814,0.250000000000001,9.25000000000001));
#5329=CARTESIAN_POINT('',(-28.2339079605814,0.15,9.15000000000001));
#5330=CARTESIAN_POINT('Ctrl Pts',(-28.5187201283905,0.15,8.94995731112823));
#5331=CARTESIAN_POINT('Ctrl Pts',(-28.5001730996477,0.15,9.00152961521759));
#5332=CARTESIAN_POINT('Ctrl Pts',(-28.4261278728364,0.15,9.10632342362105));
#5333=CARTESIAN_POINT('Ctrl Pts',(-28.3027378837812,0.15,9.15));
#5334=CARTESIAN_POINT('Ctrl Pts',(-28.2339079605814,0.15,9.15000000000001));
#5335=CARTESIAN_POINT('',(-28.2339079605814,0.25,9.25000000000001));
#5336=CARTESIAN_POINT('Origin',(-28.2339079605814,0.25,9.15000000000001));
#5337=CARTESIAN_POINT('Ctrl Pts',(-28.2339079605814,0.250000000000001,9.25000000000001));
#5338=CARTESIAN_POINT('Ctrl Pts',(-28.3253040825774,0.252917175901871,9.25));
#5339=CARTESIAN_POINT('Ctrl Pts',(-28.5076332195023,0.25805532202215,9.18524058105718));
#5340=CARTESIAN_POINT('Ctrl Pts',(-28.6089550715263,0.260472735342619,9.01971060721224));
#5341=CARTESIAN_POINT('Ctrl Pts',(-28.6273384662767,0.260916027378588,8.92999999594616));
#5342=CARTESIAN_POINT('Origin',(-27.4726039399559,0.25,9.15000000000001));
#5343=CARTESIAN_POINT('',(-27.4726039399559,0.25,9.25000000000001));
#5344=CARTESIAN_POINT('',(-27.4726039399559,0.15,9.15000000000001));
#5345=CARTESIAN_POINT('Origin',(-26.55,0.25,9.25000000000001));
#5346=CARTESIAN_POINT('',(-26.55,0.15,9.25000000000001));
#5347=CARTESIAN_POINT('Origin',(-26.3,-8.3807604543513E-17,8.85000000000001));
#5348=CARTESIAN_POINT('Origin',(-26.3,-8.3807604543513E-17,8.85));
#5349=CARTESIAN_POINT('Origin',(-26.3,-8.3807604543513E-17,9.25000000000001));
#5350=CARTESIAN_POINT('Origin',(-26.3,-6.31799475934737E-17,9.25000000000001));
#5351=CARTESIAN_POINT('Origin',(-26.15,2.34520787991171,9.25000000000001));
#5352=CARTESIAN_POINT('Origin',(-26.3,-6.31799475934737E-17,9.25000000000001));
#5353=CARTESIAN_POINT('Origin',(-28.6452078799117,0.15,9.25000000000001));
#5354=CARTESIAN_POINT('Origin',(-26.3,-6.31799475934737E-17,9.25000000000001));
#5355=CARTESIAN_POINT('Origin',(-26.45,-2.34520787991171,9.25000000000001));
#5356=CARTESIAN_POINT('Origin',(-26.3,-6.31799475934737E-17,9.25000000000001));
#5357=CARTESIAN_POINT('Origin',(-23.9547921200883,-0.15,9.25000000000001));
#5358=CARTESIAN_POINT('Origin',(16.,0.,0.));
#5359=CARTESIAN_POINT('',(16.,8.,0.));
#5360=CARTESIAN_POINT('Origin',(16.,0.,0.));
#5361=CARTESIAN_POINT('',(16.,7.34788079488412E-16,-6.));
#5362=CARTESIAN_POINT('Origin',(16.,0.,0.));
#5363=CARTESIAN_POINT('Origin',(14.5,0.,0.));
#5364=CARTESIAN_POINT('',(13.,-1.9,7.77110030819317));
#5365=CARTESIAN_POINT('',(13.,-1.9,-7.77110030819317));
#5366=CARTESIAN_POINT('Origin',(13.,0.,0.));
#5367=CARTESIAN_POINT('',(13.,-1.,-7.93725393319377));
#5368=CARTESIAN_POINT('Origin',(13.,0.,0.));
#5369=CARTESIAN_POINT('',(13.,1.,-7.93725393319377));
#5370=CARTESIAN_POINT('Origin',(13.,0.,0.));
#5371=CARTESIAN_POINT('',(13.,1.9,-7.77110030819317));
#5372=CARTESIAN_POINT('Origin',(13.,0.,0.));
#5373=CARTESIAN_POINT('',(13.,1.9,7.77110030819317));
#5374=CARTESIAN_POINT('Origin',(13.,0.,0.));
#5375=CARTESIAN_POINT('',(13.,1.,7.93725393319377));
#5376=CARTESIAN_POINT('Origin',(13.,0.,0.));
#5377=CARTESIAN_POINT('',(13.,-1.,7.93725393319377));
#5378=CARTESIAN_POINT('Origin',(13.,0.,0.));
#5379=CARTESIAN_POINT('Origin',(13.,0.,0.));
#5380=CARTESIAN_POINT('Origin',(2.20000000000001,0.,0.));
#5381=CARTESIAN_POINT('',(3.70000000000001,-1.9,7.77110030819317));
#5382=CARTESIAN_POINT('',(3.70000000000001,-1.9,-7.77110030819317));
#5383=CARTESIAN_POINT('Origin',(3.70000000000001,0.,0.));
#5384=CARTESIAN_POINT('',(3.70000000000001,-1.,7.93725393319377));
#5385=CARTESIAN_POINT('Origin',(3.70000000000001,0.,0.));
#5386=CARTESIAN_POINT('',(3.70000000000001,1.,7.93725393319377));
#5387=CARTESIAN_POINT('Origin',(3.70000000000001,0.,0.));
#5388=CARTESIAN_POINT('',(3.70000000000001,1.9,7.77110030819317));
#5389=CARTESIAN_POINT('Origin',(3.70000000000001,0.,0.));
#5390=CARTESIAN_POINT('',(3.70000000000001,1.9,-7.77110030819317));
#5391=CARTESIAN_POINT('Origin',(3.70000000000001,0.,0.));
#5392=CARTESIAN_POINT('',(3.70000000000001,1.,-7.93725393319377));
#5393=CARTESIAN_POINT('Origin',(3.70000000000001,0.,0.));
#5394=CARTESIAN_POINT('',(3.70000000000001,-1.,-7.93725393319377));
#5395=CARTESIAN_POINT('Origin',(3.70000000000001,0.,0.));
#5396=CARTESIAN_POINT('Origin',(3.70000000000001,0.,0.));
#5397=CARTESIAN_POINT('',(0.700000000000005,8.,0.));
#5398=CARTESIAN_POINT('Origin',(0.700000000000005,0.,0.));
#5399=CARTESIAN_POINT('Origin',(6.20000000000001,0.,0.));
#5400=CARTESIAN_POINT('',(8.70000000000001,-1.,7.93725393319377));
#5401=CARTESIAN_POINT('',(6.20000000000001,-1.,7.93725393319377));
#5402=CARTESIAN_POINT('',(8.70000000000001,1.,7.93725393319377));
#5403=CARTESIAN_POINT('Origin',(8.70000000000001,0.,0.));
#5404=CARTESIAN_POINT('',(6.20000000000001,1.,7.93725393319377));
#5405=CARTESIAN_POINT('Origin',(8.70000000000001,10.,0.));
#5406=CARTESIAN_POINT('',(8.70000000000001,-1.,-9.9498743710662));
#5407=CARTESIAN_POINT('',(8.70000000000001,-1.,-7.93725393319377));
#5408=CARTESIAN_POINT('',(8.70000000000001,-1.,-5.));
#5409=CARTESIAN_POINT('',(8.70000000000001,1.,-7.93725393319377));
#5410=CARTESIAN_POINT('Origin',(8.70000000000001,0.,0.));
#5411=CARTESIAN_POINT('',(8.70000000000001,1.,-9.9498743710662));
#5412=CARTESIAN_POINT('',(8.70000000000001,1.,-5.));
#5413=CARTESIAN_POINT('Origin',(8.70000000000001,0.,0.));
#5414=CARTESIAN_POINT('Origin',(8.70000000000001,10.,0.));
#5415=CARTESIAN_POINT('',(8.70000000000001,-1.,9.9498743710662));
#5416=CARTESIAN_POINT('',(8.70000000000001,-1.,5.));
#5417=CARTESIAN_POINT('',(8.70000000000001,1.,9.9498743710662));
#5418=CARTESIAN_POINT('Origin',(8.70000000000001,0.,0.));
#5419=CARTESIAN_POINT('',(8.70000000000001,1.,5.));
#5420=CARTESIAN_POINT('Origin',(9.7,0.,0.));
#5421=CARTESIAN_POINT('',(10.7,-1.,-9.9498743710662));
#5422=CARTESIAN_POINT('',(9.70000000000001,-1.,-9.9498743710662));
#5423=CARTESIAN_POINT('',(10.7,1.,-9.9498743710662));
#5424=CARTESIAN_POINT('',(9.7,1.,-9.9498743710662));
#5425=CARTESIAN_POINT('Origin',(10.7,0.,0.));
#5426=CARTESIAN_POINT('Origin',(9.7,0.,0.));
#5427=CARTESIAN_POINT('',(10.7,-1.,9.9498743710662));
#5428=CARTESIAN_POINT('',(9.70000000000001,-1.,9.9498743710662));
#5429=CARTESIAN_POINT('',(10.7,1.,9.9498743710662));
#5430=CARTESIAN_POINT('Origin',(10.7,0.,0.));
#5431=CARTESIAN_POINT('',(9.7,1.,9.9498743710662));
#5432=CARTESIAN_POINT('Origin',(10.7,8.,0.));
#5433=CARTESIAN_POINT('',(10.7,-1.,-7.93725393319377));
#5434=CARTESIAN_POINT('',(10.7,-1.,-5.));
#5435=CARTESIAN_POINT('',(10.7,1.,-7.93725393319377));
#5436=CARTESIAN_POINT('',(10.7,1.,-5.));
#5437=CARTESIAN_POINT('Origin',(10.7,0.,0.));
#5438=CARTESIAN_POINT('Origin',(10.7,8.,0.));
#5439=CARTESIAN_POINT('',(10.7,-1.,7.93725393319377));
#5440=CARTESIAN_POINT('',(10.7,-1.,5.));
#5441=CARTESIAN_POINT('',(10.7,1.,7.93725393319377));
#5442=CARTESIAN_POINT('Origin',(10.7,0.,0.));
#5443=CARTESIAN_POINT('',(10.7,1.,5.));
#5444=CARTESIAN_POINT('Origin',(11.85,0.,0.));
#5445=CARTESIAN_POINT('',(11.85,-1.,-7.93725393319377));
#5446=CARTESIAN_POINT('',(11.85,1.,-7.93725393319377));
#5447=CARTESIAN_POINT('Origin',(11.85,0.,0.));
#5448=CARTESIAN_POINT('',(11.85,-1.,7.93725393319377));
#5449=CARTESIAN_POINT('',(11.85,1.,7.93725393319377));
#5450=CARTESIAN_POINT('Origin',(8.35,1.45,5.));
#5451=CARTESIAN_POINT('',(12.,1.,5.));
#5452=CARTESIAN_POINT('',(12.,1.9,5.));
#5453=CARTESIAN_POINT('',(12.,0.725,5.));
#5454=CARTESIAN_POINT('',(3.70000000000001,1.9,5.));
#5455=CARTESIAN_POINT('',(13.,1.9,5.));
#5456=CARTESIAN_POINT('',(3.70000000000001,1.,5.));
#5457=CARTESIAN_POINT('',(3.70000000000001,1.9,5.));
#5458=CARTESIAN_POINT('',(3.70000000000001,1.,5.));
#5459=CARTESIAN_POINT('Origin',(3.70000000000001,1.,10.));
#5460=CARTESIAN_POINT('',(3.70000000000001,1.,10.));
#5461=CARTESIAN_POINT('',(3.70000000000001,1.9,10.));
#5462=CARTESIAN_POINT('Origin',(13.,1.,10.));
#5463=CARTESIAN_POINT('',(12.,1.,5.91607978309962));
#5464=CARTESIAN_POINT('',(12.,1.,5.));
#5465=CARTESIAN_POINT('',(13.,1.,5.91607978309962));
#5466=CARTESIAN_POINT('',(13.,1.,10.));
#5467=CARTESIAN_POINT('',(16.,1.,5.91607978309962));
#5468=CARTESIAN_POINT('Origin',(8.35,-1.45,5.));
#5469=CARTESIAN_POINT('',(12.,-1.9,5.));
#5470=CARTESIAN_POINT('',(12.,-1.,5.));
#5471=CARTESIAN_POINT('',(12.,-0.725000000000001,5.));
#5472=CARTESIAN_POINT('',(3.70000000000001,-1.,5.));
#5473=CARTESIAN_POINT('',(13.,-1.,5.));
#5474=CARTESIAN_POINT('',(3.70000000000001,-1.9,5.));
#5475=CARTESIAN_POINT('',(3.70000000000001,-1.,5.));
#5476=CARTESIAN_POINT('',(3.70000000000001,-1.9,5.));
#5477=CARTESIAN_POINT('Origin',(3.70000000000001,-1.9,10.));
#5478=CARTESIAN_POINT('',(3.70000000000001,-1.9,10.));
#5479=CARTESIAN_POINT('',(3.70000000000001,-1.,10.));
#5480=CARTESIAN_POINT('Origin',(13.,-1.9,10.));
#5481=CARTESIAN_POINT('',(12.,-1.9,5.69122131005288));
#5482=CARTESIAN_POINT('',(12.,-1.9,5.));
#5483=CARTESIAN_POINT('',(8.70000000000001,-1.9,7.77110030819317));
#5484=CARTESIAN_POINT('',(6.20000000000001,-1.9,7.77110030819317));
#5485=CARTESIAN_POINT('',(8.70000000000001,-1.9,9.81784090317214));
#5486=CARTESIAN_POINT('',(8.70000000000001,-1.9,5.));
#5487=CARTESIAN_POINT('',(10.7,-1.9,9.81784090317214));
#5488=CARTESIAN_POINT('',(9.7,-1.9,9.81784090317214));
#5489=CARTESIAN_POINT('',(10.7,-1.9,7.77110030819317));
#5490=CARTESIAN_POINT('',(10.7,-1.9,5.));
#5491=CARTESIAN_POINT('',(11.85,-1.9,7.77110030819317));
#5492=CARTESIAN_POINT('',(13.,-1.9,5.69122131005288));
#5493=CARTESIAN_POINT('',(13.,-1.9,10.));
#5494=CARTESIAN_POINT('',(16.,-1.9,5.69122131005288));
#5495=CARTESIAN_POINT('Origin',(11.85,0.,0.));
#5496=CARTESIAN_POINT('',(10.7,-1.9,-7.77110030819317));
#5497=CARTESIAN_POINT('',(11.85,-1.9,-7.77110030819317));
#5498=CARTESIAN_POINT('Origin',(10.7,0.,0.));
#5499=CARTESIAN_POINT('Origin',(11.85,0.,0.));
#5500=CARTESIAN_POINT('',(10.7,1.9,-7.77110030819317));
#5501=CARTESIAN_POINT('',(11.85,1.9,-7.77110030819317));
#5502=CARTESIAN_POINT('',(10.7,1.9,7.77110030819317));
#5503=CARTESIAN_POINT('Origin',(10.7,0.,0.));
#5504=CARTESIAN_POINT('',(11.85,1.9,7.77110030819317));
#5505=CARTESIAN_POINT('Origin',(10.7,8.,0.));
#5506=CARTESIAN_POINT('',(10.7,1.9,-9.81784090317214));
#5507=CARTESIAN_POINT('',(10.7,1.9,-5.));
#5508=CARTESIAN_POINT('',(10.7,1.9,9.81784090317214));
#5509=CARTESIAN_POINT('Origin',(10.7,0.,0.));
#5510=CARTESIAN_POINT('',(10.7,1.9,5.));
#5511=CARTESIAN_POINT('Origin',(10.7,8.,0.));
#5512=CARTESIAN_POINT('',(10.7,-1.9,-9.81784090317214));
#5513=CARTESIAN_POINT('',(10.7,-1.9,-5.));
#5514=CARTESIAN_POINT('Origin',(10.7,0.,0.));
#5515=CARTESIAN_POINT('Origin',(9.7,0.,0.));
#5516=CARTESIAN_POINT('',(8.70000000000001,1.9,-9.81784090317214));
#5517=CARTESIAN_POINT('',(9.70000000000001,1.9,-9.81784090317214));
#5518=CARTESIAN_POINT('',(8.70000000000001,1.9,9.81784090317214));
#5519=CARTESIAN_POINT('Origin',(8.70000000000001,0.,0.));
#5520=CARTESIAN_POINT('',(9.70000000000001,1.9,9.81784090317214));
#5521=CARTESIAN_POINT('Origin',(9.7,0.,0.));
#5522=CARTESIAN_POINT('',(8.70000000000001,-1.9,-9.81784090317214));
#5523=CARTESIAN_POINT('',(9.7,-1.9,-9.81784090317214));
#5524=CARTESIAN_POINT('Origin',(8.70000000000001,0.,0.));
#5525=CARTESIAN_POINT('Origin',(8.70000000000001,10.,0.));
#5526=CARTESIAN_POINT('',(8.70000000000001,1.9,-7.77110030819317));
#5527=CARTESIAN_POINT('',(8.70000000000001,1.9,-5.));
#5528=CARTESIAN_POINT('',(8.70000000000001,1.9,7.77110030819317));
#5529=CARTESIAN_POINT('Origin',(8.70000000000001,0.,0.));
#5530=CARTESIAN_POINT('',(8.70000000000001,1.9,5.));
#5531=CARTESIAN_POINT('Origin',(8.70000000000001,10.,0.));
#5532=CARTESIAN_POINT('',(8.70000000000001,-1.9,-7.77110030819317));
#5533=CARTESIAN_POINT('',(8.70000000000001,-1.9,-5.));
#5534=CARTESIAN_POINT('Origin',(8.70000000000001,0.,0.));
#5535=CARTESIAN_POINT('Origin',(6.20000000000001,0.,0.));
#5536=CARTESIAN_POINT('',(6.20000000000001,-1.,-7.93725393319377));
#5537=CARTESIAN_POINT('',(6.20000000000001,1.,-7.93725393319377));
#5538=CARTESIAN_POINT('Origin',(6.20000000000001,0.,0.));
#5539=CARTESIAN_POINT('',(6.20000000000001,-1.9,-7.77110030819317));
#5540=CARTESIAN_POINT('Origin',(6.20000000000001,0.,0.));
#5541=CARTESIAN_POINT('',(6.20000000000001,1.9,-7.77110030819317));
#5542=CARTESIAN_POINT('',(6.20000000000001,1.9,7.77110030819317));
#5543=CARTESIAN_POINT('Origin',(3.70000000000001,1.9,-10.));
#5544=CARTESIAN_POINT('',(12.,1.9,-5.69122131005288));
#5545=CARTESIAN_POINT('',(12.,1.9,-5.));
#5546=CARTESIAN_POINT('',(12.,1.9,-5.));
#5547=CARTESIAN_POINT('',(3.70000000000001,1.9,-5.));
#5548=CARTESIAN_POINT('',(13.,1.9,-5.));
#5549=CARTESIAN_POINT('',(3.70000000000001,1.9,-10.));
#5550=CARTESIAN_POINT('',(13.,1.9,-5.69122131005288));
#5551=CARTESIAN_POINT('',(13.,1.9,-10.));
#5552=CARTESIAN_POINT('',(16.,1.9,-5.69122131005288));
#5553=CARTESIAN_POINT('Origin',(13.,1.9,-10.));
#5554=CARTESIAN_POINT('',(13.,1.,-5.91607978309962));
#5555=CARTESIAN_POINT('Origin',(13.,0.,0.));
#5556=CARTESIAN_POINT('',(13.,1.,-10.));
#5557=CARTESIAN_POINT('Origin',(3.70000000000001,1.,-10.));
#5558=CARTESIAN_POINT('',(3.70000000000001,1.,-5.));
#5559=CARTESIAN_POINT('',(3.70000000000001,1.9,-5.));
#5560=CARTESIAN_POINT('',(3.70000000000001,1.,-10.));
#5561=CARTESIAN_POINT('Origin',(3.70000000000001,-1.,-10.));
#5562=CARTESIAN_POINT('',(12.,-1.,-5.91607978309962));
#5563=CARTESIAN_POINT('',(12.,-1.,-5.));
#5564=CARTESIAN_POINT('',(12.,-1.,-5.));
#5565=CARTESIAN_POINT('',(3.70000000000001,-1.,-5.));
#5566=CARTESIAN_POINT('',(13.,-1.,-5.));
#5567=CARTESIAN_POINT('',(3.70000000000001,-1.,-10.));
#5568=CARTESIAN_POINT('',(13.,-1.,-5.91607978309962));
#5569=CARTESIAN_POINT('',(13.,-1.,-10.));
#5570=CARTESIAN_POINT('',(16.,-1.,-5.91607978309962));
#5571=CARTESIAN_POINT('Origin',(13.,-1.,-10.));
#5572=CARTESIAN_POINT('',(13.,-1.9,-5.69122131005288));
#5573=CARTESIAN_POINT('Origin',(13.,0.,0.));
#5574=CARTESIAN_POINT('',(13.,-1.9,-10.));
#5575=CARTESIAN_POINT('Origin',(3.70000000000001,-1.9,-10.));
#5576=CARTESIAN_POINT('',(3.70000000000001,-1.9,-5.));
#5577=CARTESIAN_POINT('',(3.70000000000001,-1.,-5.));
#5578=CARTESIAN_POINT('',(3.70000000000001,-1.9,-10.));
#5579=CARTESIAN_POINT('Origin',(13.,1.9,10.));
#5580=CARTESIAN_POINT('',(13.,1.9,5.69122131005288));
#5581=CARTESIAN_POINT('Origin',(13.,0.,0.));
#5582=CARTESIAN_POINT('',(13.,1.9,10.));
#5583=CARTESIAN_POINT('Origin',(3.70000000000001,1.9,10.));
#5584=CARTESIAN_POINT('',(12.,1.9,5.69122131005288));
#5585=CARTESIAN_POINT('',(12.,1.9,5.));
#5586=CARTESIAN_POINT('',(16.,1.9,5.69122131005288));
#5587=CARTESIAN_POINT('Origin',(13.,-1.,10.));
#5588=CARTESIAN_POINT('',(13.,-1.,5.91607978309962));
#5589=CARTESIAN_POINT('Origin',(13.,0.,0.));
#5590=CARTESIAN_POINT('',(13.,-1.,10.));
#5591=CARTESIAN_POINT('Origin',(3.70000000000001,-1.,10.));
#5592=CARTESIAN_POINT('',(12.,-1.,5.91607978309962));
#5593=CARTESIAN_POINT('',(12.,-1.,5.));
#5594=CARTESIAN_POINT('',(16.,-1.,5.91607978309962));
#5595=CARTESIAN_POINT('Origin',(13.,1.,-10.));
#5596=CARTESIAN_POINT('',(12.,1.,-5.));
#5597=CARTESIAN_POINT('',(12.,1.,-5.91607978309962));
#5598=CARTESIAN_POINT('',(12.,1.,-5.));
#5599=CARTESIAN_POINT('',(16.,1.,-5.91607978309962));
#5600=CARTESIAN_POINT('',(3.70000000000001,1.,-5.));
#5601=CARTESIAN_POINT('Origin',(8.35,1.45,-5.));
#5602=CARTESIAN_POINT('',(12.,0.725,-5.));
#5603=CARTESIAN_POINT('Origin',(13.,-1.9,-10.));
#5604=CARTESIAN_POINT('',(12.,-1.9,-5.));
#5605=CARTESIAN_POINT('',(12.,-1.9,-5.69122131005288));
#5606=CARTESIAN_POINT('',(12.,-1.9,-5.));
#5607=CARTESIAN_POINT('',(16.,-1.9,-5.69122131005288));
#5608=CARTESIAN_POINT('',(3.70000000000001,-1.9,-5.));
#5609=CARTESIAN_POINT('Origin',(8.35,-1.45,-5.));
#5610=CARTESIAN_POINT('',(12.,-0.725000000000001,-5.));
#5611=CARTESIAN_POINT('Origin',(16.,0.,0.));
#5612=CARTESIAN_POINT('Origin',(12.,0.,0.));
#5613=CARTESIAN_POINT('Origin',(12.,0.,0.));
#5614=CARTESIAN_POINT('Origin',(12.,0.,0.));
#5615=CARTESIAN_POINT('Origin',(12.,0.,0.));
#5616=CARTESIAN_POINT('Origin',(12.,-1.54197642309049E-16,3.69627624575467E-16));
#5617=CARTESIAN_POINT('',(12.,1.53080849893419E-16,-1.25));
#5618=CARTESIAN_POINT('Origin',(12.,0.,0.));
#5619=CARTESIAN_POINT('Origin',(12.,0.,0.));
#5620=CARTESIAN_POINT('',(14.,1.53080849893419E-16,-1.25));
#5621=CARTESIAN_POINT('Origin',(14.,0.,0.));
#5622=CARTESIAN_POINT('Origin',(14.,0.,0.));
#5623=CARTESIAN_POINT('',(16.,3.00038465791102E-16,-2.45));
#5624=CARTESIAN_POINT('Origin',(16.,0.,0.));
#5625=CARTESIAN_POINT('',(14.,3.00038465791102E-16,-2.45));
#5626=CARTESIAN_POINT('Origin',(14.,0.,0.));
#5627=CARTESIAN_POINT('Origin',(14.,4.72033598905253E-17,1.19409925263643E-16));
#5628=CARTESIAN_POINT('Origin',(17.5,0.,0.));
#5629=CARTESIAN_POINT('',(18.8,3.00038465791102E-16,-2.45));
#5630=CARTESIAN_POINT('Origin',(18.8,0.,0.));
#5631=CARTESIAN_POINT('',(17.5,-3.00038465791102E-16,2.45));
#5632=CARTESIAN_POINT('Origin',(17.5,0.,0.));
#5633=CARTESIAN_POINT('Origin',(20.1,4.72033598905253E-17,1.19409925263643E-16));
#5634=CARTESIAN_POINT('',(20.1,-7.26714707195993E-17,-0.593407591235253));
#5635=CARTESIAN_POINT('Origin',(20.1,0.,0.));
#5636=CARTESIAN_POINT('Origin',(18.8,0.,0.));
#5637=CARTESIAN_POINT('Origin',(16.75,0.,0.));
#5638=CARTESIAN_POINT('Origin',(0.700000000000005,1.89781713611138E-16,
-4.79065979652998E-16));
#5639=CARTESIAN_POINT('',(0.700000000000005,1.19403062916867E-15,9.75));
#5640=CARTESIAN_POINT('Origin',(0.700000000000005,0.,0.));
#5641=CARTESIAN_POINT('Origin',(-61.05,0.,0.));
#5642=CARTESIAN_POINT('',(-62.8,0.,-12.0575847941358));
#5643=CARTESIAN_POINT('Origin',(-62.8,0.,0.));
#5644=CARTESIAN_POINT('',(-59.3,-1.47662826235863E-15,12.0575847941358));
#5645=CARTESIAN_POINT('Origin',(-59.3,0.,0.));
#5646=CARTESIAN_POINT('Origin',(-41.9950289556226,43.113232748826,0.));
#5647=CARTESIAN_POINT('',(-55.2134943168864,11.7718284797267,0.));
#5648=CARTESIAN_POINT('',(-33.2670852111702,10.2371860573559,0.));
#5649=CARTESIAN_POINT('Ctrl Pts',(-55.2134943168863,11.7718284797267,-2.77555756156289E-16));
#5650=CARTESIAN_POINT('Ctrl Pts',(-55.2134943168863,11.7718284797267,-0.376945621668029));
#5651=CARTESIAN_POINT('Ctrl Pts',(-55.1613195340606,11.7496787666082,-0.756578359632799));
#5652=CARTESIAN_POINT('Ctrl Pts',(-54.9567039252658,11.6645649220482,-1.49289340949034));
#5653=CARTESIAN_POINT('Ctrl Pts',(-54.8042924335231,11.6016914563483,-1.84959435035651));
#5654=CARTESIAN_POINT('Ctrl Pts',(-54.2263424223551,11.3708542596182,-2.85092119258519));
#5655=CARTESIAN_POINT('Ctrl Pts',(-53.6736084688193,11.1602303603047,-3.42576557567945));
#5656=CARTESIAN_POINT('Ctrl Pts',(-52.7267665444955,10.8332906386131,-4.15314043615845));
#5657=CARTESIAN_POINT('Ctrl Pts',(-52.2935888458074,10.6913710114468,-4.42461921529448));
#5658=CARTESIAN_POINT('Ctrl Pts',(-51.3834670148773,10.4162193116219,-4.89047211870151));
#5659=CARTESIAN_POINT('Ctrl Pts',(-50.9068787091865,10.2833530277894,-5.08575687487032));
#5660=CARTESIAN_POINT('Ctrl Pts',(-49.4998540007479,9.92171680433204,-5.57281323965077));
#5661=CARTESIAN_POINT('Ctrl Pts',(-48.4035134336909,9.68826556212359,-5.81134244583029));
#5662=CARTESIAN_POINT('Ctrl Pts',(-46.1633489274542,9.33569254262841,-6.07985993975006));
#5663=CARTESIAN_POINT('Ctrl Pts',(-45.0196645545199,9.21691888395697,-6.11146710979585));
#5664=CARTESIAN_POINT('Ctrl Pts',(-42.9769299445567,9.09786999974318,-6.03252930536352));
#5665=CARTESIAN_POINT('Ctrl Pts',(-41.8856396723772,9.08165346248292,-5.9213068255578));
#5666=CARTESIAN_POINT('Ctrl Pts',(-39.7431949248382,9.15605990126467,-5.52081451583729));
#5667=CARTESIAN_POINT('Ctrl Pts',(-38.6922213566407,9.2462808505346,-5.23050302515482));
#5668=CARTESIAN_POINT('Ctrl Pts',(-37.3452151419901,9.41497969774745,-4.70187318721845));
#5669=CARTESIAN_POINT('Ctrl Pts',(-36.8906455300922,9.48063493051128,-4.49772478766378));
#5670=CARTESIAN_POINT('Ctrl Pts',(-36.0194471090804,9.62444677751779,-4.02585773213684));
#5671=CARTESIAN_POINT('Ctrl Pts',(-35.6032147254443,9.70232861114488,-3.75732389388238));
#5672=CARTESIAN_POINT('Ctrl Pts',(-34.719516755277,9.88120584439073,-3.07071437569149));
#5673=CARTESIAN_POINT('Ctrl Pts',(-34.2051380593281,10.0002513352098,-2.5509583604113));
#5674=CARTESIAN_POINT('Ctrl Pts',(-33.6593441403026,10.1350139933892,-1.65381923485797));
#5675=CARTESIAN_POINT('Ctrl Pts',(-33.5139042380043,10.1724943493592,-1.33522268514575));
#5676=CARTESIAN_POINT('Ctrl Pts',(-33.3177303336107,10.2236263158204,-0.677330747889264));
#5677=CARTESIAN_POINT('Ctrl Pts',(-33.2670852111703,10.2371860573559,-0.338001724210671));
#5678=CARTESIAN_POINT('Ctrl Pts',(-33.2670852111703,10.2371860573559,-2.08166817117217E-16));
#5679=CARTESIAN_POINT('Ctrl Pts',(-33.2670852111703,10.2371860573559,2.77555756156289E-16));
#5680=CARTESIAN_POINT('Ctrl Pts',(-33.2670852111703,10.2371860573559,0.338001724210671));
#5681=CARTESIAN_POINT('Ctrl Pts',(-33.3177303336107,10.2236263158204,0.677330747889264));
#5682=CARTESIAN_POINT('Ctrl Pts',(-33.5139042380043,10.1724943493592,1.33522268514575));
#5683=CARTESIAN_POINT('Ctrl Pts',(-33.6593441403026,10.1350139933892,1.65381923485797));
#5684=CARTESIAN_POINT('Ctrl Pts',(-34.2051380593281,10.0002513352098,2.5509583604113));
#5685=CARTESIAN_POINT('Ctrl Pts',(-34.719516755277,9.88120584439073,3.07071437569149));
#5686=CARTESIAN_POINT('Ctrl Pts',(-35.6032147254443,9.70232861114488,3.75732389388238));
#5687=CARTESIAN_POINT('Ctrl Pts',(-36.0194471090804,9.62444677751779,4.02585773213684));
#5688=CARTESIAN_POINT('Ctrl Pts',(-36.8906455300922,9.48063493051128,4.49772478766378));
#5689=CARTESIAN_POINT('Ctrl Pts',(-37.3452151419901,9.41497969774744,4.70187318721845));
#5690=CARTESIAN_POINT('Ctrl Pts',(-38.6922213566407,9.2462808505346,5.23050302515482));
#5691=CARTESIAN_POINT('Ctrl Pts',(-39.7431949248382,9.15605990126467,5.52081451583729));
#5692=CARTESIAN_POINT('Ctrl Pts',(-41.8856396723772,9.08165346248292,5.9213068255578));
#5693=CARTESIAN_POINT('Ctrl Pts',(-42.9769299445567,9.09786999974318,6.03252930536352));
#5694=CARTESIAN_POINT('Ctrl Pts',(-45.0196645545199,9.21691888395697,6.11146710979585));
#5695=CARTESIAN_POINT('Ctrl Pts',(-46.1633489274542,9.33569254262841,6.07985993975006));
#5696=CARTESIAN_POINT('Ctrl Pts',(-48.4035134336909,9.68826556212359,5.8113424458303));
#5697=CARTESIAN_POINT('Ctrl Pts',(-49.4998540007479,9.92171680433204,5.57281323965077));
#5698=CARTESIAN_POINT('Ctrl Pts',(-50.9068787091865,10.2833530277894,5.08575687487032));
#5699=CARTESIAN_POINT('Ctrl Pts',(-51.3834670148773,10.4162193116219,4.89047211870153));
#5700=CARTESIAN_POINT('Ctrl Pts',(-52.2935888458074,10.6913710114468,4.4246192152945));
#5701=CARTESIAN_POINT('Ctrl Pts',(-52.7267665444954,10.8332906386131,4.15314043615845));
#5702=CARTESIAN_POINT('Ctrl Pts',(-53.6736084688193,11.1602303603047,3.42576557567945));
#5703=CARTESIAN_POINT('Ctrl Pts',(-54.2263424223551,11.3708542596182,2.85092119258519));
#5704=CARTESIAN_POINT('Ctrl Pts',(-54.8042924335231,11.6016914563483,1.8495943503565));
#5705=CARTESIAN_POINT('Ctrl Pts',(-54.9567039252658,11.6645649220482,1.49289340949034));
#5706=CARTESIAN_POINT('Ctrl Pts',(-55.1613195340606,11.7496787666082,0.756578359632801));
#5707=CARTESIAN_POINT('Ctrl Pts',(-55.2134943168863,11.7718284797267,0.37694562166803));
#5708=CARTESIAN_POINT('Ctrl Pts',(-55.2134943168863,11.7718284797267,-2.77555756156289E-16));
#5709=CARTESIAN_POINT('Origin',(-41.9950289556226,-43.113232748826,0.));
#5710=CARTESIAN_POINT('',(-55.2134943168864,-11.7718284797267,0.));
#5711=CARTESIAN_POINT('',(-33.2670852111702,-10.2371860573559,0.));
#5712=CARTESIAN_POINT('Ctrl Pts',(-55.2134943168863,-11.7718284797267,1.38777878078145E-16));
#5713=CARTESIAN_POINT('Ctrl Pts',(-55.2134943168863,-11.7718284797267,0.376945621668029));
#5714=CARTESIAN_POINT('Ctrl Pts',(-55.1613195340606,-11.7496787666082,0.756578359632799));
#5715=CARTESIAN_POINT('Ctrl Pts',(-54.9567039252658,-11.6645649220482,1.49289340949034));
#5716=CARTESIAN_POINT('Ctrl Pts',(-54.8042924335231,-11.6016914563483,1.84959435035651));
#5717=CARTESIAN_POINT('Ctrl Pts',(-54.2263424223551,-11.3708542596182,2.85092119258519));
#5718=CARTESIAN_POINT('Ctrl Pts',(-53.6736084688193,-11.1602303603047,3.42576557567945));
#5719=CARTESIAN_POINT('Ctrl Pts',(-52.7267665444955,-10.8332906386131,4.15314043615845));
#5720=CARTESIAN_POINT('Ctrl Pts',(-52.2935888458074,-10.6913710114468,4.42461921529448));
#5721=CARTESIAN_POINT('Ctrl Pts',(-51.3834670148773,-10.4162193116219,4.89047211870152));
#5722=CARTESIAN_POINT('Ctrl Pts',(-50.9068787091865,-10.2833530277894,5.08575687487032));
#5723=CARTESIAN_POINT('Ctrl Pts',(-49.4998540007479,-9.92171680433204,5.57281323965077));
#5724=CARTESIAN_POINT('Ctrl Pts',(-48.4035134336909,-9.68826556212359,5.81134244583029));
#5725=CARTESIAN_POINT('Ctrl Pts',(-46.1633489274542,-9.33569254262841,6.07985993975006));
#5726=CARTESIAN_POINT('Ctrl Pts',(-45.0196645545199,-9.21691888395697,6.11146710979585));
#5727=CARTESIAN_POINT('Ctrl Pts',(-42.9769299445567,-9.09786999974318,6.03252930536352));
#5728=CARTESIAN_POINT('Ctrl Pts',(-41.8856396723772,-9.08165346248292,5.9213068255578));
#5729=CARTESIAN_POINT('Ctrl Pts',(-39.7431949248382,-9.15605990126467,5.52081451583729));
#5730=CARTESIAN_POINT('Ctrl Pts',(-38.6922213566407,-9.2462808505346,5.23050302515482));
#5731=CARTESIAN_POINT('Ctrl Pts',(-37.3452151419901,-9.41497969774745,4.70187318721845));
#5732=CARTESIAN_POINT('Ctrl Pts',(-36.8906455300922,-9.48063493051128,4.49772478766378));
#5733=CARTESIAN_POINT('Ctrl Pts',(-36.0194471090804,-9.62444677751779,4.02585773213684));
#5734=CARTESIAN_POINT('Ctrl Pts',(-35.6032147254443,-9.70232861114488,3.75732389388238));
#5735=CARTESIAN_POINT('Ctrl Pts',(-34.719516755277,-9.88120584439073,3.07071437569149));
#5736=CARTESIAN_POINT('Ctrl Pts',(-34.2051380593281,-10.0002513352098,2.5509583604113));
#5737=CARTESIAN_POINT('Ctrl Pts',(-33.6593441403026,-10.1350139933892,1.65381923485797));
#5738=CARTESIAN_POINT('Ctrl Pts',(-33.5139042380043,-10.1724943493592,1.33522268514575));
#5739=CARTESIAN_POINT('Ctrl Pts',(-33.3177303336107,-10.2236263158204,0.677330747889264));
#5740=CARTESIAN_POINT('Ctrl Pts',(-33.2670852111703,-10.2371860573559,0.338001724210671));
#5741=CARTESIAN_POINT('Ctrl Pts',(-33.2670852111703,-10.2371860573559,3.46944695195361E-16));
#5742=CARTESIAN_POINT('Ctrl Pts',(-33.2670852111703,-10.2371860573559,-2.77555756156289E-16));
#5743=CARTESIAN_POINT('Ctrl Pts',(-33.2670852111703,-10.2371860573559,-0.338001724210671));
#5744=CARTESIAN_POINT('Ctrl Pts',(-33.3177303336107,-10.2236263158204,-0.677330747889264));
#5745=CARTESIAN_POINT('Ctrl Pts',(-33.5139042380043,-10.1724943493592,-1.33522268514575));
#5746=CARTESIAN_POINT('Ctrl Pts',(-33.6593441403026,-10.1350139933892,-1.65381923485797));
#5747=CARTESIAN_POINT('Ctrl Pts',(-34.2051380593281,-10.0002513352098,-2.5509583604113));
#5748=CARTESIAN_POINT('Ctrl Pts',(-34.719516755277,-9.88120584439073,-3.07071437569149));
#5749=CARTESIAN_POINT('Ctrl Pts',(-35.6032147254443,-9.70232861114488,-3.75732389388238));
#5750=CARTESIAN_POINT('Ctrl Pts',(-36.0194471090804,-9.62444677751779,-4.02585773213684));
#5751=CARTESIAN_POINT('Ctrl Pts',(-36.8906455300922,-9.48063493051128,-4.49772478766378));
#5752=CARTESIAN_POINT('Ctrl Pts',(-37.3452151419901,-9.41497969774744,-4.70187318721845));
#5753=CARTESIAN_POINT('Ctrl Pts',(-38.6922213566407,-9.2462808505346,-5.23050302515482));
#5754=CARTESIAN_POINT('Ctrl Pts',(-39.7431949248382,-9.15605990126467,-5.52081451583729));
#5755=CARTESIAN_POINT('Ctrl Pts',(-41.8856396723772,-9.08165346248292,-5.9213068255578));
#5756=CARTESIAN_POINT('Ctrl Pts',(-42.9769299445567,-9.09786999974318,-6.03252930536352));
#5757=CARTESIAN_POINT('Ctrl Pts',(-45.0196645545199,-9.21691888395697,-6.11146710979585));
#5758=CARTESIAN_POINT('Ctrl Pts',(-46.1633489274542,-9.33569254262841,-6.07985993975006));
#5759=CARTESIAN_POINT('Ctrl Pts',(-48.4035134336909,-9.68826556212359,-5.8113424458303));
#5760=CARTESIAN_POINT('Ctrl Pts',(-49.4998540007479,-9.92171680433204,-5.57281323965077));
#5761=CARTESIAN_POINT('Ctrl Pts',(-50.9068787091865,-10.2833530277894,-5.08575687487032));
#5762=CARTESIAN_POINT('Ctrl Pts',(-51.3834670148773,-10.4162193116219,-4.89047211870153));
#5763=CARTESIAN_POINT('Ctrl Pts',(-52.2935888458074,-10.6913710114468,-4.4246192152945));
#5764=CARTESIAN_POINT('Ctrl Pts',(-52.7267665444954,-10.8332906386131,-4.15314043615845));
#5765=CARTESIAN_POINT('Ctrl Pts',(-53.6736084688193,-11.1602303603047,-3.42576557567945));
#5766=CARTESIAN_POINT('Ctrl Pts',(-54.2263424223551,-11.3708542596182,-2.85092119258519));
#5767=CARTESIAN_POINT('Ctrl Pts',(-54.8042924335231,-11.6016914563483,-1.8495943503565));
#5768=CARTESIAN_POINT('Ctrl Pts',(-54.9567039252658,-11.6645649220482,-1.49289340949034));
#5769=CARTESIAN_POINT('Ctrl Pts',(-55.1613195340606,-11.7496787666082,-0.7565783596328));
#5770=CARTESIAN_POINT('Ctrl Pts',(-55.2134943168863,-11.7718284797267,-0.37694562166803));
#5771=CARTESIAN_POINT('Ctrl Pts',(-55.2134943168863,-11.7718284797267,1.38777878078145E-16));
#5772=CARTESIAN_POINT('Origin',(-42.7523333260595,0.,-32.2832756924588));
#5773=CARTESIAN_POINT('',(-33.2670852111702,0.,-10.2371860573559));
#5774=CARTESIAN_POINT('',(-55.2134943168864,0.,-11.7718284797267));
#5775=CARTESIAN_POINT('Ctrl Pts',(-33.2670852111702,0.,-10.2371860573559));
#5776=CARTESIAN_POINT('Ctrl Pts',(-33.2670852111702,0.810002356011925,-10.2371860573559));
#5777=CARTESIAN_POINT('Ctrl Pts',(-33.4706335274365,1.64651388634483,-10.1469501192273));
#5778=CARTESIAN_POINT('Ctrl Pts',(-34.2294047833128,3.14010933188386,-9.84387682252086));
#5779=CARTESIAN_POINT('Ctrl Pts',(-34.7837975211024,3.79865754560946,-9.63620160330207));
#5780=CARTESIAN_POINT('Ctrl Pts',(-35.7297545263079,4.62621728168231,-9.33068458534688));
#5781=CARTESIAN_POINT('Ctrl Pts',(-36.1462829978078,4.92945350983847,-9.20583229445669));
#5782=CARTESIAN_POINT('Ctrl Pts',(-37.0284434771241,5.46380690229688,-8.97136066391011));
#5783=CARTESIAN_POINT('Ctrl Pts',(-37.493693070312,5.69577268679065,-8.86223771781293));
#5784=CARTESIAN_POINT('Ctrl Pts',(-38.8235018455885,6.26939669373994,-8.58947204123651));
#5785=CARTESIAN_POINT('Ctrl Pts',(-39.8492011414502,6.58143000831794,-8.43613743805753));
#5786=CARTESIAN_POINT('Ctrl Pts',(-41.9540161471457,7.01470272829429,-8.27334265525956));
#5787=CARTESIAN_POINT('Ctrl Pts',(-43.0328386374649,7.13760992650901,-8.26453519732382));
#5788=CARTESIAN_POINT('Ctrl Pts',(-45.0534173669316,7.22996201720849,-8.37146834609363));
#5789=CARTESIAN_POINT('Ctrl Pts',(-46.1803116146079,7.20117155594924,-8.5031621739483));
#5790=CARTESIAN_POINT('Ctrl Pts',(-48.371751446395,6.92566879152273,-8.92376025378983));
#5791=CARTESIAN_POINT('Ctrl Pts',(-49.4361016634375,6.6765924579017,-9.21213040974179));
#5792=CARTESIAN_POINT('Ctrl Pts',(-50.8150093667635,6.157332165267,-9.67304216686965));
#5793=CARTESIAN_POINT('Ctrl Pts',(-51.2974597884697,5.9387613232934,-9.85067255540174));
#5794=CARTESIAN_POINT('Ctrl Pts',(-52.2073944870364,5.41744975005276,-10.218763804799));
#5795=CARTESIAN_POINT('Ctrl Pts',(-52.6345954364311,5.11378908379711,-10.4086213209517));
#5796=CARTESIAN_POINT('Ctrl Pts',(-53.6384213297448,4.23931743392034,-10.882390222435));
#5797=CARTESIAN_POINT('Ctrl Pts',(-54.2227979045602,3.51029346259557,-11.1969497546474));
#5798=CARTESIAN_POINT('Ctrl Pts',(-55.0092886163688,1.84306539052635,-11.6441951447546));
#5799=CARTESIAN_POINT('Ctrl Pts',(-55.2134943168863,0.904497084372415,-11.7718284797267));
#5800=CARTESIAN_POINT('Ctrl Pts',(-55.2134943168863,0.,-11.7718284797267));
#5801=CARTESIAN_POINT('Ctrl Pts',(-55.2134943168863,-4.16333634234434E-16,
-11.7718284797267));
#5802=CARTESIAN_POINT('Ctrl Pts',(-55.2134943168863,-0.904497084372414,
-11.7718284797267));
#5803=CARTESIAN_POINT('Ctrl Pts',(-55.0092886163688,-1.84306539052636,-11.6441951447546));
#5804=CARTESIAN_POINT('Ctrl Pts',(-54.2227979045602,-3.51029346259557,-11.1969497546474));
#5805=CARTESIAN_POINT('Ctrl Pts',(-53.6384213297448,-4.23931743392034,-10.882390222435));
#5806=CARTESIAN_POINT('Ctrl Pts',(-52.6345954364311,-5.11378908379711,-10.4086213209517));
#5807=CARTESIAN_POINT('Ctrl Pts',(-52.2073944870364,-5.41744975005275,-10.218763804799));
#5808=CARTESIAN_POINT('Ctrl Pts',(-51.2974597884697,-5.9387613232934,-9.85067255540174));
#5809=CARTESIAN_POINT('Ctrl Pts',(-50.8150093667635,-6.157332165267,-9.67304216686965));
#5810=CARTESIAN_POINT('Ctrl Pts',(-49.4361016634375,-6.6765924579017,-9.21213040974179));
#5811=CARTESIAN_POINT('Ctrl Pts',(-48.371751446395,-6.92566879152272,-8.92376025378983));
#5812=CARTESIAN_POINT('Ctrl Pts',(-46.1803116146079,-7.20117155594924,-8.5031621739483));
#5813=CARTESIAN_POINT('Ctrl Pts',(-45.0534173669316,-7.22996201720849,-8.37146834609363));
#5814=CARTESIAN_POINT('Ctrl Pts',(-43.0328386374649,-7.13760992650901,-8.26453519732382));
#5815=CARTESIAN_POINT('Ctrl Pts',(-41.9540161471457,-7.01470272829429,-8.27334265525956));
#5816=CARTESIAN_POINT('Ctrl Pts',(-39.8492011414502,-6.58143000831794,-8.43613743805753));
#5817=CARTESIAN_POINT('Ctrl Pts',(-38.8235018455885,-6.26939669373994,-8.58947204123651));
#5818=CARTESIAN_POINT('Ctrl Pts',(-37.493693070312,-5.69577268679065,-8.86223771781293));
#5819=CARTESIAN_POINT('Ctrl Pts',(-37.0284434771241,-5.46380690229688,-8.97136066391011));
#5820=CARTESIAN_POINT('Ctrl Pts',(-36.1462829978078,-4.92945350983847,-9.20583229445669));
#5821=CARTESIAN_POINT('Ctrl Pts',(-35.7297545263079,-4.62621728168231,-9.33068458534688));
#5822=CARTESIAN_POINT('Ctrl Pts',(-34.7837975211024,-3.79865754560946,-9.63620160330207));
#5823=CARTESIAN_POINT('Ctrl Pts',(-34.2294047833128,-3.14010933188386,-9.84387682252086));
#5824=CARTESIAN_POINT('Ctrl Pts',(-33.4706335274365,-1.64651388634483,-10.1469501192273));
#5825=CARTESIAN_POINT('Ctrl Pts',(-33.2670852111702,-0.810002356011925,
-10.2371860573559));
#5826=CARTESIAN_POINT('Ctrl Pts',(-33.2670852111702,0.,-10.2371860573559));
#5827=CARTESIAN_POINT('Origin',(-42.7523333260595,0.,32.2832756924588));
#5828=CARTESIAN_POINT('',(-33.2670852111702,0.,10.2371860573559));
#5829=CARTESIAN_POINT('',(-55.2134943168864,0.,11.7718284797267));
#5830=CARTESIAN_POINT('Ctrl Pts',(-33.2670852111702,2.08166817117217E-16,
10.2371860573559));
#5831=CARTESIAN_POINT('Ctrl Pts',(-33.2670852111702,-0.810002356011925,
10.2371860573559));
#5832=CARTESIAN_POINT('Ctrl Pts',(-33.4706335274365,-1.64651388634483,10.1469501192273));
#5833=CARTESIAN_POINT('Ctrl Pts',(-34.2294047833128,-3.14010933188386,9.84387682252086));
#5834=CARTESIAN_POINT('Ctrl Pts',(-34.7837975211024,-3.79865754560946,9.63620160330207));
#5835=CARTESIAN_POINT('Ctrl Pts',(-35.7297545263079,-4.62621728168231,9.33068458534688));
#5836=CARTESIAN_POINT('Ctrl Pts',(-36.1462829978078,-4.92945350983848,9.20583229445669));
#5837=CARTESIAN_POINT('Ctrl Pts',(-37.0284434771241,-5.46380690229688,8.97136066391011));
#5838=CARTESIAN_POINT('Ctrl Pts',(-37.493693070312,-5.69577268679065,8.86223771781293));
#5839=CARTESIAN_POINT('Ctrl Pts',(-38.8235018455885,-6.26939669373994,8.58947204123651));
#5840=CARTESIAN_POINT('Ctrl Pts',(-39.8492011414502,-6.58143000831794,8.43613743805753));
#5841=CARTESIAN_POINT('Ctrl Pts',(-41.9540161471457,-7.0147027282943,8.27334265525956));
#5842=CARTESIAN_POINT('Ctrl Pts',(-43.0328386374649,-7.13760992650901,8.26453519732382));
#5843=CARTESIAN_POINT('Ctrl Pts',(-45.0534173669316,-7.22996201720849,8.37146834609363));
#5844=CARTESIAN_POINT('Ctrl Pts',(-46.1803116146079,-7.20117155594924,8.5031621739483));
#5845=CARTESIAN_POINT('Ctrl Pts',(-48.371751446395,-6.92566879152273,8.92376025378983));
#5846=CARTESIAN_POINT('Ctrl Pts',(-49.4361016634375,-6.6765924579017,9.21213040974179));
#5847=CARTESIAN_POINT('Ctrl Pts',(-50.8150093667635,-6.157332165267,9.67304216686965));
#5848=CARTESIAN_POINT('Ctrl Pts',(-51.2974597884697,-5.9387613232934,9.85067255540174));
#5849=CARTESIAN_POINT('Ctrl Pts',(-52.2073944870364,-5.41744975005275,10.218763804799));
#5850=CARTESIAN_POINT('Ctrl Pts',(-52.6345954364311,-5.11378908379711,10.4086213209517));
#5851=CARTESIAN_POINT('Ctrl Pts',(-53.6384213297448,-4.23931743392034,10.882390222435));
#5852=CARTESIAN_POINT('Ctrl Pts',(-54.2227979045602,-3.51029346259557,11.1969497546474));
#5853=CARTESIAN_POINT('Ctrl Pts',(-55.0092886163688,-1.84306539052635,11.6441951447546));
#5854=CARTESIAN_POINT('Ctrl Pts',(-55.2134943168863,-0.904497084372415,
11.7718284797267));
#5855=CARTESIAN_POINT('Ctrl Pts',(-55.2134943168863,0.,11.7718284797267));
#5856=CARTESIAN_POINT('Ctrl Pts',(-55.2134943168863,4.16333634234434E-16,
11.7718284797267));
#5857=CARTESIAN_POINT('Ctrl Pts',(-55.2134943168863,0.904497084372414,11.7718284797267));
#5858=CARTESIAN_POINT('Ctrl Pts',(-55.0092886163688,1.84306539052636,11.6441951447546));
#5859=CARTESIAN_POINT('Ctrl Pts',(-54.2227979045602,3.51029346259557,11.1969497546474));
#5860=CARTESIAN_POINT('Ctrl Pts',(-53.6384213297448,4.23931743392034,10.882390222435));
#5861=CARTESIAN_POINT('Ctrl Pts',(-52.6345954364311,5.11378908379711,10.4086213209517));
#5862=CARTESIAN_POINT('Ctrl Pts',(-52.2073944870363,5.41744975005275,10.218763804799));
#5863=CARTESIAN_POINT('Ctrl Pts',(-51.2974597884697,5.9387613232934,9.85067255540174));
#5864=CARTESIAN_POINT('Ctrl Pts',(-50.8150093667635,6.157332165267,9.67304216686965));
#5865=CARTESIAN_POINT('Ctrl Pts',(-49.4361016634375,6.6765924579017,9.21213040974179));
#5866=CARTESIAN_POINT('Ctrl Pts',(-48.371751446395,6.92566879152273,8.92376025378983));
#5867=CARTESIAN_POINT('Ctrl Pts',(-46.1803116146079,7.20117155594924,8.5031621739483));
#5868=CARTESIAN_POINT('Ctrl Pts',(-45.0534173669316,7.22996201720849,8.37146834609363));
#5869=CARTESIAN_POINT('Ctrl Pts',(-43.0328386374649,7.13760992650901,8.26453519732382));
#5870=CARTESIAN_POINT('Ctrl Pts',(-41.9540161471457,7.0147027282943,8.27334265525956));
#5871=CARTESIAN_POINT('Ctrl Pts',(-39.8492011414502,6.58143000831794,8.43613743805753));
#5872=CARTESIAN_POINT('Ctrl Pts',(-38.8235018455885,6.26939669373994,8.58947204123651));
#5873=CARTESIAN_POINT('Ctrl Pts',(-37.493693070312,5.69577268679065,8.86223771781293));
#5874=CARTESIAN_POINT('Ctrl Pts',(-37.0284434771241,5.46380690229688,8.97136066391011));
#5875=CARTESIAN_POINT('Ctrl Pts',(-36.1462829978078,4.92945350983848,9.20583229445669));
#5876=CARTESIAN_POINT('Ctrl Pts',(-35.7297545263079,4.62621728168231,9.33068458534688));
#5877=CARTESIAN_POINT('Ctrl Pts',(-34.7837975211024,3.79865754560946,9.63620160330207));
#5878=CARTESIAN_POINT('Ctrl Pts',(-34.2294047833128,3.14010933188386,9.84387682252086));
#5879=CARTESIAN_POINT('Ctrl Pts',(-33.4706335274365,1.64651388634483,10.1469501192273));
#5880=CARTESIAN_POINT('Ctrl Pts',(-33.2670852111702,0.810002356011925,10.2371860573559));
#5881=CARTESIAN_POINT('Ctrl Pts',(-33.2670852111702,-1.38777878078145E-16,
10.2371860573559));
#5882=CARTESIAN_POINT('Origin',(-62.8,0.,-12.0575847941358));
#5883=CARTESIAN_POINT('',(-62.8,9.79717439317883E-16,8.));
#5884=CARTESIAN_POINT('Origin',(-62.8,0.,0.));
#5885=CARTESIAN_POINT('Origin',(-60.8,0.,0.));
#5886=CARTESIAN_POINT('Origin',(-50.8,0.,-2.72118023435153E-16));
#5887=CARTESIAN_POINT('',(-50.8,4.89858719658941E-16,4.));
#5888=CARTESIAN_POINT('Origin',(-50.8,0.,0.));
#5889=CARTESIAN_POINT('Origin',(-60.8,0.,0.));
#5890=CARTESIAN_POINT('Origin',(-15.3,7.75841006976308,0.));
#5891=CARTESIAN_POINT('',(-2.3,7.75841006976309,-1.5));
#5892=CARTESIAN_POINT('',(-2.3,7.75841006976309,1.5));
#5893=CARTESIAN_POINT('',(-2.3,7.75841006976309,0.));
#5894=CARTESIAN_POINT('',(-15.3,7.75841006976308,-1.5));
#5895=CARTESIAN_POINT('',(-15.3,7.75841006976308,-1.5));
#5896=CARTESIAN_POINT('',(-15.3,7.75841006976308,1.5));
#5897=CARTESIAN_POINT('',(-15.3,7.75841006976308,0.));
#5898=CARTESIAN_POINT('',(-15.3,7.75841006976308,1.5));
#5899=CARTESIAN_POINT('Origin',(-15.3,9.75,0.));
#5900=CARTESIAN_POINT('',(-15.3,8.3075744257918,1.5));
#5901=CARTESIAN_POINT('',(-15.3,8.3075744257918,-1.5));
#5902=CARTESIAN_POINT('',(-15.3,8.3075744257918,0.));
#5903=CARTESIAN_POINT('',(-15.3,9.63392443399885,-1.5));
#5904=CARTESIAN_POINT('',(-15.3,9.75,-1.5));
#5905=CARTESIAN_POINT('',(-15.3,9.63392443399885,1.5));
#5906=CARTESIAN_POINT('Origin',(-15.3,0.,0.));
#5907=CARTESIAN_POINT('',(-15.3,9.75,1.5));
#5908=CARTESIAN_POINT('Origin',(-8.8,8.75420503488154,-1.5));
#5909=CARTESIAN_POINT('',(-12.3800110534583,9.63392443399885,-1.5));
#5910=CARTESIAN_POINT('',(-8.41922182219378,11.4330383777745,-1.5));
#5911=CARTESIAN_POINT('',(0.700000000000005,9.63392443399885,-1.5));
#5912=CARTESIAN_POINT('Origin',(-8.8,8.75420503488154,1.5));
#5913=CARTESIAN_POINT('',(-12.3800110534583,9.63392443399885,1.5));
#5914=CARTESIAN_POINT('',(-8.41922182219378,11.4330383777745,1.5));
#5915=CARTESIAN_POINT('',(0.700000000000005,9.63392443399885,1.5));
#5916=CARTESIAN_POINT('Origin',(-15.3,-7.75841006976308,0.));
#5917=CARTESIAN_POINT('',(-2.3,-7.75841006976309,-1.5));
#5918=CARTESIAN_POINT('',(-2.3,-7.75841006976309,1.5));
#5919=CARTESIAN_POINT('',(-2.3,-7.75841006976309,0.));
#5920=CARTESIAN_POINT('',(-15.3,-7.75841006976308,1.5));
#5921=CARTESIAN_POINT('',(-15.3,-7.75841006976308,1.5));
#5922=CARTESIAN_POINT('',(-15.3,-7.75841006976308,-1.5));
#5923=CARTESIAN_POINT('',(-15.3,-7.75841006976308,0.));
#5924=CARTESIAN_POINT('',(-15.3,-7.75841006976308,-1.5));
#5925=CARTESIAN_POINT('Origin',(-2.3,-7.75841006976309,0.));
#5926=CARTESIAN_POINT('',(-2.3,-8.6526983081133,1.5));
#5927=CARTESIAN_POINT('',(-2.3,-8.6526983081133,-1.5));
#5928=CARTESIAN_POINT('',(-2.3,-8.6526983081133,0.));
#5929=CARTESIAN_POINT('',(-2.3,-9.63392443399885,-1.5));
#5930=CARTESIAN_POINT('',(-2.3,-7.75841006976309,-1.5));
#5931=CARTESIAN_POINT('',(-2.3,-9.63392443399885,1.5));
#5932=CARTESIAN_POINT('Origin',(-2.3,0.,0.));
#5933=CARTESIAN_POINT('',(-2.3,-7.75841006976309,1.5));
#5934=CARTESIAN_POINT('Origin',(-8.8,8.75420503488154,1.5));
#5935=CARTESIAN_POINT('',(-11.1710135493936,9.63392443399885,1.5));
#5936=CARTESIAN_POINT('',(-12.4183903238095,9.06732701692871,1.5));
#5937=CARTESIAN_POINT('',(-3.56475733263808,9.63392443399885,1.5));
#5938=CARTESIAN_POINT('',(0.700000000000005,9.63392443399885,1.5));
#5939=CARTESIAN_POINT('',(-4.17879915295924,10.544489824319,1.5));
#5940=CARTESIAN_POINT('Origin',(-8.8,8.75420503488154,1.5));
#5941=CARTESIAN_POINT('',(-2.3,8.6526983081133,1.5));
#5942=CARTESIAN_POINT('',(-2.96169204638189,9.63392443399885,1.5));
#5943=CARTESIAN_POINT('',(-3.33946744279316,10.1941292765723,1.5));
#5944=CARTESIAN_POINT('',(-2.3,9.63392443399885,1.5));
#5945=CARTESIAN_POINT('',(0.700000000000005,9.63392443399885,1.5));
#5946=CARTESIAN_POINT('',(-2.3,7.75841006976309,1.5));
#5947=CARTESIAN_POINT('Origin',(-2.3,7.75841006976309,0.));
#5948=CARTESIAN_POINT('',(-2.3,8.6526983081133,-1.5));
#5949=CARTESIAN_POINT('',(-2.3,8.6526983081133,0.));
#5950=CARTESIAN_POINT('',(-2.3,9.63392443399885,-1.5));
#5951=CARTESIAN_POINT('Origin',(-2.3,0.,0.));
#5952=CARTESIAN_POINT('',(-2.3,7.75841006976309,-1.5));
#5953=CARTESIAN_POINT('Origin',(-8.8,8.75420503488154,-1.5));
#5954=CARTESIAN_POINT('',(-11.1710135493936,9.63392443399885,-1.5));
#5955=CARTESIAN_POINT('',(-12.4183903238095,9.06732701692871,-1.5));
#5956=CARTESIAN_POINT('',(-3.56475733263808,9.63392443399885,-1.5));
#5957=CARTESIAN_POINT('',(-4.17879915295924,10.544489824319,-1.5));
#5958=CARTESIAN_POINT('',(0.700000000000005,9.63392443399885,-1.5));
#5959=CARTESIAN_POINT('Origin',(-8.8,8.75420503488154,-1.5));
#5960=CARTESIAN_POINT('',(-2.96169204638189,9.63392443399885,-1.5));
#5961=CARTESIAN_POINT('',(-3.33946744279316,10.1941292765723,-1.5));
#5962=CARTESIAN_POINT('',(0.700000000000005,9.63392443399885,-1.5));
#5963=CARTESIAN_POINT('Origin',(-3.56411460497588,9.63297133024397,0.));
#5964=CARTESIAN_POINT('',(-4.40277038488819,10.8766177763128,1.5));
#5965=CARTESIAN_POINT('',(-4.40277038488819,10.8766177763128,1.5));
#5966=CARTESIAN_POINT('',(-4.40277038488819,10.8766177763128,-1.5));
#5967=CARTESIAN_POINT('',(-4.40277038488819,10.8766177763128,0.));
#5968=CARTESIAN_POINT('',(-4.40277038488819,10.8766177763128,-1.5));
#5969=CARTESIAN_POINT('Origin',(-2.3,8.6526983081133,0.));
#5970=CARTESIAN_POINT('',(-3.9882215695319,11.1561697029503,-1.5));
#5971=CARTESIAN_POINT('',(-3.9882215695319,11.1561697029503,1.5));
#5972=CARTESIAN_POINT('',(-3.9882215695319,11.1561697029503,0.));
#5973=CARTESIAN_POINT('',(-2.3,8.6526983081133,1.5));
#5974=CARTESIAN_POINT('',(-2.3,8.6526983081133,-1.5));
#5975=CARTESIAN_POINT('Origin',(-6.06096564631332,9.75841006976308,0.));
#5976=CARTESIAN_POINT('',(-7.09488010502596,12.0345956711728,-1.5));
#5977=CARTESIAN_POINT('',(-7.09488010502596,12.0345956711728,1.5));
#5978=CARTESIAN_POINT('',(-7.09488010502596,12.0345956711728,0.));
#5979=CARTESIAN_POINT('Origin',(-6.06096564631332,9.75841006976308,1.5));
#5980=CARTESIAN_POINT('Origin',(-6.06096564631332,9.75841006976308,-1.5));
#5981=CARTESIAN_POINT('Origin',(-7.09488010502596,12.0345956711728,0.));
#5982=CARTESIAN_POINT('',(-7.09488010502596,12.0345956711728,1.5));
#5983=CARTESIAN_POINT('',(-7.09488010502596,12.0345956711728,-1.5));
#5984=CARTESIAN_POINT('Origin',(-15.3,7.75841006976308,0.));
#5985=CARTESIAN_POINT('',(-6.88809721328343,11.5793585508909,-1.5));
#5986=CARTESIAN_POINT('',(-6.88809721328343,11.5793585508909,1.5));
#5987=CARTESIAN_POINT('',(-6.88809721328343,11.5793585508909,0.));
#5988=CARTESIAN_POINT('',(-15.3,7.75841006976308,1.5));
#5989=CARTESIAN_POINT('',(-15.3,7.75841006976308,-1.5));
#5990=CARTESIAN_POINT('Origin',(-6.06096564631332,9.75841006976308,0.));
#5991=CARTESIAN_POINT('Origin',(-6.06096564631332,9.75841006976308,1.5));
#5992=CARTESIAN_POINT('Origin',(-6.06096564631332,9.75841006976308,-1.5));
#5993=CARTESIAN_POINT('Origin',(-8.39337873204841,10.0432706527095,-1.5));
#5994=CARTESIAN_POINT('',(0.700000000000005,9.63392443399885,-1.5));
#5995=CARTESIAN_POINT('',(0.700000000000005,9.63392443399885,-1.5));
#5996=CARTESIAN_POINT('Origin',(-8.39337873204841,10.0432706527095,1.5));
#5997=CARTESIAN_POINT('',(0.700000000000005,9.63392443399885,1.5));
#5998=CARTESIAN_POINT('',(0.700000000000005,9.63392443399885,1.5));
#5999=CARTESIAN_POINT('Origin',(-8.8,-8.75420503488154,1.5));
#6000=CARTESIAN_POINT('',(-15.3,-8.3075744257918,1.5));
#6001=CARTESIAN_POINT('',(-12.3800110534583,-9.63392443399885,1.5));
#6002=CARTESIAN_POINT('',(-8.41922182219378,-11.4330383777745,1.5));
#6003=CARTESIAN_POINT('',(-15.3,-9.63392443399885,1.5));
#6004=CARTESIAN_POINT('',(0.700000000000005,-9.63392443399885,1.5));
#6005=CARTESIAN_POINT('',(-15.3,-9.75,1.5));
#6006=CARTESIAN_POINT('Origin',(-8.8,-8.75420503488154,1.5));
#6007=CARTESIAN_POINT('',(-11.1710135493936,-9.63392443399885,1.5));
#6008=CARTESIAN_POINT('',(-12.4183903238095,-9.06732701692871,1.5));
#6009=CARTESIAN_POINT('',(-3.56475733263808,-9.63392443399885,1.5));
#6010=CARTESIAN_POINT('',(-4.17879915295924,-10.544489824319,1.5));
#6011=CARTESIAN_POINT('',(0.700000000000005,-9.63392443399885,1.5));
#6012=CARTESIAN_POINT('Origin',(-8.8,-8.75420503488154,1.5));
#6013=CARTESIAN_POINT('',(-2.96169204638189,-9.63392443399885,1.5));
#6014=CARTESIAN_POINT('',(-3.33946744279316,-10.1941292765723,1.5));
#6015=CARTESIAN_POINT('',(0.700000000000005,-9.63392443399885,1.5));
#6016=CARTESIAN_POINT('Origin',(-8.8,-8.75420503488154,-1.5));
#6017=CARTESIAN_POINT('',(-12.3800110534583,-9.63392443399885,-1.5));
#6018=CARTESIAN_POINT('',(-15.3,-8.3075744257918,-1.5));
#6019=CARTESIAN_POINT('',(-8.41922182219378,-11.4330383777745,-1.5));
#6020=CARTESIAN_POINT('',(-15.3,-9.63392443399885,-1.5));
#6021=CARTESIAN_POINT('',(-15.3,-9.75,-1.5));
#6022=CARTESIAN_POINT('',(0.700000000000005,-9.63392443399885,-1.5));
#6023=CARTESIAN_POINT('Origin',(-8.8,-8.75420503488154,-1.5));
#6024=CARTESIAN_POINT('',(-11.1710135493936,-9.63392443399885,-1.5));
#6025=CARTESIAN_POINT('',(-12.4183903238095,-9.06732701692871,-1.5));
#6026=CARTESIAN_POINT('',(-3.56475733263808,-9.63392443399885,-1.5));
#6027=CARTESIAN_POINT('',(0.700000000000005,-9.63392443399885,-1.5));
#6028=CARTESIAN_POINT('',(-4.17879915295924,-10.544489824319,-1.5));
#6029=CARTESIAN_POINT('Origin',(-8.8,-8.75420503488154,-1.5));
#6030=CARTESIAN_POINT('',(-2.96169204638189,-9.63392443399885,-1.5));
#6031=CARTESIAN_POINT('',(-3.33946744279316,-10.1941292765723,-1.5));
#6032=CARTESIAN_POINT('',(0.700000000000005,-9.63392443399885,-1.5));
#6033=CARTESIAN_POINT('Origin',(-15.3,-9.75,0.));
#6034=CARTESIAN_POINT('',(-15.3,-8.3075744257918,0.));
#6035=CARTESIAN_POINT('Origin',(-15.3,0.,0.));
#6036=CARTESIAN_POINT('Origin',(-8.39337873204841,-10.0432706527095,1.5));
#6037=CARTESIAN_POINT('',(0.700000000000005,-9.63392443399885,1.5));
#6038=CARTESIAN_POINT('',(-7.09488010502596,-12.0345956711728,1.5));
#6039=CARTESIAN_POINT('',(-7.09488010502596,-12.0345956711728,1.5));
#6040=CARTESIAN_POINT('',(-3.9882215695319,-11.1561697029503,1.5));
#6041=CARTESIAN_POINT('Origin',(-6.06096564631332,-9.75841006976308,1.5));
#6042=CARTESIAN_POINT('',(-2.3,-8.6526983081133,1.5));
#6043=CARTESIAN_POINT('',(0.700000000000005,-9.63392443399885,1.5));
#6044=CARTESIAN_POINT('',(-4.40277038488819,-10.8766177763128,1.5));
#6045=CARTESIAN_POINT('',(-4.40277038488819,-10.8766177763128,1.5));
#6046=CARTESIAN_POINT('',(-6.88809721328343,-11.5793585508909,1.5));
#6047=CARTESIAN_POINT('Origin',(-6.06096564631332,-9.75841006976308,1.5));
#6048=CARTESIAN_POINT('',(-15.3,-7.75841006976308,1.5));
#6049=CARTESIAN_POINT('Origin',(-3.56411460497588,-9.63297133024397,0.));
#6050=CARTESIAN_POINT('',(-4.40277038488819,-10.8766177763128,-1.5));
#6051=CARTESIAN_POINT('',(-4.40277038488819,-10.8766177763128,-1.5));
#6052=CARTESIAN_POINT('',(-4.40277038488819,-10.8766177763128,0.));
#6053=CARTESIAN_POINT('Origin',(-2.3,-8.6526983081133,0.));
#6054=CARTESIAN_POINT('',(-3.9882215695319,-11.1561697029503,-1.5));
#6055=CARTESIAN_POINT('',(-3.9882215695319,-11.1561697029503,0.));
#6056=CARTESIAN_POINT('',(-2.3,-8.6526983081133,-1.5));
#6057=CARTESIAN_POINT('Origin',(-6.06096564631332,-9.75841006976308,0.));
#6058=CARTESIAN_POINT('',(-7.09488010502596,-12.0345956711728,-1.5));
#6059=CARTESIAN_POINT('',(-7.09488010502596,-12.0345956711728,0.));
#6060=CARTESIAN_POINT('Origin',(-6.06096564631332,-9.75841006976308,-1.5));
#6061=CARTESIAN_POINT('Origin',(-7.09488010502596,-12.0345956711728,0.));
#6062=CARTESIAN_POINT('',(-7.09488010502596,-12.0345956711728,-1.5));
#6063=CARTESIAN_POINT('Origin',(-15.3,-7.75841006976308,0.));
#6064=CARTESIAN_POINT('',(-6.88809721328343,-11.5793585508909,-1.5));
#6065=CARTESIAN_POINT('',(-6.88809721328343,-11.5793585508909,0.));
#6066=CARTESIAN_POINT('',(-15.3,-7.75841006976308,-1.5));
#6067=CARTESIAN_POINT('Origin',(-6.06096564631332,-9.75841006976308,0.));
#6068=CARTESIAN_POINT('Origin',(-6.06096564631332,-9.75841006976308,-1.5));
#6069=CARTESIAN_POINT('Origin',(-8.39337873204841,-10.0432706527095,-1.5));
#6070=CARTESIAN_POINT('',(0.700000000000005,-9.63392443399885,-1.5));
#6071=CARTESIAN_POINT('',(0.700000000000005,-9.63392443399885,-1.5));
#6072=CARTESIAN_POINT('Origin',(-2.3,0.,9.75));
#6073=CARTESIAN_POINT('',(-2.3,1.5,9.63392443399885));
#6074=CARTESIAN_POINT('',(-2.3,-1.5,9.63392443399885));
#6075=CARTESIAN_POINT('Origin',(-2.3,0.,0.));
#6076=CARTESIAN_POINT('',(-2.3,1.5,7.17165346913093));
#6077=CARTESIAN_POINT('',(-2.3,1.5,9.75));
#6078=CARTESIAN_POINT('',(-2.3,-1.5,7.17165346913093));
#6079=CARTESIAN_POINT('',(-2.3,0.,7.17165346913093));
#6080=CARTESIAN_POINT('',(-2.3,-1.5,9.75));
#6081=CARTESIAN_POINT('Origin',(-2.3,0.,7.17165346913093));
#6082=CARTESIAN_POINT('',(-15.3,-1.5,7.17165346913093));
#6083=CARTESIAN_POINT('',(-15.3,1.5,7.17165346913093));
#6084=CARTESIAN_POINT('',(-15.3,0.,7.17165346913093));
#6085=CARTESIAN_POINT('',(-2.3,-1.5,7.17165346913093));
#6086=CARTESIAN_POINT('',(-2.3,1.5,7.17165346913093));
#6087=CARTESIAN_POINT('Origin',(-15.3,0.,7.17165346913093));
#6088=CARTESIAN_POINT('',(-15.3,1.5,9.13270348495826));
#6089=CARTESIAN_POINT('',(-15.3,-1.5,9.13270348495826));
#6090=CARTESIAN_POINT('',(-15.3,0.,9.13270348495826));
#6091=CARTESIAN_POINT('',(-15.3,-1.5,7.17165346913093));
#6092=CARTESIAN_POINT('',(-15.3,1.5,7.17165346913093));
#6093=CARTESIAN_POINT('Origin',(-8.79999999999999,-1.5,8.46082673456547));
#6094=CARTESIAN_POINT('',(-8.13220648689811,-1.5,9.63392443399885));
#6095=CARTESIAN_POINT('',(-5.90413659950639,-1.5,9.78972625801149));
#6096=CARTESIAN_POINT('',(0.700000000000005,-1.5,9.63392443399885));
#6097=CARTESIAN_POINT('Origin',(-8.79999999999999,1.5,8.46082673456547));
#6098=CARTESIAN_POINT('',(-8.13220648689811,1.5,9.63392443399885));
#6099=CARTESIAN_POINT('',(-5.90413659950639,1.5,9.78972625801149));
#6100=CARTESIAN_POINT('',(0.700000000000005,1.5,9.63392443399885));
#6101=CARTESIAN_POINT('Origin',(-15.3,0.,7.17165346913093));
#6102=CARTESIAN_POINT('',(-15.3,-1.5,9.63392443399885));
#6103=CARTESIAN_POINT('',(-15.3,1.5,9.63392443399885));
#6104=CARTESIAN_POINT('',(-15.3,0.,9.63392443399885));
#6105=CARTESIAN_POINT('Origin',(-15.3,0.,0.));
#6106=CARTESIAN_POINT('Origin',(-15.3,0.,9.63392443399885));
#6107=CARTESIAN_POINT('',(-3.61692206366589,-1.5,10.4508848277743));
#6108=CARTESIAN_POINT('',(-3.61692206366589,1.5,10.4508848277743));
#6109=CARTESIAN_POINT('',(-3.61692206366589,0.,10.4508848277743));
#6110=CARTESIAN_POINT('',(-15.3,1.5,9.63392443399885));
#6111=CARTESIAN_POINT('',(-15.3,-1.5,9.63392443399885));
#6112=CARTESIAN_POINT('Origin',(-3.61692206366589,0.,10.4508848277743));
#6113=CARTESIAN_POINT('',(-2.92989083701532,-1.5,9.99770578211898));
#6114=CARTESIAN_POINT('',(-2.92989083701532,1.5,9.99770578211898));
#6115=CARTESIAN_POINT('',(-2.92989083701532,0.,9.99770578211898));
#6116=CARTESIAN_POINT('',(-3.61692206366589,1.5,10.4508848277743));
#6117=CARTESIAN_POINT('',(-3.61692206366589,-1.5,10.4508848277743));
#6118=CARTESIAN_POINT('Origin',(-2.92989083701532,0.,9.99770578211898));
#6119=CARTESIAN_POINT('',(-2.92989083701532,1.5,9.99770578211898));
#6120=CARTESIAN_POINT('',(-2.92989083701532,-1.5,9.99770578211898));
#6121=CARTESIAN_POINT('Origin',(-9.2059740360981,-1.5,9.80266424792358));
#6122=CARTESIAN_POINT('',(0.700000000000005,-1.5,9.63392443399885));
#6123=CARTESIAN_POINT('Origin',(-9.2059740360981,1.5,9.80266424792358));
#6124=CARTESIAN_POINT('',(0.700000000000005,1.5,9.63392443399885));
#6125=CARTESIAN_POINT('Origin',(0.700000000000005,0.,0.));
#6126=CARTESIAN_POINT('',(-26.3,2.75,9.35414346693485));
#6127=CARTESIAN_POINT('',(-26.3,-2.75,9.35414346693485));
#6128=CARTESIAN_POINT('Ctrl Pts',(-26.3,2.75,9.35414346693485));
#6129=CARTESIAN_POINT('Ctrl Pts',(-25.9526216754156,2.75,9.35414346693485));
#6130=CARTESIAN_POINT('Ctrl Pts',(-25.5834693229262,2.68018874939587,9.37551584631571));
#6131=CARTESIAN_POINT('Ctrl Pts',(-24.9065393693583,2.3989781784936,9.45138149017179));
#6132=CARTESIAN_POINT('Ctrl Pts',(-24.5985849745377,2.18767227106368,9.50463835227755));
#6133=CARTESIAN_POINT('Ctrl Pts',(-24.1123837347437,1.70147103126967,9.6035945429219));
#6134=CARTESIAN_POINT('Ctrl Pts',(-23.9010343407255,1.39349366099033,9.65591111403047));
#6135=CARTESIAN_POINT('Ctrl Pts',(-23.6197918091225,0.716480983391039,9.72959911913254));
#6136=CARTESIAN_POINT('Ctrl Pts',(-23.55,0.347298304374171,9.75));
#6137=CARTESIAN_POINT('Ctrl Pts',(-23.55,-0.347298304374171,9.75));
#6138=CARTESIAN_POINT('Ctrl Pts',(-23.6197918091225,-0.716480983391041,
9.72959911913254));
#6139=CARTESIAN_POINT('Ctrl Pts',(-23.9010343407255,-1.39349366099033,9.65591111403047));
#6140=CARTESIAN_POINT('Ctrl Pts',(-24.1123837347437,-1.70147103126967,9.6035945429219));
#6141=CARTESIAN_POINT('Ctrl Pts',(-24.5985849745377,-2.18767227106368,9.50463835227755));
#6142=CARTESIAN_POINT('Ctrl Pts',(-24.9065393693583,-2.3989781784936,9.45138149017179));
#6143=CARTESIAN_POINT('Ctrl Pts',(-25.5834693229262,-2.68018874939587,9.37551584631571));
#6144=CARTESIAN_POINT('Ctrl Pts',(-25.9526216754156,-2.75,9.35414346693485));
#6145=CARTESIAN_POINT('Ctrl Pts',(-26.3,-2.75,9.35414346693485));
#6146=CARTESIAN_POINT('Origin',(-26.3,0.,0.));
#6147=CARTESIAN_POINT('',(-15.3,1.5,-9.63392443399885));
#6148=CARTESIAN_POINT('',(-15.3,-1.5,-9.63392443399885));
#6149=CARTESIAN_POINT('Origin',(-15.3,0.,0.));
#6150=CARTESIAN_POINT('',(-8.13220648689811,-1.5,-9.63392443399885));
#6151=CARTESIAN_POINT('',(0.700000000000005,-1.5,-9.63392443399885));
#6152=CARTESIAN_POINT('',(-2.3,-1.5,-9.63392443399885));
#6153=CARTESIAN_POINT('',(0.700000000000005,-1.5,-9.63392443399885));
#6154=CARTESIAN_POINT('',(-2.3,1.5,-9.63392443399885));
#6155=CARTESIAN_POINT('Origin',(-2.3,0.,0.));
#6156=CARTESIAN_POINT('',(-8.13220648689811,1.5,-9.63392443399885));
#6157=CARTESIAN_POINT('',(0.700000000000005,1.5,-9.63392443399885));
#6158=CARTESIAN_POINT('',(0.700000000000005,1.5,-9.63392443399885));
#6159=CARTESIAN_POINT('Origin',(-2.3,0.,-9.75));
#6160=CARTESIAN_POINT('',(-2.3,-1.5,-7.17165346913093));
#6161=CARTESIAN_POINT('',(-2.3,-1.5,-9.75));
#6162=CARTESIAN_POINT('',(-2.3,1.5,-7.17165346913093));
#6163=CARTESIAN_POINT('',(-2.3,0.,-7.17165346913093));
#6164=CARTESIAN_POINT('',(-2.3,1.5,-9.75));
#6165=CARTESIAN_POINT('Origin',(-2.3,0.,-7.17165346913093));
#6166=CARTESIAN_POINT('',(-15.3,-1.5,-7.17165346913093));
#6167=CARTESIAN_POINT('',(-15.3,1.5,-7.17165346913093));
#6168=CARTESIAN_POINT('',(-15.3,0.,-7.17165346913093));
#6169=CARTESIAN_POINT('',(-2.3,1.5,-7.17165346913093));
#6170=CARTESIAN_POINT('',(-2.3,-1.5,-7.17165346913093));
#6171=CARTESIAN_POINT('Origin',(-8.79999999999999,1.5,-8.46082673456547));
#6172=CARTESIAN_POINT('',(-15.3,1.5,-9.13270348495826));
#6173=CARTESIAN_POINT('',(-5.90413659950639,1.5,-9.78972625801149));
#6174=CARTESIAN_POINT('',(-15.3,1.5,-7.17165346913093));
#6175=CARTESIAN_POINT('Origin',(-15.3,0.,-7.17165346913093));
#6176=CARTESIAN_POINT('',(-15.3,-1.5,-9.13270348495826));
#6177=CARTESIAN_POINT('',(-15.3,0.,-9.13270348495826));
#6178=CARTESIAN_POINT('',(-15.3,-1.5,-7.17165346913093));
#6179=CARTESIAN_POINT('Origin',(-15.3,0.,-7.17165346913093));
#6180=CARTESIAN_POINT('',(-15.3,0.,-9.63392443399885));
#6181=CARTESIAN_POINT('Origin',(-8.79999999999999,-1.5,-8.46082673456547));
#6182=CARTESIAN_POINT('',(-5.90413659950639,-1.5,-9.78972625801149));
#6183=CARTESIAN_POINT('Origin',(-9.2059740360981,1.5,-9.80266424792358));
#6184=CARTESIAN_POINT('',(-2.92989083701532,1.5,-9.99770578211898));
#6185=CARTESIAN_POINT('',(-2.92989083701532,1.5,-9.99770578211898));
#6186=CARTESIAN_POINT('',(-3.61692206366589,1.5,-10.4508848277743));
#6187=CARTESIAN_POINT('',(-3.61692206366589,1.5,-10.4508848277743));
#6188=CARTESIAN_POINT('',(-15.3,1.5,-9.63392443399885));
#6189=CARTESIAN_POINT('Origin',(-15.3,0.,-9.63392443399885));
#6190=CARTESIAN_POINT('',(-3.61692206366589,-1.5,-10.4508848277743));
#6191=CARTESIAN_POINT('',(-3.61692206366589,0.,-10.4508848277743));
#6192=CARTESIAN_POINT('',(-15.3,-1.5,-9.63392443399885));
#6193=CARTESIAN_POINT('Origin',(-3.61692206366589,0.,-10.4508848277743));
#6194=CARTESIAN_POINT('',(-2.92989083701532,-1.5,-9.99770578211898));
#6195=CARTESIAN_POINT('',(-2.92989083701532,0.,-9.99770578211898));
#6196=CARTESIAN_POINT('',(-3.61692206366589,-1.5,-10.4508848277743));
#6197=CARTESIAN_POINT('Origin',(-2.92989083701532,0.,-9.99770578211898));
#6198=CARTESIAN_POINT('',(-2.92989083701532,-1.5,-9.99770578211898));
#6199=CARTESIAN_POINT('Origin',(-9.2059740360981,-1.5,-9.80266424792358));
#6200=CARTESIAN_POINT('Origin',(-26.3,0.,0.));
#6201=CARTESIAN_POINT('Ctrl Pts',(-26.3,-2.75,9.35414346693485));
#6202=CARTESIAN_POINT('Ctrl Pts',(-26.6374746892,-2.75,9.37874065852223));
#6203=CARTESIAN_POINT('Ctrl Pts',(-26.9920391488827,-2.68464843276148,9.42449296114139));
#6204=CARTESIAN_POINT('Ctrl Pts',(-27.6631103159626,-2.41699032112706,9.54518505453797));
#6205=CARTESIAN_POINT('Ctrl Pts',(-27.9768056526263,-2.207239413098,9.62051652144833));
#6206=CARTESIAN_POINT('Ctrl Pts',(-28.4729100334663,-1.72082505715726,9.75450640552649));
#6207=CARTESIAN_POINT('Ctrl Pts',(-28.6892079153985,-1.41133860180713,9.82218846436235));
#6208=CARTESIAN_POINT('Ctrl Pts',(-28.9778262003484,-0.727624995325131,
9.91657843259139));
#6209=CARTESIAN_POINT('Ctrl Pts',(-29.05,-0.353199992631189,9.94229873284466));
#6210=CARTESIAN_POINT('Ctrl Pts',(-29.05,0.353199992631189,9.94229873284466));
#6211=CARTESIAN_POINT('Ctrl Pts',(-28.9778262003484,0.727624995325131,9.91657843259139));
#6212=CARTESIAN_POINT('Ctrl Pts',(-28.6892079153985,1.41133860180713,9.82218846436235));
#6213=CARTESIAN_POINT('Ctrl Pts',(-28.4729100334663,1.72082505715726,9.75450640552649));
#6214=CARTESIAN_POINT('Ctrl Pts',(-27.9768056526263,2.207239413098,9.62051652144833));
#6215=CARTESIAN_POINT('Ctrl Pts',(-27.6631103159626,2.41699032112706,9.54518505453797));
#6216=CARTESIAN_POINT('Ctrl Pts',(-26.9920391488827,2.68464843276148,9.42449296114139));
#6217=CARTESIAN_POINT('Ctrl Pts',(-26.6374746892,2.75,9.37874065852223));
#6218=CARTESIAN_POINT('Ctrl Pts',(-26.3,2.75,9.35414346693485));
#6219=CARTESIAN_POINT('Origin',(-26.3,-8.3807604543513E-17,9.75));
#6220=CARTESIAN_POINT('',(-23.55,2.52970265222009E-16,7.75));
#6221=CARTESIAN_POINT('Origin',(-26.3,-8.3807604543513E-17,7.75));
#6222=CARTESIAN_POINT('Origin',(-26.3,2.80859683573371E-17,7.75));
#6223=CARTESIAN_POINT('',(-23.95,2.03984393256115E-16,7.75));
#6224=CARTESIAN_POINT('Origin',(-26.3,-8.3807604543513E-17,7.75));
#6225=CARTESIAN_POINT('Origin',(-26.3,-8.3807604543513E-17,7.75));
#6226=UNCERTAINTY_MEASURE_WITH_UNIT(LENGTH_MEASURE(0.01),#6230,
'DISTANCE_ACCURACY_VALUE',
'Maximum model space distance between geometric entities at asserted c
onnectivities');
#6227=UNCERTAINTY_MEASURE_WITH_UNIT(LENGTH_MEASURE(1.E-6),#6230,
'DISTANCE_ACCURACY_VALUE',
'Maximum model space distance between geometric entities at asserted c
onnectivities');
#6228=(
GEOMETRIC_REPRESENTATION_CONTEXT(3)
GLOBAL_UNCERTAINTY_ASSIGNED_CONTEXT((#6226))
GLOBAL_UNIT_ASSIGNED_CONTEXT((#6230,#6233,#6231))
REPRESENTATION_CONTEXT('','3D')
);
#6229=(
GEOMETRIC_REPRESENTATION_CONTEXT(3)
GLOBAL_UNCERTAINTY_ASSIGNED_CONTEXT((#6227))
GLOBAL_UNIT_ASSIGNED_CONTEXT((#6230,#6233,#6231))
REPRESENTATION_CONTEXT('','3D')
);
#6230=(
LENGTH_UNIT()
NAMED_UNIT(*)
SI_UNIT(.MILLI.,.METRE.)
);
#6231=(
NAMED_UNIT(*)
SI_UNIT($,.STERADIAN.)
SOLID_ANGLE_UNIT()
);
#6232=DIMENSIONAL_EXPONENTS(0.,0.,0.,0.,0.,0.,0.);
#6233=(
CONVERSION_BASED_UNIT('degree',#6235)
NAMED_UNIT(#6232)
PLANE_ANGLE_UNIT()
);
#6234=(
NAMED_UNIT(*)
PLANE_ANGLE_UNIT()
SI_UNIT($,.RADIAN.)
);
#6235=PLANE_ANGLE_MEASURE_WITH_UNIT(PLANE_ANGLE_MEASURE(0.01745329252),
#6234);
#6236=SHAPE_DEFINITION_REPRESENTATION(#6237,#6238);
#6237=PRODUCT_DEFINITION_SHAPE('',$,#6240);
#6238=SHAPE_REPRESENTATION('',(#3234),#6228);
#6239=PRODUCT_DEFINITION_CONTEXT('part definition',#6244,'design');
#6240=PRODUCT_DEFINITION('elektrika4','elektrika4',#6241,#6239);
#6241=PRODUCT_DEFINITION_FORMATION('',$,#6246);
#6242=PRODUCT_RELATED_PRODUCT_CATEGORY('elektrika4','elektrika4',(#6246));
#6243=APPLICATION_PROTOCOL_DEFINITION('international standard',
'automotive_design',2009,#6244);
#6244=APPLICATION_CONTEXT(
'Core Data for Automotive Mechanical Design Process');
#6245=PRODUCT_CONTEXT('part definition',#6244,'mechanical');
#6246=PRODUCT('elektrika4','elektrika4',$,(#6245));
#6247=PRESENTATION_STYLE_ASSIGNMENT((#6250));
#6248=PRESENTATION_STYLE_ASSIGNMENT((#6251));
#6249=PRESENTATION_STYLE_ASSIGNMENT((#6252));
#6250=SURFACE_STYLE_USAGE(.BOTH.,#6253);
#6251=SURFACE_STYLE_USAGE(.BOTH.,#6254);
#6252=SURFACE_STYLE_USAGE(.BOTH.,#6255);
#6253=SURFACE_SIDE_STYLE('',(#6256));
#6254=SURFACE_SIDE_STYLE('',(#6257));
#6255=SURFACE_SIDE_STYLE('',(#6258));
#6256=SURFACE_STYLE_FILL_AREA(#6259);
#6257=SURFACE_STYLE_FILL_AREA(#6260);
#6258=SURFACE_STYLE_FILL_AREA(#6261);
#6259=FILL_AREA_STYLE('',(#6262));
#6260=FILL_AREA_STYLE('',(#6263));
#6261=FILL_AREA_STYLE('',(#6264));
#6262=FILL_AREA_STYLE_COLOUR('',#6265);
#6263=FILL_AREA_STYLE_COLOUR('',#6266);
#6264=FILL_AREA_STYLE_COLOUR('',#6267);
#6265=COLOUR_RGB('',0.250980392156863,0.250980392156863,0.250980392156863);
#6266=COLOUR_RGB('',0.698039215686274,0.,0.);
#6267=COLOUR_RGB('',0.956862745098039,0.956862745098039,0.956862745098039);
ENDSEC;
END-ISO-10303-21;
