ISO-10303-21;
HEADER;
FILE_DESCRIPTION(('STEP AP203'),'1');
FILE_NAME('1461530100.stp','2026-09-25T11:47:20',('TraceParts'),('TraceParts S.A.S.'),'Spatial InterOp 3D',' ',' ');
FILE_SCHEMA(('CONFIG_CONTROL_DESIGN'));
ENDSEC;
DATA;
#1=DESIGN_CONTEXT('',#27,'design');
#2=APPLICATION_PROTOCOL_DEFINITION('INTERNATIONAL STANDARD','config_control_design',1994,#27);
#3=PRODUCT_CATEGORY_RELATIONSHIP('NONE','NONE',#28,#29);
#4=DATE_AND_TIME(#30,#31);
#5=DATE_TIME_ROLE('creation_date');
#6=DATE_TIME_ROLE('classification_date');
#7=PERSON_AND_ORGANIZATION_ROLE('creator');
#8=PERSON_AND_ORGANIZATION_ROLE('design_supplier');
#9=PERSON_AND_ORGANIZATION_ROLE('classification_officer');
#10=PERSON_AND_ORGANIZATION_ROLE('design_owner');
#11=APPROVAL_PERSON_ORGANIZATION(#32,#33,#34);
#12=APPROVAL_DATE_TIME(#4,#33);
#13=CC_DESIGN_APPROVAL(#33,(#35,#36,#37));
#14=CC_DESIGN_DATE_AND_TIME_ASSIGNMENT(#4,#5,(#37));
#15=CC_DESIGN_DATE_AND_TIME_ASSIGNMENT(#4,#6,(#35));
#16=CC_DESIGN_PERSON_AND_ORGANIZATION_ASSIGNMENT(#32,#10,(#38));
#17=CC_DESIGN_PERSON_AND_ORGANIZATION_ASSIGNMENT(#32,#7,(#37));
#18=CC_DESIGN_PERSON_AND_ORGANIZATION_ASSIGNMENT(#32,#7,(#36));
#19=CC_DESIGN_PERSON_AND_ORGANIZATION_ASSIGNMENT(#32,#8,(#36));
#20=CC_DESIGN_SECURITY_CLASSIFICATION(#35,(#36));
#21=CC_DESIGN_PERSON_AND_ORGANIZATION_ASSIGNMENT(#32,#9,(#35));
#22=SHAPE_DEFINITION_REPRESENTATION(#39,#40);
#23= (GEOMETRIC_REPRESENTATION_CONTEXT(3)GLOBAL_UNCERTAINTY_ASSIGNED_CONTEXT((#43))GLOBAL_UNIT_ASSIGNED_CONTEXT((#45,#46,#47))REPRESENTATION_CONTEXT('NONE','WORKSPACE'));
#27=APPLICATION_CONTEXT('CONFIGURATION CONTROLLED 3D DESIGNS OF MECHANICAL PARTS AND ASSEMBLIES');
#28=PRODUCT_CATEGORY('part','NONE');
#29=PRODUCT_RELATED_PRODUCT_CATEGORY('detail',' ',(#38));
#30=CALENDAR_DATE(2026,25,8);
#31=LOCAL_TIME(13,47,20.0,#49);
#32=PERSON_AND_ORGANIZATION(#50,#51);
#33=APPROVAL(#52,'SOLID MODEL');
#34=APPROVAL_ROLE('APPROVED');
#35=SECURITY_CLASSIFICATION('','',#53);
#36=PRODUCT_DEFINITION_FORMATION_WITH_SPECIFIED_SOURCE(' ','NONE',#38,.NOT_KNOWN.);
#37=PRODUCT_DEFINITION('','NONE',#36,#1);
#38=PRODUCT('1','','PART--DESC',(#54));
#39=PRODUCT_DEFINITION_SHAPE('NONE','NONE',#37);
#40=ADVANCED_BREP_SHAPE_REPRESENTATION('1',(#55,#56,#57),#23);
#43=UNCERTAINTY_MEASURE_WITH_UNIT(LENGTH_MEASURE(1.0E-06),#45,'','');
#45= (CONVERSION_BASED_UNIT('MILLIMETRE',#60)LENGTH_UNIT()NAMED_UNIT(#63));
#46= (NAMED_UNIT(#65)PLANE_ANGLE_UNIT()SI_UNIT($,.RADIAN.));
#47= (NAMED_UNIT(#65)SOLID_ANGLE_UNIT()SI_UNIT($,.STERADIAN.));
#49=COORDINATED_UNIVERSAL_TIME_OFFSET(1,0,.AHEAD.);
#50=PERSON('','UNSPECIFIED',$,$,$,$);
#51=ORGANIZATION('UNSPECIFIED','UNSPECIFIED','UNSPECIFIED');
#52=APPROVAL_STATUS('approved');
#53=SECURITY_CLASSIFICATION_LEVEL('unclassified');
#54=MECHANICAL_CONTEXT('',#27,'mechanical');
#55=MANIFOLD_SOLID_BREP('1',#71);
#56=MANIFOLD_SOLID_BREP('1',#72);
#57=AXIS2_PLACEMENT_3D('',#73,#74,#75);
#60=LENGTH_MEASURE_WITH_UNIT(LENGTH_MEASURE(1.0),#76);
#63=DIMENSIONAL_EXPONENTS(1.0,0.0,0.0,0.0,0.0,0.0,0.0);
#65=DIMENSIONAL_EXPONENTS(0.0,0.0,0.0,0.0,0.0,0.0,0.0);
#71=CLOSED_SHELL('',(#77,#78,#79,#80,#81,#82,#83,#84,#85,#86,#87,#88,#89,#90,#91,#92,#93,#94,#95,#96,#97,#98,#99,#100,#101,#102,#103,#104,#105,#106,#107,#108,#109,#110,#111,#112,#113,#114,#115,#116,#117,#118,#119,#120,#121,#122,#123,#124,#125,#126,#127,#128,#129,#130,#131,#132,#133,#134,#135,#136,#137,#138,#139,#140,#141,#142,#143,#144,#145,#146,#147,#148,#149,#150,#151,#152,#153,#154,#155,#156,#157,#158,#159,#160,#161,#162,#163,#164,#165,#166,#167,#168,#169,#170,#171,#172,#173,#174,#175,#176,#177,#178,#179,#180,#181,#182,#183,#184,#185,#186,#187,#188,#189,#190,#191,#192,#193,#194,#195,#196,#197,#198,#199,#200,#201,#202,#203,#204,#205,#206,#207,#208,#209,#210,#211,#212,#213,#214,#215,#216));
#72=CLOSED_SHELL('',(#217,#218,#219,#220,#221,#222,#223,#224,#225,#226,#227,#228,#229,#230,#231,#232,#233,#234,#235,#236,#237,#238));
#73=CARTESIAN_POINT('',(0.0,0.0,0.0));
#74=DIRECTION('',(0.0,0.0,1.0));
#75=DIRECTION('',(1.0,0.0,0.0));
#76= (NAMED_UNIT(#63)LENGTH_UNIT()SI_UNIT(.MILLI.,.METRE.));
#77=ADVANCED_FACE('',(#240),#241,.T.);
#78=ADVANCED_FACE('',(#242),#243,.T.);
#79=ADVANCED_FACE('',(#244),#245,.T.);
#80=ADVANCED_FACE('',(#246),#247,.T.);
#81=ADVANCED_FACE('',(#248),#249,.T.);
#82=ADVANCED_FACE('',(#250),#251,.T.);
#83=ADVANCED_FACE('',(#252),#253,.F.);
#84=ADVANCED_FACE('',(#254),#255,.T.);
#85=ADVANCED_FACE('',(#256),#257,.T.);
#86=ADVANCED_FACE('',(#258),#259,.T.);
#87=ADVANCED_FACE('',(#260),#261,.T.);
#88=ADVANCED_FACE('',(#262),#263,.T.);
#89=ADVANCED_FACE('',(#264),#265,.T.);
#90=ADVANCED_FACE('',(#266),#267,.F.);
#91=ADVANCED_FACE('',(#268),#269,.T.);
#92=ADVANCED_FACE('',(#270),#271,.T.);
#93=ADVANCED_FACE('',(#272),#273,.T.);
#94=ADVANCED_FACE('',(#274),#275,.T.);
#95=ADVANCED_FACE('',(#276),#277,.F.);
#96=ADVANCED_FACE('',(#278),#279,.T.);
#97=ADVANCED_FACE('',(#280),#281,.T.);
#98=ADVANCED_FACE('',(#282),#283,.F.);
#99=ADVANCED_FACE('',(#284),#285,.F.);
#100=ADVANCED_FACE('',(#286),#287,.T.);
#101=ADVANCED_FACE('',(#288),#289,.T.);
#102=ADVANCED_FACE('',(#290),#291,.T.);
#103=ADVANCED_FACE('',(#292),#293,.T.);
#104=ADVANCED_FACE('',(#294),#295,.F.);
#105=ADVANCED_FACE('',(#296),#297,.T.);
#106=ADVANCED_FACE('',(#298),#299,.T.);
#107=ADVANCED_FACE('',(#300),#301,.F.);
#108=ADVANCED_FACE('',(#302,#303),#304,.F.);
#109=ADVANCED_FACE('',(#305),#306,.T.);
#110=ADVANCED_FACE('',(#307),#308,.F.);
#111=ADVANCED_FACE('',(#309,#310),#311,.F.);
#112=ADVANCED_FACE('',(#312),#313,.T.);
#113=ADVANCED_FACE('',(#314),#315,.T.);
#114=ADVANCED_FACE('',(#316),#317,.T.);
#115=ADVANCED_FACE('',(#318),#319,.F.);
#116=ADVANCED_FACE('',(#320),#321,.T.);
#117=ADVANCED_FACE('',(#322),#323,.T.);
#118=ADVANCED_FACE('',(#324),#325,.T.);
#119=ADVANCED_FACE('',(#326,#327),#328,.T.);
#120=ADVANCED_FACE('',(#329),#330,.T.);
#121=ADVANCED_FACE('',(#331),#332,.F.);
#122=ADVANCED_FACE('',(#333),#334,.F.);
#123=ADVANCED_FACE('',(#335),#336,.T.);
#124=ADVANCED_FACE('',(#337),#338,.F.);
#125=ADVANCED_FACE('',(#339),#340,.T.);
#126=ADVANCED_FACE('',(#341),#342,.F.);
#127=ADVANCED_FACE('',(#343),#344,.F.);
#128=ADVANCED_FACE('',(#345),#346,.F.);
#129=ADVANCED_FACE('',(#347),#348,.T.);
#130=ADVANCED_FACE('',(#349),#350,.F.);
#131=ADVANCED_FACE('',(#351),#352,.T.);
#132=ADVANCED_FACE('',(#353),#354,.T.);
#133=ADVANCED_FACE('',(#355),#356,.T.);
#134=ADVANCED_FACE('',(#357),#358,.F.);
#135=ADVANCED_FACE('',(#359),#360,.F.);
#136=ADVANCED_FACE('',(#361),#362,.F.);
#137=ADVANCED_FACE('',(#363),#364,.T.);
#138=ADVANCED_FACE('',(#365),#366,.F.);
#139=ADVANCED_FACE('',(#367),#368,.F.);
#140=ADVANCED_FACE('',(#369),#370,.F.);
#141=ADVANCED_FACE('',(#371),#372,.F.);
#142=ADVANCED_FACE('',(#373),#374,.F.);
#143=ADVANCED_FACE('',(#375,#376),#377,.T.);
#144=ADVANCED_FACE('',(#378),#379,.F.);
#145=ADVANCED_FACE('',(#380),#381,.F.);
#146=ADVANCED_FACE('',(#382),#383,.F.);
#147=ADVANCED_FACE('',(#384),#385,.T.);
#148=ADVANCED_FACE('',(#386),#387,.T.);
#149=ADVANCED_FACE('',(#388),#389,.F.);
#150=ADVANCED_FACE('',(#390),#391,.T.);
#151=ADVANCED_FACE('',(#392),#393,.F.);
#152=ADVANCED_FACE('',(#394),#395,.T.);
#153=ADVANCED_FACE('',(#396),#397,.T.);
#154=ADVANCED_FACE('',(#398),#399,.T.);
#155=ADVANCED_FACE('',(#400),#401,.F.);
#156=ADVANCED_FACE('',(#402),#403,.F.);
#157=ADVANCED_FACE('',(#404),#405,.F.);
#158=ADVANCED_FACE('',(#406),#407,.F.);
#159=ADVANCED_FACE('',(#408),#409,.T.);
#160=ADVANCED_FACE('',(#410),#411,.T.);
#161=ADVANCED_FACE('',(#412),#413,.T.);
#162=ADVANCED_FACE('',(#414),#415,.T.);
#163=ADVANCED_FACE('',(#416),#417,.F.);
#164=ADVANCED_FACE('',(#418),#419,.T.);
#165=ADVANCED_FACE('',(#420),#421,.F.);
#166=ADVANCED_FACE('',(#422),#423,.T.);
#167=ADVANCED_FACE('',(#424),#425,.F.);
#168=ADVANCED_FACE('',(#426),#427,.T.);
#169=ADVANCED_FACE('',(#428),#429,.F.);
#170=ADVANCED_FACE('',(#430),#431,.F.);
#171=ADVANCED_FACE('',(#432),#433,.T.);
#172=ADVANCED_FACE('',(#434),#435,.F.);
#173=ADVANCED_FACE('',(#436),#437,.F.);
#174=ADVANCED_FACE('',(#438),#439,.F.);
#175=ADVANCED_FACE('',(#440),#441,.T.);
#176=ADVANCED_FACE('',(#442),#443,.T.);
#177=ADVANCED_FACE('',(#444),#445,.T.);
#178=ADVANCED_FACE('',(#446),#447,.T.);
#179=ADVANCED_FACE('',(#448),#449,.T.);
#180=ADVANCED_FACE('',(#450),#451,.T.);
#181=ADVANCED_FACE('',(#452),#453,.T.);
#182=ADVANCED_FACE('',(#454),#455,.T.);
#183=ADVANCED_FACE('',(#456,#457),#458,.F.);
#184=ADVANCED_FACE('',(#459),#460,.T.);
#185=ADVANCED_FACE('',(#461),#462,.T.);
#186=ADVANCED_FACE('',(#463),#464,.F.);
#187=ADVANCED_FACE('',(#465),#466,.T.);
#188=ADVANCED_FACE('',(#467),#468,.T.);
#189=ADVANCED_FACE('',(#469),#470,.T.);
#190=ADVANCED_FACE('',(#471),#472,.T.);
#191=ADVANCED_FACE('',(#473),#474,.T.);
#192=ADVANCED_FACE('',(#475),#476,.T.);
#193=ADVANCED_FACE('',(#477),#478,.T.);
#194=ADVANCED_FACE('',(#479),#480,.T.);
#195=ADVANCED_FACE('',(#481),#482,.T.);
#196=ADVANCED_FACE('',(#483),#484,.F.);
#197=ADVANCED_FACE('',(#485),#486,.T.);
#198=ADVANCED_FACE('',(#487),#488,.T.);
#199=ADVANCED_FACE('',(#489),#490,.T.);
#200=ADVANCED_FACE('',(#491,#492),#493,.T.);
#201=ADVANCED_FACE('',(#494),#495,.F.);
#202=ADVANCED_FACE('',(#496),#497,.F.);
#203=ADVANCED_FACE('',(#498),#499,.T.);
#204=ADVANCED_FACE('',(#500),#501,.F.);
#205=ADVANCED_FACE('',(#502),#503,.F.);
#206=ADVANCED_FACE('',(#504),#505,.F.);
#207=ADVANCED_FACE('',(#506),#507,.T.);
#208=ADVANCED_FACE('',(#508),#509,.T.);
#209=ADVANCED_FACE('',(#510),#511,.F.);
#210=ADVANCED_FACE('',(#512),#513,.F.);
#211=ADVANCED_FACE('',(#514),#515,.T.);
#212=ADVANCED_FACE('',(#516),#517,.T.);
#213=ADVANCED_FACE('',(#518),#519,.T.);
#214=ADVANCED_FACE('',(#520),#521,.T.);
#215=ADVANCED_FACE('',(#522),#523,.F.);
#216=ADVANCED_FACE('',(#524),#525,.F.);
#217=ADVANCED_FACE('',(#526),#527,.T.);
#218=ADVANCED_FACE('',(#528),#529,.T.);
#219=ADVANCED_FACE('',(#530),#531,.T.);
#220=ADVANCED_FACE('',(#532),#533,.T.);
#221=ADVANCED_FACE('',(#534),#535,.T.);
#222=ADVANCED_FACE('',(#536),#537,.F.);
#223=ADVANCED_FACE('',(#538),#539,.T.);
#224=ADVANCED_FACE('',(#540,#541),#542,.F.);
#225=ADVANCED_FACE('',(#543),#544,.F.);
#226=ADVANCED_FACE('',(#545),#546,.T.);
#227=ADVANCED_FACE('',(#547),#548,.F.);
#228=ADVANCED_FACE('',(#549),#550,.T.);
#229=ADVANCED_FACE('',(#551),#552,.F.);
#230=ADVANCED_FACE('',(#553),#554,.F.);
#231=ADVANCED_FACE('',(#555,#556),#557,.T.);
#232=ADVANCED_FACE('',(#558),#559,.T.);
#233=ADVANCED_FACE('',(#560),#561,.F.);
#234=ADVANCED_FACE('',(#562,#563),#564,.F.);
#235=ADVANCED_FACE('',(#565),#566,.F.);
#236=ADVANCED_FACE('',(#567),#568,.F.);
#237=ADVANCED_FACE('',(#569),#570,.F.);
#238=ADVANCED_FACE('',(#571),#572,.F.);
#240=FACE_OUTER_BOUND('',#573,.T.);
#241=TOROIDAL_SURFACE('',#574,0.924999999966644,0.148509925748038);
#242=FACE_OUTER_BOUND('',#575,.T.);
#243=TOROIDAL_SURFACE('',#576,0.924999999966644,0.148509925748038);
#244=FACE_OUTER_BOUND('',#577,.T.);
#245=TOROIDAL_SURFACE('',#578,0.924999999966644,0.148509925748038);
#246=FACE_OUTER_BOUND('',#579,.T.);
#247=TOROIDAL_SURFACE('',#580,0.924999999966644,0.148509925748038);
#248=FACE_OUTER_BOUND('',#581,.T.);
#249=CONICAL_SURFACE('',#582,1.0,0.785399253347109);
#250=FACE_OUTER_BOUND('',#583,.T.);
#251=CYLINDRICAL_SURFACE('',#584,0.75);
#252=FACE_OUTER_BOUND('',#585,.T.);
#253=CONICAL_SURFACE('',#586,2.35585235991011,1.1693722207473);
#254=FACE_OUTER_BOUND('',#587,.T.);
#255=CONICAL_SURFACE('',#588,1.0,0.401426285830031);
#256=FACE_OUTER_BOUND('',#589,.T.);
#257=CONICAL_SURFACE('',#590,2.35585237650143,1.16937222328031);
#258=FACE_OUTER_BOUND('',#591,.T.);
#259=CYLINDRICAL_SURFACE('',#592,1.14);
#260=FACE_OUTER_BOUND('',#593,.T.);
#261=CYLINDRICAL_SURFACE('',#594,0.465);
#262=FACE_OUTER_BOUND('',#595,.T.);
#263=CYLINDRICAL_SURFACE('',#596,0.465);
#264=FACE_OUTER_BOUND('',#597,.T.);
#265=CYLINDRICAL_SURFACE('',#598,0.34);
#266=FACE_OUTER_BOUND('',#599,.T.);
#267=CONICAL_SURFACE('',#600,2.35585235991011,1.1693722207473);
#268=FACE_OUTER_BOUND('',#601,.T.);
#269=CONICAL_SURFACE('',#602,1.0,0.401426285830031);
#270=FACE_OUTER_BOUND('',#603,.T.);
#271=CONICAL_SURFACE('',#604,2.35585237650143,1.16937222328031);
#272=FACE_OUTER_BOUND('',#605,.T.);
#273=CYLINDRICAL_SURFACE('',#606,1.14);
#274=FACE_OUTER_BOUND('',#607,.T.);
#275=CONICAL_SURFACE('',#608,1.73205080337305,1.04719900341386);
#276=FACE_OUTER_BOUND('',#609,.T.);
#277=CONICAL_SURFACE('',#610,1.73205080405125,1.04719900358341);
#278=FACE_OUTER_BOUND('',#611,.T.);
#279=TOROIDAL_SURFACE('',#612,0.924999999966644,0.148509925748038);
#280=FACE_OUTER_BOUND('',#613,.T.);
#281=CONICAL_SURFACE('',#614,1.73205080337305,1.04719900341386);
#282=FACE_OUTER_BOUND('',#615,.T.);
#283=CONICAL_SURFACE('',#616,1.73205080405125,1.04719900358341);
#284=FACE_OUTER_BOUND('',#617,.T.);
#285=CYLINDRICAL_SURFACE('',#618,1.025);
#286=FACE_OUTER_BOUND('',#619,.T.);
#287=CYLINDRICAL_SURFACE('',#620,1.225);
#288=FACE_OUTER_BOUND('',#621,.T.);
#289=CYLINDRICAL_SURFACE('',#622,0.565);
#290=FACE_OUTER_BOUND('',#623,.T.);
#291=CYLINDRICAL_SURFACE('',#624,0.565);
#292=FACE_OUTER_BOUND('',#625,.T.);
#293=CYLINDRICAL_SURFACE('',#626,0.565);
#294=FACE_OUTER_BOUND('',#627,.T.);
#295=PLANE('',#628);
#296=FACE_OUTER_BOUND('',#629,.T.);
#297=CYLINDRICAL_SURFACE('',#630,1.225);
#298=FACE_OUTER_BOUND('',#631,.T.);
#299=PLANE('',#632);
#300=FACE_OUTER_BOUND('',#633,.T.);
#301=PLANE('',#634);
#302=FACE_BOUND('',#635,.T.);
#303=FACE_OUTER_BOUND('',#636,.T.);
#304=PLANE('',#637);
#305=FACE_OUTER_BOUND('',#638,.T.);
#306=PLANE('',#639);
#307=FACE_OUTER_BOUND('',#640,.T.);
#308=CYLINDRICAL_SURFACE('',#641,1.025);
#309=FACE_OUTER_BOUND('',#642,.T.);
#310=FACE_BOUND('',#643,.T.);
#311=PLANE('',#644);
#312=FACE_OUTER_BOUND('',#645,.T.);
#313=PLANE('',#646);
#314=FACE_OUTER_BOUND('',#647,.T.);
#315=CYLINDRICAL_SURFACE('',#648,0.3);
#316=FACE_OUTER_BOUND('',#649,.T.);
#317=CYLINDRICAL_SURFACE('',#650,0.2);
#318=FACE_OUTER_BOUND('',#651,.T.);
#319=PLANE('',#652);
#320=FACE_OUTER_BOUND('',#653,.T.);
#321=TOROIDAL_SURFACE('',#654,0.499999999764839,0.199999999500268);
#322=FACE_OUTER_BOUND('',#655,.T.);
#323=B_SPLINE_SURFACE_WITH_KNOTS('',3,3,((#656,#657,#658,#659,#660,#661,#662,#663,#664,#665,#666,#667),(#668,#669,#670,#671,#672,#673,#674,#675,#676,#677,#678,#679),(#680,#681,#682,#683,#684,#685,#686,#687,#688,#689,#690,#691),(#692,#693,#694,#695,#696,#697,#698,#699,#700,#701,#702,#703),(#704,#705,#706,#707,#708,#709,#710,#711,#712,#713,#714,#715),(#716,#717,#718,#719,#720,#721,#722,#723,#724,#725,#726,#727),(#728,#729,#730,#731,#732,#733,#734,#735,#736,#737,#738,#739),(#740,#741,#742,#743,#744,#745,#746,#747,#748,#749,#750,#751),(#752,#753,#754,#755,#756,#757,#758,#759,#760,#761,#762,#763),(#764,#765,#766,#767,#768,#769,#770,#771,#772,#773,#774,#775),(#776,#777,#778,#779,#780,#781,#782,#783,#784,#785,#786,#787),(#788,#789,#790,#791,#792,#793,#794,#795,#796,#797,#798,#799),(#800,#801,#802,#803,#804,#805,#806,#807,#808,#809,#810,#811),(#812,#813,#814,#815,#816,#817,#818,#819,#820,#821,#822,#823),(#824,#825,#826,#827,#828,#829,#830,#831,#832,#833,#834,#835),(#836,#837,#838,#839,#840,#841,#842,#843,#844,#845,#846,#847)),.UNSPECIFIED.,.F.,.F.,.F.,(4,1,1,1,1,1,1,1,1,1,1,1,1,4),(4,3,1,1,1,1,1,4),(0.0,0.125,0.1875,0.25,0.3125,0.375,0.5,0.5625,0.625,0.75,0.8125,0.875,0.9375,0.983453102403675),(0.0,0.0731853639095361,0.304917582645981,0.420764652204984,0.536611721763988,0.652458791322991,0.768305860881994,1.0),.UNSPECIFIED.);
#324=FACE_OUTER_BOUND('',#848,.T.);
#325=CYLINDRICAL_SURFACE('',#849,0.2);
#326=FACE_OUTER_BOUND('',#850,.T.);
#327=FACE_BOUND('',#851,.T.);
#328=PLANE('',#852);
#329=FACE_OUTER_BOUND('',#853,.T.);
#330=PLANE('',#854);
#331=FACE_OUTER_BOUND('',#855,.T.);
#332=PLANE('',#856);
#333=FACE_OUTER_BOUND('',#857,.T.);
#334=PLANE('',#858);
#335=FACE_OUTER_BOUND('',#859,.T.);
#336=CYLINDRICAL_SURFACE('',#860,0.3);
#337=FACE_OUTER_BOUND('',#861,.T.);
#338=PLANE('',#862);
#339=FACE_OUTER_BOUND('',#863,.T.);
#340=CYLINDRICAL_SURFACE('',#864,0.2);
#341=FACE_OUTER_BOUND('',#865,.T.);
#342=PLANE('',#866);
#343=FACE_OUTER_BOUND('',#867,.T.);
#344=CYLINDRICAL_SURFACE('',#868,0.075);
#345=FACE_OUTER_BOUND('',#869,.T.);
#346=PLANE('',#870);
#347=FACE_OUTER_BOUND('',#871,.T.);
#348=CYLINDRICAL_SURFACE('',#872,0.2);
#349=FACE_OUTER_BOUND('',#873,.T.);
#350=PLANE('',#874);
#351=FACE_OUTER_BOUND('',#875,.T.);
#352=PLANE('',#876);
#353=FACE_OUTER_BOUND('',#877,.T.);
#354=PLANE('',#878);
#355=FACE_OUTER_BOUND('',#879,.T.);
#356=PLANE('',#880);
#357=FACE_OUTER_BOUND('',#881,.T.);
#358=PLANE('',#882);
#359=FACE_OUTER_BOUND('',#883,.T.);
#360=CYLINDRICAL_SURFACE('',#884,0.1);
#361=FACE_OUTER_BOUND('',#885,.T.);
#362=PLANE('',#886);
#363=FACE_OUTER_BOUND('',#887,.T.);
#364=CYLINDRICAL_SURFACE('',#888,0.277684545);
#365=FACE_OUTER_BOUND('',#889,.T.);
#366=PLANE('',#890);
#367=FACE_OUTER_BOUND('',#891,.T.);
#368=CYLINDRICAL_SURFACE('',#892,0.0776845449999998);
#369=FACE_OUTER_BOUND('',#893,.T.);
#370=CYLINDRICAL_SURFACE('',#894,1.025);
#371=FACE_OUTER_BOUND('',#895,.T.);
#372=CONICAL_SURFACE('',#896,1.73205080405125,1.04719900358341);
#373=FACE_OUTER_BOUND('',#897,.T.);
#374=CYLINDRICAL_SURFACE('',#898,1.025);
#375=FACE_OUTER_BOUND('',#899,.T.);
#376=FACE_BOUND('',#900,.T.);
#377=PLANE('',#901);
#378=FACE_OUTER_BOUND('',#902,.T.);
#379=PLANE('',#903);
#380=FACE_OUTER_BOUND('',#904,.T.);
#381=CONICAL_SURFACE('',#905,1.73205080405125,1.04719900358341);
#382=FACE_OUTER_BOUND('',#906,.T.);
#383=PLANE('',#907);
#384=FACE_OUTER_BOUND('',#908,.T.);
#385=CONICAL_SURFACE('',#909,1.73205080337305,1.04719900341386);
#386=FACE_OUTER_BOUND('',#910,.T.);
#387=CONICAL_SURFACE('',#911,1.73205080337305,1.04719900341386);
#388=FACE_OUTER_BOUND('',#912,.T.);
#389=PLANE('',#913);
#390=FACE_OUTER_BOUND('',#914,.T.);
#391=TOROIDAL_SURFACE('',#915,0.924999999966644,0.148509925748038);
#392=FACE_OUTER_BOUND('',#916,.T.);
#393=PLANE('',#917);
#394=FACE_OUTER_BOUND('',#918,.T.);
#395=CYLINDRICAL_SURFACE('',#919,1.14);
#396=FACE_OUTER_BOUND('',#920,.T.);
#397=CONICAL_SURFACE('',#921,2.35585237650143,1.16937222328031);
#398=FACE_OUTER_BOUND('',#922,.T.);
#399=CONICAL_SURFACE('',#923,1.0,0.401426285830031);
#400=FACE_OUTER_BOUND('',#924,.T.);
#401=CONICAL_SURFACE('',#925,2.35585235991011,1.1693722207473);
#402=FACE_OUTER_BOUND('',#926,.T.);
#403=PLANE('',#927);
#404=FACE_OUTER_BOUND('',#928,.T.);
#405=CONICAL_SURFACE('',#929,1.73205080405125,1.04719900358341);
#406=FACE_OUTER_BOUND('',#930,.T.);
#407=PLANE('',#931);
#408=FACE_OUTER_BOUND('',#932,.T.);
#409=CONICAL_SURFACE('',#933,1.73205080337305,1.04719900341386);
#410=FACE_OUTER_BOUND('',#934,.T.);
#411=CYLINDRICAL_SURFACE('',#935,1.14);
#412=FACE_OUTER_BOUND('',#936,.T.);
#413=CONICAL_SURFACE('',#937,2.35585237650143,1.16937222328031);
#414=FACE_OUTER_BOUND('',#938,.T.);
#415=CONICAL_SURFACE('',#939,1.0,0.401426285830031);
#416=FACE_OUTER_BOUND('',#940,.T.);
#417=CONICAL_SURFACE('',#941,2.35585235991011,1.1693722207473);
#418=FACE_OUTER_BOUND('',#942,.T.);
#419=TOROIDAL_SURFACE('',#943,0.924999999966644,0.148509925748038);
#420=FACE_OUTER_BOUND('',#944,.T.);
#421=PLANE('',#945);
#422=FACE_OUTER_BOUND('',#946,.T.);
#423=CYLINDRICAL_SURFACE('',#947,0.2);
#424=FACE_OUTER_BOUND('',#948,.T.);
#425=PLANE('',#949);
#426=FACE_OUTER_BOUND('',#950,.T.);
#427=CYLINDRICAL_SURFACE('',#951,0.3);
#428=FACE_OUTER_BOUND('',#952,.T.);
#429=CYLINDRICAL_SURFACE('',#953,0.075);
#430=FACE_OUTER_BOUND('',#954,.T.);
#431=PLANE('',#955);
#432=FACE_OUTER_BOUND('',#956,.T.);
#433=PLANE('',#957);
#434=FACE_OUTER_BOUND('',#958,.T.);
#435=PLANE('',#959);
#436=FACE_OUTER_BOUND('',#960,.T.);
#437=PLANE('',#961);
#438=FACE_OUTER_BOUND('',#962,.T.);
#439=CYLINDRICAL_SURFACE('',#963,0.1);
#440=FACE_OUTER_BOUND('',#964,.T.);
#441=CYLINDRICAL_SURFACE('',#965,0.2);
#442=FACE_OUTER_BOUND('',#966,.T.);
#443=PLANE('',#967);
#444=FACE_OUTER_BOUND('',#968,.T.);
#445=PLANE('',#969);
#446=FACE_OUTER_BOUND('',#970,.T.);
#447=CYLINDRICAL_SURFACE('',#971,0.2);
#448=FACE_OUTER_BOUND('',#972,.T.);
#449=B_SPLINE_SURFACE_WITH_KNOTS('',3,3,((#973,#974,#975,#976,#977,#978,#979,#980,#981,#982,#983,#984),(#985,#986,#987,#988,#989,#990,#991,#992,#993,#994,#995,#996),(#997,#998,#999,#1000,#1001,#1002,#1003,#1004,#1005,#1006,#1007,#1008),(#1009,#1010,#1011,#1012,#1013,#1014,#1015,#1016,#1017,#1018,#1019,#1020),(#1021,#1022,#1023,#1024,#1025,#1026,#1027,#1028,#1029,#1030,#1031,#1032),(#1033,#1034,#1035,#1036,#1037,#1038,#1039,#1040,#1041,#1042,#1043,#1044),(#1045,#1046,#1047,#1048,#1049,#1050,#1051,#1052,#1053,#1054,#1055,#1056),(#1057,#1058,#1059,#1060,#1061,#1062,#1063,#1064,#1065,#1066,#1067,#1068),(#1069,#1070,#1071,#1072,#1073,#1074,#1075,#1076,#1077,#1078,#1079,#1080),(#1081,#1082,#1083,#1084,#1085,#1086,#1087,#1088,#1089,#1090,#1091,#1092),(#1093,#1094,#1095,#1096,#1097,#1098,#1099,#1100,#1101,#1102,#1103,#1104),(#1105,#1106,#1107,#1108,#1109,#1110,#1111,#1112,#1113,#1114,#1115,#1116),(#1117,#1118,#1119,#1120,#1121,#1122,#1123,#1124,#1125,#1126,#1127,#1128),(#1129,#1130,#1131,#1132,#1133,#1134,#1135,#1136,#1137,#1138,#1139,#1140),(#1141,#1142,#1143,#1144,#1145,#1146,#1147,#1148,#1149,#1150,#1151,#1152),(#1153,#1154,#1155,#1156,#1157,#1158,#1159,#1160,#1161,#1162,#1163,#1164)),.UNSPECIFIED.,.F.,.F.,.F.,(4,1,1,1,1,1,1,1,1,1,1,1,1,4),(4,1,1,1,1,1,3,4),(0.0,0.125,0.1875,0.25,0.3125,0.375,0.5,0.5625,0.625,0.75,0.8125,0.875,0.937500001180525,0.983454779284046),(0.0,0.23114648454834,0.34671972682251,0.46229296909668,0.57786621137085,0.69343945364502,0.927620965446309,1.0),.UNSPECIFIED.);
#450=FACE_OUTER_BOUND('',#1165,.T.);
#451=TOROIDAL_SURFACE('',#1166,0.500000000042689,0.200000000124864);
#452=FACE_OUTER_BOUND('',#1167,.T.);
#453=CYLINDRICAL_SURFACE('',#1168,0.2);
#454=FACE_OUTER_BOUND('',#1169,.T.);
#455=CYLINDRICAL_SURFACE('',#1170,0.34);
#456=FACE_OUTER_BOUND('',#1171,.T.);
#457=FACE_BOUND('',#1172,.T.);
#458=PLANE('',#1173);
#459=FACE_OUTER_BOUND('',#1174,.T.);
#460=CYLINDRICAL_SURFACE('',#1175,0.465);
#461=FACE_OUTER_BOUND('',#1176,.T.);
#462=PLANE('',#1177);
#463=FACE_OUTER_BOUND('',#1178,.T.);
#464=PLANE('',#1179);
#465=FACE_OUTER_BOUND('',#1180,.T.);
#466=PLANE('',#1181);
#467=FACE_OUTER_BOUND('',#1182,.T.);
#468=CYLINDRICAL_SURFACE('',#1183,0.3);
#469=FACE_OUTER_BOUND('',#1184,.T.);
#470=PLANE('',#1185);
#471=FACE_OUTER_BOUND('',#1186,.T.);
#472=PLANE('',#1187);
#473=FACE_OUTER_BOUND('',#1188,.T.);
#474=CYLINDRICAL_SURFACE('',#1189,0.3);
#475=FACE_OUTER_BOUND('',#1190,.T.);
#476=PLANE('',#1191);
#477=FACE_OUTER_BOUND('',#1192,.T.);
#478=CYLINDRICAL_SURFACE('',#1193,1.14);
#479=FACE_OUTER_BOUND('',#1194,.T.);
#480=CONICAL_SURFACE('',#1195,2.35585237650143,1.16937222328031);
#481=FACE_OUTER_BOUND('',#1196,.T.);
#482=CONICAL_SURFACE('',#1197,1.0,0.401426285830031);
#483=FACE_OUTER_BOUND('',#1198,.T.);
#484=CONICAL_SURFACE('',#1199,2.35585235991011,1.1693722207473);
#485=FACE_OUTER_BOUND('',#1200,.T.);
#486=TOROIDAL_SURFACE('',#1201,0.924999999966644,0.148509925748038);
#487=FACE_OUTER_BOUND('',#1202,.T.);
#488=CYLINDRICAL_SURFACE('',#1203,0.75);
#489=FACE_OUTER_BOUND('',#1204,.T.);
#490=CONICAL_SURFACE('',#1205,1.0,0.785399253347109);
#491=FACE_OUTER_BOUND('',#1206,.T.);
#492=FACE_BOUND('',#1207,.T.);
#493=PLANE('',#1208);
#494=FACE_OUTER_BOUND('',#1209,.T.);
#495=PLANE('',#1210);
#496=FACE_OUTER_BOUND('',#1211,.T.);
#497=PLANE('',#1212);
#498=FACE_OUTER_BOUND('',#1213,.T.);
#499=PLANE('',#1214);
#500=FACE_OUTER_BOUND('',#1215,.T.);
#501=PLANE('',#1216);
#502=FACE_OUTER_BOUND('',#1217,.T.);
#503=PLANE('',#1218);
#504=FACE_OUTER_BOUND('',#1219,.T.);
#505=PLANE('',#1220);
#506=FACE_OUTER_BOUND('',#1221,.T.);
#507=PLANE('',#1222);
#508=FACE_OUTER_BOUND('',#1223,.T.);
#509=PLANE('',#1224);
#510=FACE_OUTER_BOUND('',#1225,.T.);
#511=PLANE('',#1226);
#512=FACE_OUTER_BOUND('',#1227,.T.);
#513=PLANE('',#1228);
#514=FACE_OUTER_BOUND('',#1229,.T.);
#515=PLANE('',#1230);
#516=FACE_OUTER_BOUND('',#1231,.T.);
#517=CYLINDRICAL_SURFACE('',#1232,0.3);
#518=FACE_OUTER_BOUND('',#1233,.T.);
#519=PLANE('',#1234);
#520=FACE_OUTER_BOUND('',#1235,.T.);
#521=PLANE('',#1236);
#522=FACE_OUTER_BOUND('',#1237,.T.);
#523=PLANE('',#1238);
#524=FACE_OUTER_BOUND('',#1239,.T.);
#525=CYLINDRICAL_SURFACE('',#1240,0.675);
#526=FACE_OUTER_BOUND('',#1241,.T.);
#527=CYLINDRICAL_SURFACE('',#1242,0.44);
#528=FACE_OUTER_BOUND('',#1243,.T.);
#529=CYLINDRICAL_SURFACE('',#1244,0.39000000000001);
#530=FACE_OUTER_BOUND('',#1245,.T.);
#531=CYLINDRICAL_SURFACE('',#1246,0.240000000000009);
#532=FACE_OUTER_BOUND('',#1247,.T.);
#533=CYLINDRICAL_SURFACE('',#1248,0.565);
#534=FACE_OUTER_BOUND('',#1249,.T.);
#535=CYLINDRICAL_SURFACE('',#1250,0.565);
#536=FACE_OUTER_BOUND('',#1251,.T.);
#537=PLANE('',#1252);
#538=FACE_OUTER_BOUND('',#1253,.T.);
#539=CYLINDRICAL_SURFACE('',#1254,0.240000000000009);
#540=FACE_BOUND('',#1255,.T.);
#541=FACE_OUTER_BOUND('',#1256,.T.);
#542=PLANE('',#1257);
#543=FACE_OUTER_BOUND('',#1258,.T.);
#544=PLANE('',#1259);
#545=FACE_OUTER_BOUND('',#1260,.T.);
#546=CYLINDRICAL_SURFACE('',#1261,0.39000000000001);
#547=FACE_OUTER_BOUND('',#1262,.T.);
#548=PLANE('',#1263);
#549=FACE_OUTER_BOUND('',#1264,.T.);
#550=PLANE('',#1265);
#551=FACE_OUTER_BOUND('',#1266,.T.);
#552=PLANE('',#1267);
#553=FACE_OUTER_BOUND('',#1268,.T.);
#554=PLANE('',#1269);
#555=FACE_OUTER_BOUND('',#1270,.T.);
#556=FACE_BOUND('',#1271,.T.);
#557=PLANE('',#1272);
#558=FACE_OUTER_BOUND('',#1273,.T.);
#559=CYLINDRICAL_SURFACE('',#1274,0.44);
#560=FACE_OUTER_BOUND('',#1275,.T.);
#561=PLANE('',#1276);
#562=FACE_BOUND('',#1277,.T.);
#563=FACE_OUTER_BOUND('',#1278,.T.);
#564=PLANE('',#1279);
#565=FACE_OUTER_BOUND('',#1280,.T.);
#566=PLANE('',#1281);
#567=FACE_OUTER_BOUND('',#1282,.T.);
#568=PLANE('',#1283);
#569=FACE_OUTER_BOUND('',#1284,.T.);
#570=PLANE('',#1285);
#571=FACE_OUTER_BOUND('',#1286,.T.);
#572=CYLINDRICAL_SURFACE('',#1287,0.675);
#573=EDGE_LOOP('',(#1288,#1289,#1290,#1291,#1292));
#574=AXIS2_PLACEMENT_3D('',#1293,#1294,#1295);
#575=EDGE_LOOP('',(#1296,#1297,#1298,#1299,#1300));
#576=AXIS2_PLACEMENT_3D('',#1301,#1302,#1303);
#577=EDGE_LOOP('',(#1304,#1305,#1306,#1307));
#578=AXIS2_PLACEMENT_3D('',#1308,#1309,#1310);
#579=EDGE_LOOP('',(#1311,#1312,#1313,#1314));
#580=AXIS2_PLACEMENT_3D('',#1315,#1316,#1317);
#581=EDGE_LOOP('',(#1318,#1319,#1320,#1321,#1322));
#582=AXIS2_PLACEMENT_3D('',#1323,#1324,#1325);
#583=EDGE_LOOP('',(#1326,#1327,#1328,#1329,#1330));
#584=AXIS2_PLACEMENT_3D('',#1331,#1332,#1333);
#585=EDGE_LOOP('',(#1334,#1335,#1336,#1337));
#586=AXIS2_PLACEMENT_3D('',#1338,#1339,#1340);
#587=EDGE_LOOP('',(#1341,#1342,#1343,#1344));
#588=AXIS2_PLACEMENT_3D('',#1345,#1346,#1347);
#589=EDGE_LOOP('',(#1348,#1349,#1350,#1351));
#590=AXIS2_PLACEMENT_3D('',#1352,#1353,#1354);
#591=EDGE_LOOP('',(#1355,#1356,#1357,#1358));
#592=AXIS2_PLACEMENT_3D('',#1359,#1360,#1361);
#593=EDGE_LOOP('',(#1362,#1363,#1364,#1365));
#594=AXIS2_PLACEMENT_3D('',#1366,#1367,#1368);
#595=EDGE_LOOP('',(#1369,#1370,#1371,#1372,#1373,#1374,#1375,#1376,#1377,#1378,#1379,#1380));
#596=AXIS2_PLACEMENT_3D('',#1381,#1382,#1383);
#597=EDGE_LOOP('',(#1384,#1385,#1386,#1387));
#598=AXIS2_PLACEMENT_3D('',#1388,#1389,#1390);
#599=EDGE_LOOP('',(#1391,#1392,#1393,#1394));
#600=AXIS2_PLACEMENT_3D('',#1395,#1396,#1397);
#601=EDGE_LOOP('',(#1398,#1399,#1400,#1401));
#602=AXIS2_PLACEMENT_3D('',#1402,#1403,#1404);
#603=EDGE_LOOP('',(#1405,#1406,#1407,#1408));
#604=AXIS2_PLACEMENT_3D('',#1409,#1410,#1411);
#605=EDGE_LOOP('',(#1412,#1413,#1414,#1415));
#606=AXIS2_PLACEMENT_3D('',#1416,#1417,#1418);
#607=EDGE_LOOP('',(#1419,#1420,#1421,#1422));
#608=AXIS2_PLACEMENT_3D('',#1423,#1424,#1425);
#609=EDGE_LOOP('',(#1426,#1427,#1428,#1429));
#610=AXIS2_PLACEMENT_3D('',#1430,#1431,#1432);
#611=EDGE_LOOP('',(#1433,#1434,#1435,#1436));
#612=AXIS2_PLACEMENT_3D('',#1437,#1438,#1439);
#613=EDGE_LOOP('',(#1440,#1441,#1442,#1443));
#614=AXIS2_PLACEMENT_3D('',#1444,#1445,#1446);
#615=EDGE_LOOP('',(#1447,#1448,#1449,#1450));
#616=AXIS2_PLACEMENT_3D('',#1451,#1452,#1453);
#617=EDGE_LOOP('',(#1454,#1455,#1456,#1457));
#618=AXIS2_PLACEMENT_3D('',#1458,#1459,#1460);
#619=EDGE_LOOP('',(#1461,#1462,#1463,#1464,#1465,#1466,#1467,#1468,#1469,#1470,#1471,#1472,#1473));
#620=AXIS2_PLACEMENT_3D('',#1474,#1475,#1476);
#621=EDGE_LOOP('',(#1477,#1478,#1479,#1480));
#622=AXIS2_PLACEMENT_3D('',#1481,#1482,#1483);
#623=EDGE_LOOP('',(#1484,#1485,#1486,#1487,#1488,#1489,#1490,#1491,#1492,#1493,#1494,#1495));
#624=AXIS2_PLACEMENT_3D('',#1496,#1497,#1498);
#625=EDGE_LOOP('',(#1499,#1500,#1501,#1502,#1503));
#626=AXIS2_PLACEMENT_3D('',#1504,#1505,#1506);
#627=EDGE_LOOP('',(#1507,#1508,#1509,#1510,#1511,#1512,#1513));
#628=AXIS2_PLACEMENT_3D('',#1514,#1515,#1516);
#629=EDGE_LOOP('',(#1517,#1518,#1519,#1520,#1521,#1522,#1523,#1524,#1525,#1526,#1527,#1528,#1529));
#630=AXIS2_PLACEMENT_3D('',#1530,#1531,#1532);
#631=EDGE_LOOP('',(#1533,#1534,#1535,#1536));
#632=AXIS2_PLACEMENT_3D('',#1537,#1538,#1539);
#633=EDGE_LOOP('',(#1540,#1541,#1542,#1543,#1544,#1545,#1546,#1547,#1548,#1549,#1550,#1551,#1552,#1553,#1554,#1555));
#634=AXIS2_PLACEMENT_3D('',#1556,#1557,#1558);
#635=EDGE_LOOP('',(#1559,#1560,#1561,#1562));
#636=EDGE_LOOP('',(#1563,#1564,#1565,#1566,#1567,#1568,#1569,#1570,#1571,#1572,#1573,#1574,#1575,#1576));
#637=AXIS2_PLACEMENT_3D('',#1577,#1578,#1579);
#638=EDGE_LOOP('',(#1580,#1581,#1582,#1583,#1584,#1585));
#639=AXIS2_PLACEMENT_3D('',#1586,#1587,#1588);
#640=EDGE_LOOP('',(#1589,#1590,#1591,#1592,#1593));
#641=AXIS2_PLACEMENT_3D('',#1594,#1595,#1596);
#642=EDGE_LOOP('',(#1597,#1598,#1599));
#643=EDGE_LOOP('',(#1600,#1601));
#644=AXIS2_PLACEMENT_3D('',#1602,#1603,#1604);
#645=EDGE_LOOP('',(#1605,#1606,#1607,#1608));
#646=AXIS2_PLACEMENT_3D('',#1609,#1610,#1611);
#647=EDGE_LOOP('',(#1612,#1613,#1614,#1615));
#648=AXIS2_PLACEMENT_3D('',#1616,#1617,#1618);
#649=EDGE_LOOP('',(#1619,#1620,#1621,#1622));
#650=AXIS2_PLACEMENT_3D('',#1623,#1624,#1625);
#651=EDGE_LOOP('',(#1626,#1627,#1628,#1629,#1630,#1631,#1632,#1633,#1634,#1635,#1636,#1637,#1638,#1639,#1640,#1641,#1642,#1643,#1644,#1645,#1646,#1647,#1648,#1649,#1650,#1651,#1652,#1653));
#652=AXIS2_PLACEMENT_3D('',#1654,#1655,#1656);
#653=EDGE_LOOP('',(#1657,#1658,#1659,#1660));
#654=AXIS2_PLACEMENT_3D('',#1661,#1662,#1663);
#655=EDGE_LOOP('',(#1664,#1665,#1666));
#656=CARTESIAN_POINT('',(-2.23725006400002,0.76499617894253,0.912061489339768));
#657=CARTESIAN_POINT('',(-2.23725006400002,0.76499617894253,0.912061489339768));
#658=CARTESIAN_POINT('',(-2.23725006400002,0.76499617894253,0.912061489339768));
#659=CARTESIAN_POINT('',(-2.23725006400002,0.76499617894253,0.912061489339768));
#660=CARTESIAN_POINT('',(-2.23725006400002,0.76499617894253,0.912061489339768));
#661=CARTESIAN_POINT('',(-2.23725006400002,0.76499617894253,0.912061489339768));
#662=CARTESIAN_POINT('',(-2.23725006400002,0.76499617894253,0.912061489339768));
#663=CARTESIAN_POINT('',(-2.23725006400002,0.76499617894253,0.912061489339768));
#664=CARTESIAN_POINT('',(-2.23725006400002,0.76499617894253,0.912061489339768));
#665=CARTESIAN_POINT('',(-2.23725006400002,0.76499617894253,0.912061489339768));
#666=CARTESIAN_POINT('',(-2.23725006400002,0.76499617894253,0.912061489339768));
#667=CARTESIAN_POINT('',(-2.23725006400002,0.76499617894253,0.912061489339768));
#668=CARTESIAN_POINT('',(-2.24845522923826,0.76499619046131,0.918934571017157));
#669=CARTESIAN_POINT('',(-2.24829928792035,0.76499618719419,0.919059800028793));
#670=CARTESIAN_POINT('',(-2.24814334660243,0.76499618392706,0.919185029040429));
#671=CARTESIAN_POINT('',(-2.24798740528451,0.76499618065994,0.919310258052065));
#672=CARTESIAN_POINT('',(-2.24749363678131,0.764996170315,0.919706779913355));
#673=CARTESIAN_POINT('',(-2.24675271935001,0.76499615862433,0.920301274901443));
#674=CARTESIAN_POINT('',(-2.24576424605752,0.76499615068846,0.921093402768142));
#675=CARTESIAN_POINT('',(-2.2450226468427,0.76499614856197,0.921687194696861));
#676=CARTESIAN_POINT('',(-2.2442807424656,0.76499615026039,0.92228073147095));
#677=CARTESIAN_POINT('',(-2.24329112974639,0.76499615762481,0.923071773630257));
#678=CARTESIAN_POINT('',(-2.2425484624635,0.76499616888549,0.923664672517761));
#679=CARTESIAN_POINT('',(-2.24205314750001,0.76499617894254,0.92405976833976));
#680=CARTESIAN_POINT('',(-2.26519904460956,0.76329317145578,0.928843419576219));
#681=CARTESIAN_POINT('',(-2.26480504836747,0.76332946338953,0.929153787186536));
#682=CARTESIAN_POINT('',(-2.26441105212537,0.76336575532327,0.929464154796852));
#683=CARTESIAN_POINT('',(-2.26401705588328,0.76340204725701,0.929774522407169));
#684=CARTESIAN_POINT('',(-2.2627695165055,0.76351696108513,0.930757262276461));
#685=CARTESIAN_POINT('',(-2.26090447914931,0.76364622778726,0.932238218121461));
#686=CARTESIAN_POINT('',(-2.25843047790861,0.76373378502676,0.934226857152337));
#687=CARTESIAN_POINT('',(-2.25658145568189,0.76375722106075,0.935725327699372));
#688=CARTESIAN_POINT('',(-2.25473874958509,0.76373850443545,0.937230975988356));
#689=CARTESIAN_POINT('',(-2.25229019461401,0.76365726468838,0.939248137965341));
#690=CARTESIAN_POINT('',(-2.2504631640885,0.76353279169011,0.940771890194944));
#691=CARTESIAN_POINT('',(-2.24924930615591,0.76342112208172,0.941792510449453));
#692=CARTESIAN_POINT('',(-2.28717702023319,0.75765348569077,0.941107226713024));
#693=CARTESIAN_POINT('',(-2.28650068120435,0.75780541007626,0.9416877200503));
#694=CARTESIAN_POINT('',(-2.28582434217552,0.75795733446176,0.942268213387577));
#695=CARTESIAN_POINT('',(-2.28514800314669,0.75810925884725,0.942848706724853));
#696=CARTESIAN_POINT('',(-2.28300646096671,0.75859030824088,0.944686765618365));
#697=CARTESIAN_POINT('',(-2.2797529959723,0.75913804938252,0.947460043931963));
#698=CARTESIAN_POINT('',(-2.27536416147198,0.75951117419929,0.95116349469225));
#699=CARTESIAN_POINT('',(-2.27205546858,0.75961133512649,0.953936936148966));
#700=CARTESIAN_POINT('',(-2.2687376272055,0.75953132946637,0.956699621370736));
#701=CARTESIAN_POINT('',(-2.2643125916865,0.75918498746027,0.960359778801758));
#702=CARTESIAN_POINT('',(-2.26100473080809,0.75865712666686,0.963068375233453));
#703=CARTESIAN_POINT('',(-2.2588150558652,0.75818914996051,0.964849120907045));
#704=CARTESIAN_POINT('',(-2.30342152822814,0.75177503856526,0.949784380884142));
#705=CARTESIAN_POINT('',(-2.30256517242392,0.75204157526753,0.950589382971981));
#706=CARTESIAN_POINT('',(-2.30170881661971,0.75230811196979,0.951394385059821));
#707=CARTESIAN_POINT('',(-2.30085246081549,0.75257464867205,0.952199387147661));
#708=CARTESIAN_POINT('',(-2.2981409182346,0.75341860350251,0.954748324666549));
#709=CARTESIAN_POINT('',(-2.2939491272525,0.75438662399799,0.958589134868865));
#710=CARTESIAN_POINT('',(-2.28818445587128,0.75504835092224,0.963674232926956));
#711=CARTESIAN_POINT('',(-2.28379354784522,0.75522629142609,0.967451785007556));
#712=CARTESIAN_POINT('',(-2.27935536713189,0.7550841416941,0.971175578379463));
#713=CARTESIAN_POINT('',(-2.2734026601377,0.75446976277726,0.976045866836348));
#714=CARTESIAN_POINT('',(-2.26893028416922,0.75353641173886,0.979566582536262));
#715=CARTESIAN_POINT('',(-2.26597268361231,0.75271485063669,0.981834636534167));
#716=CARTESIAN_POINT('',(-2.31940557191639,0.74421511301617,0.957948007717445));
#717=CARTESIAN_POINT('',(-2.31840105956579,0.74462391286689,0.958993333127219));
#718=CARTESIAN_POINT('',(-2.31739654721518,0.74503271271761,0.960038658536992));
#719=CARTESIAN_POINT('',(-2.31639203486458,0.74544151256832,0.961083983946766));
#720=CARTESIAN_POINT('',(-2.31321137327709,0.74673592570458,0.964393874935459));
#721=CARTESIAN_POINT('',(-2.30818263122048,0.74823487022246,0.969385884582857));
#722=CARTESIAN_POINT('',(-2.3010960225415,0.74926432315325,0.975945898056847));
#723=CARTESIAN_POINT('',(-2.29563025662108,0.74954177516304,0.980779300152752));
#724=CARTESIAN_POINT('',(-2.29005437851118,0.74932010061944,0.98548921443094));
#725=CARTESIAN_POINT('',(-2.28253026238209,0.74836400212348,0.991557325685365));
#726=CARTESIAN_POINT('',(-2.27685200771349,0.74691779294545,0.995819524738342));
#727=CARTESIAN_POINT('',(-2.27310737968558,0.74565664314787,0.998495328994755));
#728=CARTESIAN_POINT('',(-2.33994855119722,0.73200859706734,0.967985653569741));
#729=CARTESIAN_POINT('',(-2.33879723401458,0.73263183601919,0.969363171008579));
#730=CARTESIAN_POINT('',(-2.33764591683194,0.73325507497105,0.970740688447417));
#731=CARTESIAN_POINT('',(-2.3364945996493,0.7338783139229,0.972118205886256));
#732=CARTESIAN_POINT('',(-2.33284909908812,0.73585172141043,0.976479941011939));
#733=CARTESIAN_POINT('',(-2.3268768462692,0.73816939021876,0.983087189572257));
#734=CARTESIAN_POINT('',(-2.3181362322989,0.73977251412767,0.991709973000851));
#735=CARTESIAN_POINT('',(-2.31126921056732,0.74020603555035,0.998001647717561));
#736=CARTESIAN_POINT('',(-2.30417207779371,0.73985959724022,1.00404022918075));
#737=CARTESIAN_POINT('',(-2.2945196141472,0.73836998339811,1.01165840069244));
#738=CARTESIAN_POINT('',(-2.28720319156669,0.73613164191202,1.01678493782297));
#739=CARTESIAN_POINT('',(-2.2824065789652,0.73420649668666,1.01987753586885));
#740=CARTESIAN_POINT('',(-2.35892647055291,0.71686883905065,0.976595853118733));
#741=CARTESIAN_POINT('',(-2.3577259683601,0.71772246757167,0.978330201271106));
#742=CARTESIAN_POINT('',(-2.35652546616729,0.71857609609268,0.980064549423478));
#743=CARTESIAN_POINT('',(-2.35532496397448,0.7194297246137,0.981798897575851));
#744=CARTESIAN_POINT('',(-2.3515237252858,0.72213263159653,0.987290492123465));
#745=CARTESIAN_POINT('',(-2.3449570542339,0.72536828156607,0.995665637909159));
#746=CARTESIAN_POINT('',(-2.33479637535469,0.72762885497863,1.00651533507445));
#747=CARTESIAN_POINT('',(-2.3266043030572,0.72824296036088,1.01433783055506));
#748=CARTESIAN_POINT('',(-2.3179849805203,0.72775208304224,1.02169950426336));
#749=CARTESIAN_POINT('',(-2.3061373673236,0.72565016947593,1.03072750215476));
#750=CARTESIAN_POINT('',(-2.29710540798131,0.72252099722448,1.03644006569305));
#751=CARTESIAN_POINT('',(-2.29122887250091,0.71987961591219,1.03968800301616));
#752=CARTESIAN_POINT('',(-2.37634936568713,0.6984056450962,0.983936621813744));
#753=CARTESIAN_POINT('',(-2.37521538949668,0.69946033040971,0.98605758485715));
#754=CARTESIAN_POINT('',(-2.37408141330622,0.70051501572322,0.988178547900555));
#755=CARTESIAN_POINT('',(-2.37294743711577,0.70156970103673,0.990299510943961));
#756=CARTESIAN_POINT('',(-2.36935684461789,0.70490922897937,0.997015272752757));
#757=CARTESIAN_POINT('',(-2.3626428647833,0.70900481715592,1.00736341201606));
#758=CARTESIAN_POINT('',(-2.3513529768677,0.71190634747693,1.02067856109846));
#759=CARTESIAN_POINT('',(-2.34191089083371,0.71269934172012,1.03014159270904));
#760=CARTESIAN_POINT('',(-2.3317274439619,0.71206525658129,1.03882345802845));
#761=CARTESIAN_POINT('',(-2.31752833242518,0.70936491075465,1.04906982965316));
#762=CARTESIAN_POINT('',(-2.30662558598729,0.70539685256535,1.05499630917016));
#763=CARTESIAN_POINT('',(-2.2996006023821,0.70212617030956,1.05808044977385));
#764=CARTESIAN_POINT('',(-2.39240777463298,0.67774758211779,0.990352339081191));
#765=CARTESIAN_POINT('',(-2.39141920120712,0.6789524362126,0.992873162851846));
#766=CARTESIAN_POINT('',(-2.39043062778126,0.68015729030742,0.9953939866225));
#767=CARTESIAN_POINT('',(-2.3894420543554,0.68136214440224,0.997914810393154));
#768=CARTESIAN_POINT('',(-2.3863118613616,0.6851771628394,1.00589668073186));
#769=CARTESIAN_POINT('',(-2.37978035297068,0.68996725720651,1.01832938729146));
#770=CARTESIAN_POINT('',(-2.36759896739749,0.69340892287533,1.03424215300623));
#771=CARTESIAN_POINT('',(-2.356983329283,0.69435507554747,1.04539641450734));
#772=CARTESIAN_POINT('',(-2.34522604340739,0.69359827592699,1.05536821346056));
#773=CARTESIAN_POINT('',(-2.32858800380378,0.69039233936331,1.06666027979906));
#774=CARTESIAN_POINT('',(-2.3157227011544,0.68574296695363,1.07251912880797));
#775=CARTESIAN_POINT('',(-2.3075134372067,0.68199852877062,1.07521842405875));
#776=CARTESIAN_POINT('',(-2.40568796197039,0.65437029376463,0.995187225800728));
#777=CARTESIAN_POINT('',(-2.40495684040309,0.65560884575163,0.998110053221639));
#778=CARTESIAN_POINT('',(-2.40422571883579,0.65684739773863,1.00103288064255));
#779=CARTESIAN_POINT('',(-2.40349459726849,0.65808594972562,1.00395570806346));
#780=CARTESIAN_POINT('',(-2.40117959309408,0.66200766828566,1.01321047222736));
#781=CARTESIAN_POINT('',(-2.39535086937628,0.66706776388943,1.02781146518584));
#782=CARTESIAN_POINT('',(-2.3827112171689,0.6707685317988,1.04642127621445));
#783=CARTESIAN_POINT('',(-2.37109940360528,0.67179316510294,1.05927113480086));
#784=CARTESIAN_POINT('',(-2.35781430601451,0.67097327557986,1.07041727209095));
#785=CARTESIAN_POINT('',(-2.33868335979828,0.6675220926639,1.08241092215737));
#786=CARTESIAN_POINT('',(-2.32377662886349,0.6625997778995,1.08774575150905));
#787=CARTESIAN_POINT('',(-2.31436683402489,0.65874095467772,1.08974038457037));
#788=CARTESIAN_POINT('',(-2.41560215869124,0.62829827086625,0.998516185423162));
#789=CARTESIAN_POINT('',(-2.41517749406649,0.62934989830798,1.00180182985539));
#790=CARTESIAN_POINT('',(-2.41475282944174,0.6304015257497,1.00508747428763));
#791=CARTESIAN_POINT('',(-2.41432816481699,0.63145315319143,1.00837311871986));
#792=CARTESIAN_POINT('',(-2.41298351787592,0.63478299876899,1.01877669716215));
#793=CARTESIAN_POINT('',(-2.40818635545201,0.63917633061614,1.03538983333264));
#794=CARTESIAN_POINT('',(-2.39549703721501,0.64244040118954,1.05650065544276));
#795=CARTESIAN_POINT('',(-2.38313893948258,0.6433496669342,1.07086927011856));
#796=CARTESIAN_POINT('',(-2.36851070492308,0.64262185485925,1.08295967441544));
#797=CARTESIAN_POINT('',(-2.34707076692922,0.63957489295296,1.09527899520185));
#798=CARTESIAN_POINT('',(-2.33024209129071,0.63529306973437,1.09978066515735));
#799=CARTESIAN_POINT('',(-2.3197237011548,0.63200987344892,1.10092158000645));
#800=CARTESIAN_POINT('',(-2.42105294455539,0.60791164694194,1.00024604959728));
#801=CARTESIAN_POINT('',(-2.42083992687733,0.60871274601845,1.00375501368321));
#802=CARTESIAN_POINT('',(-2.42062690919926,0.60951384509495,1.00726397776913));
#803=CARTESIAN_POINT('',(-2.4204138915212,0.61031494417145,1.01077294185506));
#804=CARTESIAN_POINT('',(-2.4197393979267,0.61285152329751,1.02188363379756));
#805=CARTESIAN_POINT('',(-2.41570940638328,0.6162458195228,1.03975613581926));
#806=CARTESIAN_POINT('',(-2.40311430863258,0.61879383793127,1.06243530237255));
#807=CARTESIAN_POINT('',(-2.39034769097471,0.61950644189196,1.07773843446634));
#808=CARTESIAN_POINT('',(-2.3749006543235,0.61893592802156,1.09037162099746));
#809=CARTESIAN_POINT('',(-2.35201153468481,0.61655584815148,1.10278517022666));
#810=CARTESIAN_POINT('',(-2.33396890554252,0.61324364155528,1.10665279839816));
#811=CARTESIAN_POINT('',(-2.32275891657371,0.6107393178639,1.10719968195836));
#812=CARTESIAN_POINT('',(-2.42411645190646,0.588538381847184,1.00118147353521));
#813=CARTESIAN_POINT('',(-2.42404230545804,0.589004737159052,1.00482644183294));
#814=CARTESIAN_POINT('',(-2.42396815900961,0.58947109247092,1.00847141013066));
#815=CARTESIAN_POINT('',(-2.42389401256118,0.589937447782788,1.01211637842837));
#816=CARTESIAN_POINT('',(-2.42365923718962,0.5914141030232,1.02365771054362));
#817=CARTESIAN_POINT('',(-2.42015598872912,0.593406284688809,1.04230845615759));
#818=CARTESIAN_POINT('',(-2.40767363847688,0.594911042433173,1.0659610370649));
#819=CARTESIAN_POINT('',(-2.39467859698827,0.595332864263103,1.08183684651061));
#820=CARTESIAN_POINT('',(-2.37873200794732,0.594995110208718,1.09478546957018));
#821=CARTESIAN_POINT('',(-2.35494077510668,0.593588984918855,1.10720923852848));
#822=CARTESIAN_POINT('',(-2.33614125217763,0.59164357364656,1.11063602936202));
#823=CARTESIAN_POINT('',(-2.32450492304217,0.590184586863824,1.11079141050605));
#824=CARTESIAN_POINT('',(-2.42495221398501,0.576024178910135,1.00142534072824));
#825=CARTESIAN_POINT('',(-2.42492092514499,0.576243609068422,1.00511105257784));
#826=CARTESIAN_POINT('',(-2.42488963630498,0.576463039226709,1.00879676442744));
#827=CARTESIAN_POINT('',(-2.42485834746496,0.576682469384995,1.01248247627703));
#828=CARTESIAN_POINT('',(-2.42475927530175,0.577377267288845,1.02415281770741));
#829=CARTESIAN_POINT('',(-2.4214222545341,0.578315659840694,1.04303537638976));
#830=CARTESIAN_POINT('',(-2.40898547066922,0.579025047606745,1.06697448824672));
#831=CARTESIAN_POINT('',(-2.39592962129436,0.57922396957927,1.08301612336446));
#832=CARTESIAN_POINT('',(-2.379838929919,0.57906468979548,1.09605169103704));
#833=CARTESIAN_POINT('',(-2.35578182437349,0.578401766150934,1.10846695569274));
#834=CARTESIAN_POINT('',(-2.33675587017262,0.577485315154927,1.11175333396912));
#835=CARTESIAN_POINT('',(-2.32499108408619,0.576798760542564,1.11178741971481));
#836=CARTESIAN_POINT('',(-2.42510096109822,0.570721940408612,1.00146782438811));
#837=CARTESIAN_POINT('',(-2.42507744553466,0.570835921083661,1.00516106562123));
#838=CARTESIAN_POINT('',(-2.42505392997111,0.570949901758714,1.00885430685436));
#839=CARTESIAN_POINT('',(-2.42503041440756,0.571063882433763,1.01254754808748));
#840=CARTESIAN_POINT('',(-2.42495595534326,0.571424787856803,1.02424173036058));
#841=CARTESIAN_POINT('',(-2.4216491869775,0.571912331422256,1.04316654686613));
#842=CARTESIAN_POINT('',(-2.40922119619041,0.572280955985064,1.06715718637196));
#843=CARTESIAN_POINT('',(-2.39615484437114,0.572384329776705,1.08322837437086));
#844=CARTESIAN_POINT('',(-2.3800385367951,0.572301556618563,1.09627916915278));
#845=CARTESIAN_POINT('',(-2.35593366016785,0.571957073059917,1.10869232734633));
#846=CARTESIAN_POINT('',(-2.33686643949235,0.571480920125153,1.11195309897774));
#847=CARTESIAN_POINT('',(-2.32507791960866,0.571124289417677,1.11196516033041));
#848=EDGE_LOOP('',(#1667,#1668,#1669,#1670));
#849=AXIS2_PLACEMENT_3D('',#1671,#1672,#1673);
#850=EDGE_LOOP('',(#1674,#1675,#1676,#1677,#1678,#1679,#1680,#1681,#1682,#1683,#1684,#1685,#1686,#1687,#1688,#1689));
#851=EDGE_LOOP('',(#1690,#1691,#1692));
#852=AXIS2_PLACEMENT_3D('',#1693,#1694,#1695);
#853=EDGE_LOOP('',(#1696,#1697,#1698,#1699));
#854=AXIS2_PLACEMENT_3D('',#1700,#1701,#1702);
#855=EDGE_LOOP('',(#1703,#1704,#1705,#1706));
#856=AXIS2_PLACEMENT_3D('',#1707,#1708,#1709);
#857=EDGE_LOOP('',(#1710,#1711,#1712,#1713,#1714,#1715,#1716));
#858=AXIS2_PLACEMENT_3D('',#1717,#1718,#1719);
#859=EDGE_LOOP('',(#1720,#1721,#1722,#1723));
#860=AXIS2_PLACEMENT_3D('',#1724,#1725,#1726);
#861=EDGE_LOOP('',(#1727,#1728,#1729,#1730));
#862=AXIS2_PLACEMENT_3D('',#1731,#1732,#1733);
#863=EDGE_LOOP('',(#1734,#1735,#1736,#1737));
#864=AXIS2_PLACEMENT_3D('',#1738,#1739,#1740);
#865=EDGE_LOOP('',(#1741,#1742,#1743,#1744,#1745,#1746,#1747,#1748,#1749,#1750,#1751,#1752,#1753,#1754,#1755,#1756));
#866=AXIS2_PLACEMENT_3D('',#1757,#1758,#1759);
#867=EDGE_LOOP('',(#1760,#1761,#1762,#1763));
#868=AXIS2_PLACEMENT_3D('',#1764,#1765,#1766);
#869=EDGE_LOOP('',(#1767,#1768,#1769,#1770,#1771,#1772,#1773));
#870=AXIS2_PLACEMENT_3D('',#1774,#1775,#1776);
#871=EDGE_LOOP('',(#1777,#1778,#1779,#1780));
#872=AXIS2_PLACEMENT_3D('',#1781,#1782,#1783);
#873=EDGE_LOOP('',(#1784,#1785,#1786,#1787,#1788,#1789,#1790));
#874=AXIS2_PLACEMENT_3D('',#1791,#1792,#1793);
#875=EDGE_LOOP('',(#1794,#1795,#1796,#1797));
#876=AXIS2_PLACEMENT_3D('',#1798,#1799,#1800);
#877=EDGE_LOOP('',(#1801,#1802,#1803,#1804));
#878=AXIS2_PLACEMENT_3D('',#1805,#1806,#1807);
#879=EDGE_LOOP('',(#1808,#1809,#1810,#1811));
#880=AXIS2_PLACEMENT_3D('',#1812,#1813,#1814);
#881=EDGE_LOOP('',(#1815,#1816,#1817,#1818));
#882=AXIS2_PLACEMENT_3D('',#1819,#1820,#1821);
#883=EDGE_LOOP('',(#1822,#1823,#1824,#1825));
#884=AXIS2_PLACEMENT_3D('',#1826,#1827,#1828);
#885=EDGE_LOOP('',(#1829,#1830,#1831,#1832,#1833,#1834,#1835));
#886=AXIS2_PLACEMENT_3D('',#1836,#1837,#1838);
#887=EDGE_LOOP('',(#1839,#1840,#1841,#1842,#1843));
#888=AXIS2_PLACEMENT_3D('',#1844,#1845,#1846);
#889=EDGE_LOOP('',(#1847,#1848,#1849,#1850,#1851,#1852,#1853));
#890=AXIS2_PLACEMENT_3D('',#1854,#1855,#1856);
#891=EDGE_LOOP('',(#1857,#1858,#1859,#1860));
#892=AXIS2_PLACEMENT_3D('',#1861,#1862,#1863);
#893=EDGE_LOOP('',(#1864,#1865,#1866,#1867,#1868));
#894=AXIS2_PLACEMENT_3D('',#1869,#1870,#1871);
#895=EDGE_LOOP('',(#1872,#1873,#1874,#1875,#1876,#1877));
#896=AXIS2_PLACEMENT_3D('',#1878,#1879,#1880);
#897=EDGE_LOOP('',(#1881,#1882,#1883,#1884));
#898=AXIS2_PLACEMENT_3D('',#1885,#1886,#1887);
#899=EDGE_LOOP('',(#1888,#1889,#1890,#1891,#1892,#1893,#1894,#1895,#1896,#1897,#1898,#1899,#1900,#1901,#1902,#1903,#1904));
#900=EDGE_LOOP('',(#1905,#1906));
#901=AXIS2_PLACEMENT_3D('',#1907,#1908,#1909);
#902=EDGE_LOOP('',(#1910,#1911,#1912,#1913,#1914,#1915,#1916,#1917,#1918,#1919,#1920,#1921,#1922));
#903=AXIS2_PLACEMENT_3D('',#1923,#1924,#1925);
#904=EDGE_LOOP('',(#1926,#1927,#1928,#1929));
#905=AXIS2_PLACEMENT_3D('',#1930,#1931,#1932);
#906=EDGE_LOOP('',(#1933,#1934,#1935,#1936,#1937,#1938,#1939,#1940,#1941,#1942,#1943));
#907=AXIS2_PLACEMENT_3D('',#1944,#1945,#1946);
#908=EDGE_LOOP('',(#1947,#1948,#1949,#1950));
#909=AXIS2_PLACEMENT_3D('',#1951,#1952,#1953);
#910=EDGE_LOOP('',(#1954,#1955,#1956,#1957,#1958));
#911=AXIS2_PLACEMENT_3D('',#1959,#1960,#1961);
#912=EDGE_LOOP('',(#1962,#1963,#1964,#1965,#1966,#1967,#1968,#1969,#1970,#1971,#1972));
#913=AXIS2_PLACEMENT_3D('',#1973,#1974,#1975);
#914=EDGE_LOOP('',(#1976,#1977,#1978,#1979));
#915=AXIS2_PLACEMENT_3D('',#1980,#1981,#1982);
#916=EDGE_LOOP('',(#1983,#1984,#1985,#1986,#1987,#1988,#1989,#1990,#1991,#1992,#1993));
#917=AXIS2_PLACEMENT_3D('',#1994,#1995,#1996);
#918=EDGE_LOOP('',(#1997,#1998,#1999,#2000));
#919=AXIS2_PLACEMENT_3D('',#2001,#2002,#2003);
#920=EDGE_LOOP('',(#2004,#2005,#2006,#2007));
#921=AXIS2_PLACEMENT_3D('',#2008,#2009,#2010);
#922=EDGE_LOOP('',(#2011,#2012,#2013,#2014));
#923=AXIS2_PLACEMENT_3D('',#2015,#2016,#2017);
#924=EDGE_LOOP('',(#2018,#2019,#2020,#2021,#2022));
#925=AXIS2_PLACEMENT_3D('',#2023,#2024,#2025);
#926=EDGE_LOOP('',(#2026,#2027,#2028,#2029,#2030,#2031,#2032,#2033,#2034,#2035,#2036));
#927=AXIS2_PLACEMENT_3D('',#2037,#2038,#2039);
#928=EDGE_LOOP('',(#2040,#2041,#2042,#2043));
#929=AXIS2_PLACEMENT_3D('',#2044,#2045,#2046);
#930=EDGE_LOOP('',(#2047,#2048,#2049,#2050,#2051,#2052,#2053,#2054,#2055,#2056,#2057,#2058,#2059));
#931=AXIS2_PLACEMENT_3D('',#2060,#2061,#2062);
#932=EDGE_LOOP('',(#2063,#2064,#2065,#2066));
#933=AXIS2_PLACEMENT_3D('',#2067,#2068,#2069);
#934=EDGE_LOOP('',(#2070,#2071,#2072,#2073));
#935=AXIS2_PLACEMENT_3D('',#2074,#2075,#2076);
#936=EDGE_LOOP('',(#2077,#2078,#2079,#2080));
#937=AXIS2_PLACEMENT_3D('',#2081,#2082,#2083);
#938=EDGE_LOOP('',(#2084,#2085,#2086,#2087));
#939=AXIS2_PLACEMENT_3D('',#2088,#2089,#2090);
#940=EDGE_LOOP('',(#2091,#2092,#2093,#2094));
#941=AXIS2_PLACEMENT_3D('',#2095,#2096,#2097);
#942=EDGE_LOOP('',(#2098,#2099,#2100,#2101,#2102));
#943=AXIS2_PLACEMENT_3D('',#2103,#2104,#2105);
#944=EDGE_LOOP('',(#2106,#2107,#2108,#2109));
#945=AXIS2_PLACEMENT_3D('',#2110,#2111,#2112);
#946=EDGE_LOOP('',(#2113,#2114,#2115,#2116));
#947=AXIS2_PLACEMENT_3D('',#2117,#2118,#2119);
#948=EDGE_LOOP('',(#2120,#2121,#2122,#2123));
#949=AXIS2_PLACEMENT_3D('',#2124,#2125,#2126);
#950=EDGE_LOOP('',(#2127,#2128,#2129,#2130));
#951=AXIS2_PLACEMENT_3D('',#2131,#2132,#2133);
#952=EDGE_LOOP('',(#2134,#2135,#2136,#2137));
#953=AXIS2_PLACEMENT_3D('',#2138,#2139,#2140);
#954=EDGE_LOOP('',(#2141,#2142,#2143,#2144,#2145,#2146,#2147));
#955=AXIS2_PLACEMENT_3D('',#2148,#2149,#2150);
#956=EDGE_LOOP('',(#2151,#2152,#2153,#2154));
#957=AXIS2_PLACEMENT_3D('',#2155,#2156,#2157);
#958=EDGE_LOOP('',(#2158,#2159,#2160,#2161,#2162,#2163,#2164));
#959=AXIS2_PLACEMENT_3D('',#2165,#2166,#2167);
#960=EDGE_LOOP('',(#2168,#2169,#2170,#2171));
#961=AXIS2_PLACEMENT_3D('',#2172,#2173,#2174);
#962=EDGE_LOOP('',(#2175,#2176,#2177,#2178));
#963=AXIS2_PLACEMENT_3D('',#2179,#2180,#2181);
#964=EDGE_LOOP('',(#2182,#2183,#2184,#2185));
#965=AXIS2_PLACEMENT_3D('',#2186,#2187,#2188);
#966=EDGE_LOOP('',(#2189,#2190,#2191,#2192));
#967=AXIS2_PLACEMENT_3D('',#2193,#2194,#2195);
#968=EDGE_LOOP('',(#2196,#2197,#2198,#2199));
#969=AXIS2_PLACEMENT_3D('',#2200,#2201,#2202);
#970=EDGE_LOOP('',(#2203,#2204,#2205,#2206));
#971=AXIS2_PLACEMENT_3D('',#2207,#2208,#2209);
#972=EDGE_LOOP('',(#2210,#2211,#2212));
#973=CARTESIAN_POINT('',(-2.23725006400002,0.76499617894252,-0.907938510660254));
#974=CARTESIAN_POINT('',(-2.23725006400002,0.76499617894252,-0.907938510660254));
#975=CARTESIAN_POINT('',(-2.23725006400002,0.76499617894252,-0.907938510660254));
#976=CARTESIAN_POINT('',(-2.23725006400002,0.76499617894252,-0.907938510660254));
#977=CARTESIAN_POINT('',(-2.23725006400002,0.76499617894252,-0.907938510660254));
#978=CARTESIAN_POINT('',(-2.23725006400002,0.76499617894252,-0.907938510660254));
#979=CARTESIAN_POINT('',(-2.23725006400002,0.76499617894252,-0.907938510660254));
#980=CARTESIAN_POINT('',(-2.23725006400002,0.76499617894252,-0.907938510660254));
#981=CARTESIAN_POINT('',(-2.23725006400002,0.76499617894252,-0.907938510660254));
#982=CARTESIAN_POINT('',(-2.23725006400002,0.76499617894252,-0.907938510660254));
#983=CARTESIAN_POINT('',(-2.23725006400002,0.76499617894252,-0.907938510660254));
#984=CARTESIAN_POINT('',(-2.23725006400002,0.76499617894252,-0.907938510660254));
#985=CARTESIAN_POINT('',(-2.24205314750001,0.76499617894252,-0.919936789660247));
#986=CARTESIAN_POINT('',(-2.24255280054278,0.7649961607836,-0.919538233500647));
#987=CARTESIAN_POINT('',(-2.24330196959208,0.76499614051188,-0.918940139617739));
#988=CARTESIAN_POINT('',(-2.24430024062861,0.76499612741635,-0.918142161819948));
#989=CARTESIAN_POINT('',(-2.24504863339112,0.76499612456146,-0.917543418828043));
#990=CARTESIAN_POINT('',(-2.24579671563899,0.7649961286732,-0.916944416192532));
#991=CARTESIAN_POINT('',(-2.24680029027111,0.76499614354148,-0.916140154150144));
#992=CARTESIAN_POINT('',(-2.24755413369668,0.7649961653507,-0.915535249887147));
#993=CARTESIAN_POINT('',(-2.24805866401281,0.76499618472054,-0.915130053004254));
#994=CARTESIAN_POINT('',(-2.24821460039269,0.76499619070722,-0.915004817843876));
#995=CARTESIAN_POINT('',(-2.24837053677257,0.7649961966939,-0.914879582683498));
#996=CARTESIAN_POINT('',(-2.24852647315244,0.76499620268058,-0.914754347523121));
#997=CARTESIAN_POINT('',(-2.24924930615591,0.76342112208171,-0.937669531769944));
#998=CARTESIAN_POINT('',(-2.25047379532792,0.76353376162461,-0.936639972694848));
#999=CARTESIAN_POINT('',(-2.25231688243199,0.76365893629683,-0.935102938834536));
#1000=CARTESIAN_POINT('',(-2.2547870671232,0.76373963641525,-0.933068323461536));
#1001=CARTESIAN_POINT('',(-2.25664610698598,0.76375721182989,-0.931549711237049));
#1002=CARTESIAN_POINT('',(-2.25851157492429,0.76373189601556,-0.930038400987741));
#1003=CARTESIAN_POINT('',(-2.26102383471891,0.76364024797351,-0.928019802625336));
#1004=CARTESIAN_POINT('',(-2.2629219438913,0.76350550845615,-0.92651349327964));
#1005=CARTESIAN_POINT('',(-2.26419712707401,0.76338526599956,-0.92550974889525));
#1006=CARTESIAN_POINT('',(-2.26459125096079,0.76334810237868,-0.925199519240817));
#1007=CARTESIAN_POINT('',(-2.26498537484757,0.76331093875781,-0.924889289586384));
#1008=CARTESIAN_POINT('',(-2.26537949873436,0.76327377513693,-0.92457905993195));
#1009=CARTESIAN_POINT('',(-2.2588150558652,0.75818914996052,-0.96072614222744));
#1010=CARTESIAN_POINT('',(-2.2610239084711,0.75866122343996,-0.958929800384844));
#1011=CARTESIAN_POINT('',(-2.26436094750249,0.75919216168902,-0.95619714932636));
#1012=CARTESIAN_POINT('',(-2.2688248536463,0.75953625640917,-0.952504300081239));
#1013=CARTESIAN_POINT('',(-2.27217161198448,0.75961139408367,-0.949716968520653));
#1014=CARTESIAN_POINT('',(-2.27550876789831,0.75950319682314,-0.946918935242241));
#1015=CARTESIAN_POINT('',(-2.27996335511549,0.75911267841427,-0.943158788883854));
#1016=CARTESIAN_POINT('',(-2.28327129951769,0.75854195145868,-0.940337644047149));
#1017=CARTESIAN_POINT('',(-2.28545687394341,0.75803903274779,-0.938460539735262));
#1018=CARTESIAN_POINT('',(-2.2861323746081,0.75788359447057,-0.937880378659327));
#1019=CARTESIAN_POINT('',(-2.28680787527278,0.75772815619334,-0.937300217583391));
#1020=CARTESIAN_POINT('',(-2.28748337593747,0.75757271791611,-0.936720056507455));
#1021=CARTESIAN_POINT('',(-2.26597268361231,0.75271485063667,-0.977711657854646));
#1022=CARTESIAN_POINT('',(-2.26895618749659,0.75354360765554,-0.975423739732356));
#1023=CARTESIAN_POINT('',(-2.2734680543145,0.75448247414441,-0.971871133434632));
#1024=CARTESIAN_POINT('',(-2.2794724867444,0.75509290147463,-0.966955800192235));
#1025=CARTESIAN_POINT('',(-2.28394843546878,0.75522640795748,-0.963197429291551));
#1026=CARTESIAN_POINT('',(-2.28837553805958,0.75503419490379,-0.959384982053754));
#1027=CARTESIAN_POINT('',(-2.2942233452875,0.75434168870718,-0.954220309978354));
#1028=CARTESIAN_POINT('',(-2.29848066142671,0.75333330305155,-0.950312027263136));
#1029=CARTESIAN_POINT('',(-2.30124320712879,0.75245147800022,-0.947708634750359));
#1030=CARTESIAN_POINT('',(-2.30209703367252,0.75217893024284,-0.946903998059829));
#1031=CARTESIAN_POINT('',(-2.30295086021625,0.75190638248547,-0.946099361369299));
#1032=CARTESIAN_POINT('',(-2.30380468675998,0.75163383472809,-0.945294724678769));
#1033=CARTESIAN_POINT('',(-2.27310737968558,0.7456566431479,-0.99437235031523));
#1034=CARTESIAN_POINT('',(-2.27688480400359,0.7469288382462,-0.991673110766464));
#1035=CARTESIAN_POINT('',(-2.28261334029631,0.74838373335582,-0.987371361124946));
#1036=CARTESIAN_POINT('',(-2.29020213264,0.74933374818479,-0.981244829927461));
#1037=CARTESIAN_POINT('',(-2.2958241746934,0.74954195439708,-0.976489225461131));
#1038=CARTESIAN_POINT('',(-2.30133265687341,0.74924225919345,-0.971609262396949));
#1039=CARTESIAN_POINT('',(-2.30851656157341,0.74816506921306,-0.964944459214549));
#1040=CARTESIAN_POINT('',(-2.31361668221131,0.74660416109845,-0.959863729767837));
#1041=CARTESIAN_POINT('',(-2.3168498696654,0.74525267125462,-0.956483459513461));
#1042=CARTESIAN_POINT('',(-2.31784915857023,0.74483496308734,-0.955438711379159));
#1043=CARTESIAN_POINT('',(-2.31884844747505,0.74441725492006,-0.954393963244857));
#1044=CARTESIAN_POINT('',(-2.31984773637988,0.74399954675278,-0.953349215110555));
#1045=CARTESIAN_POINT('',(-2.2824065789652,0.73420649668667,-1.01575455718934));
#1046=CARTESIAN_POINT('',(-2.28724520137311,0.73614850284149,-1.01263487347776));
#1047=CARTESIAN_POINT('',(-2.2946268034548,0.73840061035768,-1.00745904811884));
#1048=CARTESIAN_POINT('',(-2.30436118696928,0.73988090354764,-0.999763396672446));
#1049=CARTESIAN_POINT('',(-2.3115148601566,0.74020631704307,-0.993662822323541));
#1050=CARTESIAN_POINT('',(-2.31843130610571,0.73973806579437,-0.987307400655142));
#1051=CARTESIAN_POINT('',(-2.32728283820369,0.73806094339488,-0.978543813481754));
#1052=CARTESIAN_POINT('',(-2.33332624823787,0.73564872709242,-0.971818604322933));
#1053=CARTESIAN_POINT('',(-2.3370183911354,0.73359057462186,-0.96736605662485));
#1054=CARTESIAN_POINT('',(-2.33815953048625,0.73295445656268,-0.965989897161139));
#1055=CARTESIAN_POINT('',(-2.3393006698371,0.7323183385035,-0.964613737697428));
#1056=CARTESIAN_POINT('',(-2.34044180918794,0.73168222044432,-0.963237578233717));
#1057=CARTESIAN_POINT('',(-2.29122887250091,0.71987961591219,-1.03556502433656));
#1058=CARTESIAN_POINT('',(-2.29715687599388,0.72254413102075,-1.03228864085174));
#1059=CARTESIAN_POINT('',(-2.3062699295382,0.72569315752489,-1.02651841178835));
#1060=CARTESIAN_POINT('',(-2.31821637421739,0.7277822287445,-1.01739185879093));
#1061=CARTESIAN_POINT('',(-2.32690070189481,0.72824335943903,-1.00994911109655));
#1062=CARTESIAN_POINT('',(-2.3351447087204,0.727580106856841,-1.00204242768017));
#1063=CARTESIAN_POINT('',(-2.34541931025758,0.72521584737957,-0.991011031982641));
#1064=CARTESIAN_POINT('',(-2.35204162024752,0.72185065056865,-0.982486237990748));
#1065=CARTESIAN_POINT('',(-2.3558695927578,0.71903591714937,-0.976884025806744));
#1066=CARTESIAN_POINT('',(-2.3570527132888,0.71816596082427,-0.975152536817182));
#1067=CARTESIAN_POINT('',(-2.3582358338198,0.71729600449916,-0.973421047827619));
#1068=CARTESIAN_POINT('',(-2.35941895435079,0.71642604817406,-0.971689558838056));
#1069=CARTESIAN_POINT('',(-2.2996006023821,0.70212617030955,-1.05395747109433));
#1070=CARTESIAN_POINT('',(-2.30668711236562,0.70542549793463,-1.05084631889715));
#1071=CARTESIAN_POINT('',(-2.31768875862962,0.70941972626866,-1.04485597676554));
#1072=CARTESIAN_POINT('',(-2.3320036156651,0.71210412651765,-1.03448721078635));
#1073=CARTESIAN_POINT('',(-2.34225795091428,0.71269985714291,-1.02570114286324));
#1074=CARTESIAN_POINT('',(-2.3517485529726,0.71184348458721,-1.01612878762593));
#1075=CARTESIAN_POINT('',(-2.36314111129801,0.7088100168768,-1.00258441864516));
#1076=CARTESIAN_POINT('',(-2.36987642979738,0.70455465149001,-0.992052792533867));
#1077=CARTESIAN_POINT('',(-2.3734595887667,0.70108360550127,-0.985208584657855));
#1078=CARTESIAN_POINT('',(-2.37456704419671,0.70001080109574,-0.983093229117872));
#1079=CARTESIAN_POINT('',(-2.37567449962672,0.6989379966902,-0.980977873577889));
#1080=CARTESIAN_POINT('',(-2.37678195505672,0.69786519228466,-0.978862518037906));
#1081=CARTESIAN_POINT('',(-2.3075134372067,0.68199852877063,-1.07109544537926));
#1082=CARTESIAN_POINT('',(-2.31579459972489,0.68577576157974,-1.06837250909665));
#1083=CARTESIAN_POINT('',(-2.3287778114772,0.69045692593072,-1.06244552073835));
#1084=CARTESIAN_POINT('',(-2.34554828358779,0.69364458888907,-1.05100568382406));
#1085=CARTESIAN_POINT('',(-2.357380234349,0.69435568992493,-1.04090390047055));
#1086=CARTESIAN_POINT('',(-2.3680364576914,0.69333401758358,-1.02961206237945));
#1087=CARTESIAN_POINT('',(-2.38029882694341,0.68973720133966,-1.01341856106517));
#1088=CARTESIAN_POINT('',(-2.3868049680548,0.68476514841972,-1.00076801833825));
#1089=CARTESIAN_POINT('',(-2.3898855023978,0.68080736030055,-0.992641984828756));
#1090=CARTESIAN_POINT('',(-2.39083761044399,0.67958411735182,-0.990130452403998));
#1091=CARTESIAN_POINT('',(-2.39178971849019,0.6783608744031,-0.987618919979239));
#1092=CARTESIAN_POINT('',(-2.39274182653638,0.67713763145437,-0.985107387554481));
#1093=CARTESIAN_POINT('',(-2.31436683402489,0.65874095467774,-1.08561740589083));
#1094=CARTESIAN_POINT('',(-2.32385904195201,0.66263357433695,-1.08360530338694));
#1095=CARTESIAN_POINT('',(-2.33890398729111,0.66759094904515,-1.07820169990075));
#1096=CARTESIAN_POINT('',(-2.35818301068311,0.67102334973831,-1.06603372562044));
#1097=CARTESIAN_POINT('',(-2.37154275517529,0.67179382847666,-1.05472854548364));
#1098=CARTESIAN_POINT('',(-2.3831799065879,0.6706875421617,-1.04170885894145));
#1099=CARTESIAN_POINT('',(-2.3958627617576,0.66682173606383,-1.02276258719445));
#1100=CARTESIAN_POINT('',(-2.40160306749121,0.66157581084976,-1.00791064301455));
#1101=CARTESIAN_POINT('',(-2.40381811547249,0.65751627236943,-0.998500309053938));
#1102=CARTESIAN_POINT('',(-2.40450272559881,0.65626158119556,-0.995591834846654));
#1103=CARTESIAN_POINT('',(-2.40518733572512,0.6550068900217,-0.99268336063937));
#1104=CARTESIAN_POINT('',(-2.40587194585144,0.65375219884783,-0.989774886432085));
#1105=CARTESIAN_POINT('',(-2.3197237011548,0.63200987344885,-1.09679860132695));
#1106=CARTESIAN_POINT('',(-2.3303342137051,0.6353218247019,-1.09564769409025));
#1107=CARTESIAN_POINT('',(-2.34732063549062,0.63963515728114,-1.09108005638124));
#1108=CARTESIAN_POINT('',(-2.36892188813939,0.64266623187822,-1.07856205939724));
#1109=CARTESIAN_POINT('',(-2.3836213253754,0.64335025354523,-1.06628377463886));
#1110=CARTESIAN_POINT('',(-2.39598467926719,0.6423686280385,-1.05171283463492));
#1111=CARTESIAN_POINT('',(-2.40867040260231,0.63896038088776,-1.03021194190145));
#1112=CARTESIAN_POINT('',(-2.41331250064281,0.63441050332135,-1.01331940924915));
#1113=CARTESIAN_POINT('',(-2.4145097971858,0.63096988636302,-1.00275315926465));
#1114=CARTESIAN_POINT('',(-2.41487984846436,0.62990648672998,-0.999487423353866));
#1115=CARTESIAN_POINT('',(-2.41524989974291,0.62884308709695,-0.996221687443082));
#1116=CARTESIAN_POINT('',(-2.41561995102147,0.62777968746391,-0.992955951532298));
#1117=CARTESIAN_POINT('',(-2.32275891659281,0.61073931773023,-1.10307670331833));
#1118=CARTESIAN_POINT('',(-2.3340670851576,0.61326557484399,-1.10252503003335));
#1119=CARTESIAN_POINT('',(-2.35227996386159,0.61660265230846,-1.09859437257083));
#1120=CARTESIAN_POINT('',(-2.3753383177931,0.61897067734594,-1.08596703355474));
#1121=CARTESIAN_POINT('',(-2.39085322525182,0.61950690029255,-1.07312723064884));
#1122=CARTESIAN_POINT('',(-2.40361047816548,0.61873763724011,-1.05760049699064));
#1123=CARTESIAN_POINT('',(-2.41616882183662,0.61607777716963,-1.03449706036685));
#1124=CARTESIAN_POINT('',(-2.41999989209898,0.61256494271017,-1.01632831674625));
#1125=CARTESIAN_POINT('',(-2.42049777592221,0.60994701567982,-1.00505177330176));
#1126=CARTESIAN_POINT('',(-2.42065165805478,0.60913788677152,-1.00156650530884));
#1127=CARTESIAN_POINT('',(-2.42080554018736,0.60832875786322,-0.998081237315915));
#1128=CARTESIAN_POINT('',(-2.42095942231993,0.60751962895491,-0.994595969322993));
#1129=CARTESIAN_POINT('',(-2.32450494017809,0.590184385096495,-1.10666846707717));
#1130=CARTESIAN_POINT('',(-2.33624318710898,0.591656139660022,-1.1065117289466));
#1131=CARTESIAN_POINT('',(-2.35522085580007,0.593616315165223,-1.10302426863165));
#1132=CARTESIAN_POINT('',(-2.379186122842,0.595015434630787,-1.09037741067501));
#1133=CARTESIAN_POINT('',(-2.39519800708059,0.595332897975688,-1.07721023758128));
#1134=CARTESIAN_POINT('',(-2.40817369997597,0.594877557766726,-1.06109721618395));
#1135=CARTESIAN_POINT('',(-2.42059706103406,0.593307010549319,-1.03699894216206));
#1136=CARTESIAN_POINT('',(-2.42387346149687,0.591246108373817,-1.01804210934298));
#1137=CARTESIAN_POINT('',(-2.4239138957874,0.589723132731667,-1.00633362848669));
#1138=CARTESIAN_POINT('',(-2.42392639290935,0.589252423042509,-1.00271486057479));
#1139=CARTESIAN_POINT('',(-2.4239388900313,0.588781713353342,-0.999096092662882));
#1140=CARTESIAN_POINT('',(-2.42395138715325,0.588311003664183,-0.995477324750976));
#1141=CARTESIAN_POINT('',(-2.32499109912209,0.576798346458942,-1.10766447183974));
#1142=CARTESIAN_POINT('',(-2.33685892784515,0.577490889966092,-1.10763009134769));
#1143=CARTESIAN_POINT('',(-2.35606537596319,0.578414281172316,-1.10428384552384));
#1144=CARTESIAN_POINT('',(-2.38029784902524,0.5790738914504,-1.09164279587456));
#1145=CARTESIAN_POINT('',(-2.39645294264011,0.579223599022721,-1.07838512306498));
#1146=CARTESIAN_POINT('',(-2.40948631396018,0.579008877624747,-1.06210217325595));
#1147=CARTESIAN_POINT('',(-2.42185722806095,0.578268511157536,-1.03771091275711));
#1148=CARTESIAN_POINT('',(-2.424958993436,0.577297828769128,-1.01851923268869));
#1149=CARTESIAN_POINT('',(-2.42485848011745,0.576581320930868,-1.00668126610193));
#1150=CARTESIAN_POINT('',(-2.424827414228,0.57635986815612,-1.0030224777286));
#1151=CARTESIAN_POINT('',(-2.42479634833856,0.57613841538137,-0.999363689355261));
#1152=CARTESIAN_POINT('',(-2.4247652824491,0.57591696260663,-0.995704900981925));
#1153=CARTESIAN_POINT('',(-2.32507792911435,0.571123668214333,-1.10784220110777));
#1154=CARTESIAN_POINT('',(-2.33696969811372,0.571483385939144,-1.10783003655111));
#1155=CARTESIAN_POINT('',(-2.35621783329172,0.571963113939513,-1.10450954380016));
#1156=CARTESIAN_POINT('',(-2.38049830383516,0.572305853750262,-1.09187012162816));
#1157=CARTESIAN_POINT('',(-2.39667884237989,0.572383647405451,-1.07859658481639));
#1158=CARTESIAN_POINT('',(-2.4097221460508,0.572272070664798,-1.06228334046922));
#1159=CARTESIAN_POINT('',(-2.42208302300722,0.571887375621703,-1.03783937330944));
#1160=CARTESIAN_POINT('',(-2.42515302556852,0.571383094809618,-1.01860485033513));
#1161=CARTESIAN_POINT('',(-2.42502695521801,0.57101094378018,-1.00674292032029));
#1162=CARTESIAN_POINT('',(-2.42498799035616,0.570895922180004,-1.00307672551347));
#1163=CARTESIAN_POINT('',(-2.42494902549431,0.57078090057983,-0.999410530706659));
#1164=CARTESIAN_POINT('',(-2.42491006063245,0.570665878979658,-0.995744335899845));
#1165=EDGE_LOOP('',(#2213,#2214,#2215,#2216));
#1166=AXIS2_PLACEMENT_3D('',#2217,#2218,#2219);
#1167=EDGE_LOOP('',(#2220,#2221,#2222,#2223));
#1168=AXIS2_PLACEMENT_3D('',#2224,#2225,#2226);
#1169=EDGE_LOOP('',(#2227,#2228,#2229,#2230,#2231));
#1170=AXIS2_PLACEMENT_3D('',#2232,#2233,#2234);
#1171=EDGE_LOOP('',(#2235,#2236));
#1172=EDGE_LOOP('',(#2237,#2238));
#1173=AXIS2_PLACEMENT_3D('',#2239,#2240,#2241);
#1174=EDGE_LOOP('',(#2242,#2243,#2244,#2245));
#1175=AXIS2_PLACEMENT_3D('',#2246,#2247,#2248);
#1176=EDGE_LOOP('',(#2249,#2250,#2251,#2252,#2253,#2254,#2255,#2256,#2257,#2258));
#1177=AXIS2_PLACEMENT_3D('',#2259,#2260,#2261);
#1178=EDGE_LOOP('',(#2262,#2263,#2264,#2265,#2266,#2267,#2268,#2269,#2270,#2271));
#1179=AXIS2_PLACEMENT_3D('',#2272,#2273,#2274);
#1180=EDGE_LOOP('',(#2275,#2276,#2277,#2278));
#1181=AXIS2_PLACEMENT_3D('',#2279,#2280,#2281);
#1182=EDGE_LOOP('',(#2282,#2283,#2284,#2285));
#1183=AXIS2_PLACEMENT_3D('',#2286,#2287,#2288);
#1184=EDGE_LOOP('',(#2289,#2290,#2291,#2292));
#1185=AXIS2_PLACEMENT_3D('',#2293,#2294,#2295);
#1186=EDGE_LOOP('',(#2296,#2297,#2298,#2299));
#1187=AXIS2_PLACEMENT_3D('',#2300,#2301,#2302);
#1188=EDGE_LOOP('',(#2303,#2304,#2305,#2306));
#1189=AXIS2_PLACEMENT_3D('',#2307,#2308,#2309);
#1190=EDGE_LOOP('',(#2310,#2311,#2312,#2313));
#1191=AXIS2_PLACEMENT_3D('',#2314,#2315,#2316);
#1192=EDGE_LOOP('',(#2317,#2318,#2319,#2320));
#1193=AXIS2_PLACEMENT_3D('',#2321,#2322,#2323);
#1194=EDGE_LOOP('',(#2324,#2325,#2326,#2327));
#1195=AXIS2_PLACEMENT_3D('',#2328,#2329,#2330);
#1196=EDGE_LOOP('',(#2331,#2332,#2333,#2334));
#1197=AXIS2_PLACEMENT_3D('',#2335,#2336,#2337);
#1198=EDGE_LOOP('',(#2338,#2339,#2340,#2341));
#1199=AXIS2_PLACEMENT_3D('',#2342,#2343,#2344);
#1200=EDGE_LOOP('',(#2345,#2346,#2347,#2348,#2349));
#1201=AXIS2_PLACEMENT_3D('',#2350,#2351,#2352);
#1202=EDGE_LOOP('',(#2353,#2354,#2355,#2356,#2357));
#1203=AXIS2_PLACEMENT_3D('',#2358,#2359,#2360);
#1204=EDGE_LOOP('',(#2361,#2362,#2363,#2364,#2365));
#1205=AXIS2_PLACEMENT_3D('',#2366,#2367,#2368);
#1206=EDGE_LOOP('',(#2369,#2370));
#1207=EDGE_LOOP('',(#2371,#2372,#2373,#2374));
#1208=AXIS2_PLACEMENT_3D('',#2375,#2376,#2377);
#1209=EDGE_LOOP('',(#2378,#2379,#2380,#2381,#2382,#2383,#2384,#2385,#2386,#2387));
#1210=AXIS2_PLACEMENT_3D('',#2388,#2389,#2390);
#1211=EDGE_LOOP('',(#2391,#2392,#2393,#2394));
#1212=AXIS2_PLACEMENT_3D('',#2395,#2396,#2397);
#1213=EDGE_LOOP('',(#2398,#2399,#2400,#2401));
#1214=AXIS2_PLACEMENT_3D('',#2402,#2403,#2404);
#1215=EDGE_LOOP('',(#2405,#2406,#2407,#2408));
#1216=AXIS2_PLACEMENT_3D('',#2409,#2410,#2411);
#1217=EDGE_LOOP('',(#2412,#2413,#2414,#2415,#2416,#2417,#2418,#2419,#2420,#2421));
#1218=AXIS2_PLACEMENT_3D('',#2422,#2423,#2424);
#1219=EDGE_LOOP('',(#2425,#2426,#2427,#2428));
#1220=AXIS2_PLACEMENT_3D('',#2429,#2430,#2431);
#1221=EDGE_LOOP('',(#2432,#2433,#2434,#2435));
#1222=AXIS2_PLACEMENT_3D('',#2436,#2437,#2438);
#1223=EDGE_LOOP('',(#2439,#2440,#2441,#2442));
#1224=AXIS2_PLACEMENT_3D('',#2443,#2444,#2445);
#1225=EDGE_LOOP('',(#2446,#2447,#2448,#2449));
#1226=AXIS2_PLACEMENT_3D('',#2450,#2451,#2452);
#1227=EDGE_LOOP('',(#2453,#2454,#2455,#2456));
#1228=AXIS2_PLACEMENT_3D('',#2457,#2458,#2459);
#1229=EDGE_LOOP('',(#2460,#2461,#2462,#2463));
#1230=AXIS2_PLACEMENT_3D('',#2464,#2465,#2466);
#1231=EDGE_LOOP('',(#2467,#2468,#2469,#2470));
#1232=AXIS2_PLACEMENT_3D('',#2471,#2472,#2473);
#1233=EDGE_LOOP('',(#2474,#2475,#2476,#2477));
#1234=AXIS2_PLACEMENT_3D('',#2478,#2479,#2480);
#1235=EDGE_LOOP('',(#2481,#2482,#2483,#2484,#2485,#2486,#2487,#2488));
#1236=AXIS2_PLACEMENT_3D('',#2489,#2490,#2491);
#1237=EDGE_LOOP('',(#2492,#2493,#2494,#2495,#2496,#2497,#2498,#2499,#2500,#2501,#2502,#2503));
#1238=AXIS2_PLACEMENT_3D('',#2504,#2505,#2506);
#1239=EDGE_LOOP('',(#2507,#2508));
#1240=AXIS2_PLACEMENT_3D('',#2509,#2510,#2511);
#1241=EDGE_LOOP('',(#2512,#2513,#2514,#2515));
#1242=AXIS2_PLACEMENT_3D('',#2516,#2517,#2518);
#1243=EDGE_LOOP('',(#2519,#2520,#2521,#2522));
#1244=AXIS2_PLACEMENT_3D('',#2523,#2524,#2525);
#1245=EDGE_LOOP('',(#2526,#2527,#2528,#2529));
#1246=AXIS2_PLACEMENT_3D('',#2530,#2531,#2532);
#1247=EDGE_LOOP('',(#2533,#2534,#2535,#2536,#2537,#2538));
#1248=AXIS2_PLACEMENT_3D('',#2539,#2540,#2541);
#1249=EDGE_LOOP('',(#2542,#2543,#2544,#2545));
#1250=AXIS2_PLACEMENT_3D('',#2546,#2547,#2548);
#1251=EDGE_LOOP('',(#2549,#2550));
#1252=AXIS2_PLACEMENT_3D('',#2551,#2552,#2553);
#1253=EDGE_LOOP('',(#2554,#2555,#2556,#2557));
#1254=AXIS2_PLACEMENT_3D('',#2558,#2559,#2560);
#1255=EDGE_LOOP('',(#2561,#2562));
#1256=EDGE_LOOP('',(#2563,#2564));
#1257=AXIS2_PLACEMENT_3D('',#2565,#2566,#2567);
#1258=EDGE_LOOP('',(#2568,#2569,#2570,#2571));
#1259=AXIS2_PLACEMENT_3D('',#2572,#2573,#2574);
#1260=EDGE_LOOP('',(#2575,#2576,#2577,#2578));
#1261=AXIS2_PLACEMENT_3D('',#2579,#2580,#2581);
#1262=EDGE_LOOP('',(#2582,#2583,#2584,#2585));
#1263=AXIS2_PLACEMENT_3D('',#2586,#2587,#2588);
#1264=EDGE_LOOP('',(#2589,#2590,#2591,#2592));
#1265=AXIS2_PLACEMENT_3D('',#2593,#2594,#2595);
#1266=EDGE_LOOP('',(#2596,#2597,#2598,#2599));
#1267=AXIS2_PLACEMENT_3D('',#2600,#2601,#2602);
#1268=EDGE_LOOP('',(#2603,#2604,#2605,#2606));
#1269=AXIS2_PLACEMENT_3D('',#2607,#2608,#2609);
#1270=EDGE_LOOP('',(#2610,#2611,#2612,#2613,#2614));
#1271=EDGE_LOOP('',(#2615,#2616));
#1272=AXIS2_PLACEMENT_3D('',#2617,#2618,#2619);
#1273=EDGE_LOOP('',(#2620,#2621,#2622,#2623));
#1274=AXIS2_PLACEMENT_3D('',#2624,#2625,#2626);
#1275=EDGE_LOOP('',(#2627,#2628,#2629,#2630,#2631));
#1276=AXIS2_PLACEMENT_3D('',#2632,#2633,#2634);
#1277=EDGE_LOOP('',(#2635,#2636,#2637,#2638));
#1278=EDGE_LOOP('',(#2639,#2640,#2641,#2642));
#1279=AXIS2_PLACEMENT_3D('',#2643,#2644,#2645);
#1280=EDGE_LOOP('',(#2646,#2647,#2648,#2649,#2650));
#1281=AXIS2_PLACEMENT_3D('',#2651,#2652,#2653);
#1282=EDGE_LOOP('',(#2654,#2655,#2656,#2657,#2658,#2659,#2660));
#1283=AXIS2_PLACEMENT_3D('',#2661,#2662,#2663);
#1284=EDGE_LOOP('',(#2664,#2665,#2666,#2667));
#1285=AXIS2_PLACEMENT_3D('',#2668,#2669,#2670);
#1286=EDGE_LOOP('',(#2671,#2672));
#1287=AXIS2_PLACEMENT_3D('',#2673,#2674,#2675);
#1288=ORIENTED_EDGE('',*,*,#2676,.F.);
#1289=ORIENTED_EDGE('',*,*,#2677,.F.);
#1290=ORIENTED_EDGE('',*,*,#2678,.F.);
#1291=ORIENTED_EDGE('',*,*,#2679,.F.);
#1292=ORIENTED_EDGE('',*,*,#2680,.F.);
#1293=CARTESIAN_POINT('',(-4.93780010145134E-10,-1.07643784381007,0.00206148957065048));
#1294=DIRECTION('',(6.83000394575716E-17,-1.0,1.22464679914735E-16));
#1295=DIRECTION('',(-1.0,-6.83000394575716E-17,-6.34953562575214E-18));
#1296=ORIENTED_EDGE('',*,*,#2681,.F.);
#1297=ORIENTED_EDGE('',*,*,#2682,.F.);
#1298=ORIENTED_EDGE('',*,*,#2683,.T.);
#1299=ORIENTED_EDGE('',*,*,#2684,.T.);
#1300=ORIENTED_EDGE('',*,*,#2685,.F.);
#1301=CARTESIAN_POINT('',(-4.93780010145134E-10,-1.07643784381007,0.00206148957065048));
#1302=DIRECTION('',(6.83000394575716E-17,-1.0,1.22464679914735E-16));
#1303=DIRECTION('',(-1.0,-6.83000394575716E-17,-6.34953562575214E-18));
#1304=ORIENTED_EDGE('',*,*,#2686,.F.);
#1305=ORIENTED_EDGE('',*,*,#2687,.F.);
#1306=ORIENTED_EDGE('',*,*,#2688,.F.);
#1307=ORIENTED_EDGE('',*,*,#2689,.T.);
#1308=CARTESIAN_POINT('',(-4.93780010145134E-10,-1.07643784381007,0.00206148957065048));
#1309=DIRECTION('',(6.83000394575716E-17,-1.0,1.22464679914735E-16));
#1310=DIRECTION('',(-1.0,-6.83000394575716E-17,-6.34953562575214E-18));
#1311=ORIENTED_EDGE('',*,*,#2690,.F.);
#1312=ORIENTED_EDGE('',*,*,#2689,.F.);
#1313=ORIENTED_EDGE('',*,*,#2691,.F.);
#1314=ORIENTED_EDGE('',*,*,#2692,.F.);
#1315=CARTESIAN_POINT('',(-4.93780010145134E-10,-1.07643784381007,0.00206148957065048));
#1316=DIRECTION('',(6.83000394575716E-17,-1.0,1.22464679914735E-16));
#1317=DIRECTION('',(-1.0,-6.83000394575716E-17,-6.34953562575214E-18));
#1318=ORIENTED_EDGE('',*,*,#2693,.F.);
#1319=ORIENTED_EDGE('',*,*,#2694,.F.);
#1320=ORIENTED_EDGE('',*,*,#2695,.F.);
#1321=ORIENTED_EDGE('',*,*,#2696,.T.);
#1322=ORIENTED_EDGE('',*,*,#2697,.T.);
#1323=CARTESIAN_POINT('',(-2.82928722256474E-17,-0.925003821033321,0.00206148933974261));
#1324=DIRECTION('',(-6.12323399573677E-17,1.0,-1.22464679914735E-16));
#1325=DIRECTION('',(6.12323399573676E-17,-1.22464679914735E-16,-1.0));
#1326=ORIENTED_EDGE('',*,*,#2698,.F.);
#1327=ORIENTED_EDGE('',*,*,#2699,.F.);
#1328=ORIENTED_EDGE('',*,*,#2700,.F.);
#1329=ORIENTED_EDGE('',*,*,#2701,.F.);
#1330=ORIENTED_EDGE('',*,*,#2697,.F.);
#1331=CARTESIAN_POINT('',(-4.97241912107263E-17,-0.575003821033321,0.00206148933974649));
#1332=DIRECTION('',(-6.12323399573677E-17,1.0,-1.22464679914735E-16));
#1333=DIRECTION('',(-1.0,-6.12323399573677E-17,-6.12323399573676E-17));
#1334=ORIENTED_EDGE('',*,*,#2702,.F.);
#1335=ORIENTED_EDGE('',*,*,#2703,.F.);
#1336=ORIENTED_EDGE('',*,*,#2704,.F.);
#1337=ORIENTED_EDGE('',*,*,#2705,.F.);
#1338=CARTESIAN_POINT('',(2.80488469669498E-17,-1.84513392273816,0.00206148933975366));
#1339=DIRECTION('',(6.12323399573677E-17,-1.0,1.22464679914735E-16));
#1340=DIRECTION('',(-6.12323399573676E-17,1.22464679914735E-16,1.0));
#1341=ORIENTED_EDGE('',*,*,#2706,.F.);
#1342=ORIENTED_EDGE('',*,*,#2705,.T.);
#1343=ORIENTED_EDGE('',*,*,#2707,.F.);
#1344=ORIENTED_EDGE('',*,*,#2708,.T.);
#1345=CARTESIAN_POINT('',(3.90900943368589E-17,-2.02545117629398,0.0020614893397523));
#1346=DIRECTION('',(-6.12323399573677E-17,1.0,-1.22464679914735E-16));
#1347=DIRECTION('',(6.12323399573676E-17,-1.22464679914735E-16,-1.0));
#1348=ORIENTED_EDGE('',*,*,#2709,.F.);
#1349=ORIENTED_EDGE('',*,*,#2708,.F.);
#1350=ORIENTED_EDGE('',*,*,#2710,.F.);
#1351=ORIENTED_EDGE('',*,*,#2711,.T.);
#1352=CARTESIAN_POINT('',(1.47447695930613E-17,-1.62786185077176,0.00206148933976097));
#1353=DIRECTION('',(6.12323399573677E-17,-1.0,1.22464679914735E-16));
#1354=DIRECTION('',(-6.12323399573676E-17,1.22464679914735E-16,1.0));
#1355=ORIENTED_EDGE('',*,*,#2712,.F.);
#1356=ORIENTED_EDGE('',*,*,#2713,.F.);
#1357=ORIENTED_EDGE('',*,*,#2714,.T.);
#1358=ORIENTED_EDGE('',*,*,#2715,.F.);
#1359=CARTESIAN_POINT('',(-1.68571621741864E-17,-1.11176313905749,0.00206148933976268));
#1360=DIRECTION('',(6.12323399573677E-17,-1.0,1.22464679914735E-16));
#1361=DIRECTION('',(-6.12323399573676E-17,1.22464679914735E-16,1.0));
#1362=ORIENTED_EDGE('',*,*,#2716,.T.);
#1363=ORIENTED_EDGE('',*,*,#2717,.F.);
#1364=ORIENTED_EDGE('',*,*,#2718,.T.);
#1365=ORIENTED_EDGE('',*,*,#2719,.F.);
#1366=CARTESIAN_POINT('',(-13.505,-3.82105749081502E-06,0.00206148933976021));
#1367=DIRECTION('',(1.0,6.12323399573677E-17,6.12323399573676E-17));
#1368=DIRECTION('',(6.12323399573677E-17,-1.52143522505733E-15,-1.0));
#1369=ORIENTED_EDGE('',*,*,#2720,.F.);
#1370=ORIENTED_EDGE('',*,*,#2721,.F.);
#1371=ORIENTED_EDGE('',*,*,#2722,.F.);
#1372=ORIENTED_EDGE('',*,*,#2723,.F.);
#1373=ORIENTED_EDGE('',*,*,#2724,.T.);
#1374=ORIENTED_EDGE('',*,*,#2725,.F.);
#1375=ORIENTED_EDGE('',*,*,#2718,.F.);
#1376=ORIENTED_EDGE('',*,*,#2726,.F.);
#1377=ORIENTED_EDGE('',*,*,#2716,.F.);
#1378=ORIENTED_EDGE('',*,*,#2727,.F.);
#1379=ORIENTED_EDGE('',*,*,#2728,.T.);
#1380=ORIENTED_EDGE('',*,*,#2729,.F.);
#1381=CARTESIAN_POINT('',(-13.505,-3.82105749081502E-06,0.00206148933976021));
#1382=DIRECTION('',(1.0,6.12323399573677E-17,6.12323399573676E-17));
#1383=DIRECTION('',(6.12323399573677E-17,-1.52143522505733E-15,-1.0));
#1384=ORIENTED_EDGE('',*,*,#2730,.F.);
#1385=ORIENTED_EDGE('',*,*,#2731,.F.);
#1386=ORIENTED_EDGE('',*,*,#2732,.F.);
#1387=ORIENTED_EDGE('',*,*,#2733,.F.);
#1388=CARTESIAN_POINT('',(-13.505,-3.82105749081502E-06,0.00206148933976021));
#1389=DIRECTION('',(1.0,6.12323399573677E-17,6.12323399573676E-17));
#1390=DIRECTION('',(6.12323399573677E-17,-1.39799664754475E-15,-1.0));
#1391=ORIENTED_EDGE('',*,*,#2734,.F.);
#1392=ORIENTED_EDGE('',*,*,#2735,.F.);
#1393=ORIENTED_EDGE('',*,*,#2736,.F.);
#1394=ORIENTED_EDGE('',*,*,#2737,.T.);
#1395=CARTESIAN_POINT('',(2.80488469669498E-17,-1.84513392273816,0.00206148933975366));
#1396=DIRECTION('',(6.12323399573677E-17,-1.0,1.22464679914735E-16));
#1397=DIRECTION('',(-6.12323399573676E-17,1.22464679914735E-16,1.0));
#1398=ORIENTED_EDGE('',*,*,#2738,.F.);
#1399=ORIENTED_EDGE('',*,*,#2739,.F.);
#1400=ORIENTED_EDGE('',*,*,#2740,.F.);
#1401=ORIENTED_EDGE('',*,*,#2735,.T.);
#1402=CARTESIAN_POINT('',(3.90900943368589E-17,-2.02545117629398,0.0020614893397523));
#1403=DIRECTION('',(-6.12323399573677E-17,1.0,-1.22464679914735E-16));
#1404=DIRECTION('',(6.12323399573676E-17,-1.22464679914735E-16,-1.0));
#1405=ORIENTED_EDGE('',*,*,#2741,.F.);
#1406=ORIENTED_EDGE('',*,*,#2742,.T.);
#1407=ORIENTED_EDGE('',*,*,#2743,.F.);
#1408=ORIENTED_EDGE('',*,*,#2739,.T.);
#1409=CARTESIAN_POINT('',(1.47447695930613E-17,-1.62786185077176,0.00206148933976097));
#1410=DIRECTION('',(6.12323399573677E-17,-1.0,1.22464679914735E-16));
#1411=DIRECTION('',(-6.12323399573676E-17,1.22464679914735E-16,1.0));
#1412=ORIENTED_EDGE('',*,*,#2744,.F.);
#1413=ORIENTED_EDGE('',*,*,#2745,.F.);
#1414=ORIENTED_EDGE('',*,*,#2746,.T.);
#1415=ORIENTED_EDGE('',*,*,#2747,.F.);
#1416=CARTESIAN_POINT('',(-1.68571621741864E-17,-1.11176313905749,0.00206148933976268));
#1417=DIRECTION('',(6.12323399573677E-17,-1.0,1.22464679914735E-16));
#1418=DIRECTION('',(-6.12323399573676E-17,1.22464679914735E-16,1.0));
#1419=ORIENTED_EDGE('',*,*,#2748,.F.);
#1420=ORIENTED_EDGE('',*,*,#2749,.T.);
#1421=ORIENTED_EDGE('',*,*,#2750,.F.);
#1422=ORIENTED_EDGE('',*,*,#2751,.T.);
#1423=CARTESIAN_POINT('',(-4.39108769581168E-17,-0.669942447528046,0.00206148933976195));
#1424=DIRECTION('',(-6.12323399573677E-17,1.0,-1.22464679914735E-16));
#1425=DIRECTION('',(6.12323399573676E-17,-1.22464679914735E-16,-1.0));
#1426=ORIENTED_EDGE('',*,*,#2752,.F.);
#1427=ORIENTED_EDGE('',*,*,#2683,.F.);
#1428=ORIENTED_EDGE('',*,*,#2753,.F.);
#1429=ORIENTED_EDGE('',*,*,#2754,.T.);
#1430=CARTESIAN_POINT('',(-5.80518801823558E-17,-0.439002339178703,0.00206148933977428));
#1431=DIRECTION('',(-6.12323399573677E-17,1.0,-1.22464679914735E-16));
#1432=DIRECTION('',(6.12323399573676E-17,-1.22464679914735E-16,-1.0));
#1433=ORIENTED_EDGE('',*,*,#2690,.T.);
#1434=ORIENTED_EDGE('',*,*,#2755,.F.);
#1435=ORIENTED_EDGE('',*,*,#2756,.T.);
#1436=ORIENTED_EDGE('',*,*,#2757,.F.);
#1437=CARTESIAN_POINT('',(-4.93780010145134E-10,-1.07643784381007,0.00206148957065048));
#1438=DIRECTION('',(6.83000394575716E-17,-1.0,1.22464679914735E-16));
#1439=DIRECTION('',(-1.0,-6.83000394575716E-17,-6.34953562575214E-18));
#1440=ORIENTED_EDGE('',*,*,#2758,.F.);
#1441=ORIENTED_EDGE('',*,*,#2759,.T.);
#1442=ORIENTED_EDGE('',*,*,#2760,.F.);
#1443=ORIENTED_EDGE('',*,*,#2761,.T.);
#1444=CARTESIAN_POINT('',(-4.39108769581168E-17,-0.669942447528046,0.00206148933976195));
#1445=DIRECTION('',(-6.12323399573677E-17,1.0,-1.22464679914735E-16));
#1446=DIRECTION('',(6.12323399573676E-17,-1.22464679914735E-16,-1.0));
#1447=ORIENTED_EDGE('',*,*,#2762,.F.);
#1448=ORIENTED_EDGE('',*,*,#2763,.T.);
#1449=ORIENTED_EDGE('',*,*,#2764,.F.);
#1450=ORIENTED_EDGE('',*,*,#2679,.T.);
#1451=CARTESIAN_POINT('',(-5.80518801823558E-17,-0.439002339178703,0.00206148933977428));
#1452=DIRECTION('',(-6.12323399573677E-17,1.0,-1.22464679914735E-16));
#1453=DIRECTION('',(6.12323399573676E-17,-1.22464679914735E-16,-1.0));
#1454=ORIENTED_EDGE('',*,*,#2765,.F.);
#1455=ORIENTED_EDGE('',*,*,#2766,.F.);
#1456=ORIENTED_EDGE('',*,*,#2767,.T.);
#1457=ORIENTED_EDGE('',*,*,#2768,.F.);
#1458=CARTESIAN_POINT('',(-3.30558609550146E-17,-0.84721831205748,0.00206148933976842));
#1459=DIRECTION('',(6.12323399573677E-17,-1.0,1.22464679914735E-16));
#1460=DIRECTION('',(-1.0,-6.12323399573677E-17,-6.12323399573676E-17));
#1461=ORIENTED_EDGE('',*,*,#2769,.F.);
#1462=ORIENTED_EDGE('',*,*,#2770,.F.);
#1463=ORIENTED_EDGE('',*,*,#2771,.T.);
#1464=ORIENTED_EDGE('',*,*,#2772,.F.);
#1465=ORIENTED_EDGE('',*,*,#2773,.T.);
#1466=ORIENTED_EDGE('',*,*,#2774,.T.);
#1467=ORIENTED_EDGE('',*,*,#2775,.T.);
#1468=ORIENTED_EDGE('',*,*,#2749,.F.);
#1469=ORIENTED_EDGE('',*,*,#2776,.F.);
#1470=ORIENTED_EDGE('',*,*,#2777,.T.);
#1471=ORIENTED_EDGE('',*,*,#2778,.F.);
#1472=ORIENTED_EDGE('',*,*,#2779,.T.);
#1473=ORIENTED_EDGE('',*,*,#2780,.F.);
#1474=CARTESIAN_POINT('',(-2.59853593535921E-17,-0.962688366057458,0.0020614893397643));
#1475=DIRECTION('',(6.12323399573677E-17,-1.0,1.22464679914735E-16));
#1476=DIRECTION('',(-1.0,-6.12323399573677E-17,-6.12323399573676E-17));
#1477=ORIENTED_EDGE('',*,*,#2781,.T.);
#1478=ORIENTED_EDGE('',*,*,#2782,.T.);
#1479=ORIENTED_EDGE('',*,*,#2783,.T.);
#1480=ORIENTED_EDGE('',*,*,#2784,.F.);
#1481=CARTESIAN_POINT('',(-9.075,-3.82105749059817E-06,0.00206148933976048));
#1482=DIRECTION('',(1.0,6.12323399573677E-17,6.12323399573676E-17));
#1483=DIRECTION('',(6.12323399573677E-17,-1.2738298188374E-15,-1.0));
#1484=ORIENTED_EDGE('',*,*,#2785,.F.);
#1485=ORIENTED_EDGE('',*,*,#2786,.F.);
#1486=ORIENTED_EDGE('',*,*,#2787,.F.);
#1487=ORIENTED_EDGE('',*,*,#2788,.F.);
#1488=ORIENTED_EDGE('',*,*,#2789,.F.);
#1489=ORIENTED_EDGE('',*,*,#2790,.F.);
#1490=ORIENTED_EDGE('',*,*,#2783,.F.);
#1491=ORIENTED_EDGE('',*,*,#2791,.T.);
#1492=ORIENTED_EDGE('',*,*,#2781,.F.);
#1493=ORIENTED_EDGE('',*,*,#2792,.F.);
#1494=ORIENTED_EDGE('',*,*,#2793,.F.);
#1495=ORIENTED_EDGE('',*,*,#2794,.F.);
#1496=CARTESIAN_POINT('',(-9.075,-3.82105749059817E-06,0.00206148933976048));
#1497=DIRECTION('',(1.0,6.12323399573677E-17,6.12323399573676E-17));
#1498=DIRECTION('',(6.12323399573677E-17,-1.2738298188374E-15,-1.0));
#1499=ORIENTED_EDGE('',*,*,#2785,.T.);
#1500=ORIENTED_EDGE('',*,*,#2795,.F.);
#1501=ORIENTED_EDGE('',*,*,#2787,.T.);
#1502=ORIENTED_EDGE('',*,*,#2796,.F.);
#1503=ORIENTED_EDGE('',*,*,#2797,.F.);
#1504=CARTESIAN_POINT('',(-9.075,-3.82105749059817E-06,0.00206148933976048));
#1505=DIRECTION('',(1.0,6.12323399573677E-17,6.12323399573676E-17));
#1506=DIRECTION('',(6.12323399573677E-17,-1.2738298188374E-15,-1.0));
#1507=ORIENTED_EDGE('',*,*,#2798,.F.);
#1508=ORIENTED_EDGE('',*,*,#2799,.F.);
#1509=ORIENTED_EDGE('',*,*,#2800,.F.);
#1510=ORIENTED_EDGE('',*,*,#2801,.F.);
#1511=ORIENTED_EDGE('',*,*,#2802,.T.);
#1512=ORIENTED_EDGE('',*,*,#2803,.F.);
#1513=ORIENTED_EDGE('',*,*,#2804,.T.);
#1514=CARTESIAN_POINT('',(-0.971745524999984,-0.775003821057469,0.0270614893397681));
#1515=DIRECTION('',(-6.12323399573677E-17,1.0,-1.22464679914735E-16));
#1516=DIRECTION('',(-6.12323399573676E-17,1.22464679914735E-16,1.0));
#1517=ORIENTED_EDGE('',*,*,#2769,.T.);
#1518=ORIENTED_EDGE('',*,*,#2805,.F.);
#1519=ORIENTED_EDGE('',*,*,#2806,.T.);
#1520=ORIENTED_EDGE('',*,*,#2807,.F.);
#1521=ORIENTED_EDGE('',*,*,#2808,.T.);
#1522=ORIENTED_EDGE('',*,*,#2809,.F.);
#1523=ORIENTED_EDGE('',*,*,#2761,.F.);
#1524=ORIENTED_EDGE('',*,*,#2810,.T.);
#1525=ORIENTED_EDGE('',*,*,#2800,.T.);
#1526=ORIENTED_EDGE('',*,*,#2811,.T.);
#1527=ORIENTED_EDGE('',*,*,#2812,.F.);
#1528=ORIENTED_EDGE('',*,*,#2813,.T.);
#1529=ORIENTED_EDGE('',*,*,#2814,.F.);
#1530=CARTESIAN_POINT('',(-2.59853593535921E-17,-0.962688366057458,0.0020614893397643));
#1531=DIRECTION('',(6.12323399573677E-17,-1.0,1.22464679914735E-16));
#1532=DIRECTION('',(-1.0,-6.12323399573677E-17,-6.12323399573676E-17));
#1533=ORIENTED_EDGE('',*,*,#2802,.F.);
#1534=ORIENTED_EDGE('',*,*,#2815,.T.);
#1535=ORIENTED_EDGE('',*,*,#2816,.F.);
#1536=ORIENTED_EDGE('',*,*,#2817,.T.);
#1537=CARTESIAN_POINT('',(-0.947256808999986,-0.473203821057455,-1.10793851066023));
#1538=DIRECTION('',(0.954809926924459,4.19257132840741E-16,0.29721709817322));
#1539=DIRECTION('',(-0.29721709817322,1.16930492080216E-16,0.954809926924459));
#1540=ORIENTED_EDGE('',*,*,#2818,.T.);
#1541=ORIENTED_EDGE('',*,*,#2819,.T.);
#1542=ORIENTED_EDGE('',*,*,#2820,.F.);
#1543=ORIENTED_EDGE('',*,*,#2821,.T.);
#1544=ORIENTED_EDGE('',*,*,#2822,.T.);
#1545=ORIENTED_EDGE('',*,*,#2823,.T.);
#1546=ORIENTED_EDGE('',*,*,#2824,.T.);
#1547=ORIENTED_EDGE('',*,*,#2825,.T.);
#1548=ORIENTED_EDGE('',*,*,#2826,.F.);
#1549=ORIENTED_EDGE('',*,*,#2827,.T.);
#1550=ORIENTED_EDGE('',*,*,#2828,.T.);
#1551=ORIENTED_EDGE('',*,*,#2829,.T.);
#1552=ORIENTED_EDGE('',*,*,#2830,.T.);
#1553=ORIENTED_EDGE('',*,*,#2831,.T.);
#1554=ORIENTED_EDGE('',*,*,#2832,.F.);
#1555=ORIENTED_EDGE('',*,*,#2833,.T.);
#1556=CARTESIAN_POINT('',(0.947315455000014,0.56499617894255,-1.29793851066024));
#1557=DIRECTION('',(-6.12323399573677E-17,1.0,-1.22464679914735E-16));
#1558=DIRECTION('',(-6.12323399573676E-17,1.22464679914735E-16,1.0));
#1559=ORIENTED_EDGE('',*,*,#2834,.T.);
#1560=ORIENTED_EDGE('',*,*,#2835,.F.);
#1561=ORIENTED_EDGE('',*,*,#2836,.T.);
#1562=ORIENTED_EDGE('',*,*,#2837,.F.);
#1563=ORIENTED_EDGE('',*,*,#2838,.F.);
#1564=ORIENTED_EDGE('',*,*,#2839,.F.);
#1565=ORIENTED_EDGE('',*,*,#2840,.T.);
#1566=ORIENTED_EDGE('',*,*,#2841,.T.);
#1567=ORIENTED_EDGE('',*,*,#2842,.F.);
#1568=ORIENTED_EDGE('',*,*,#2843,.T.);
#1569=ORIENTED_EDGE('',*,*,#2844,.T.);
#1570=ORIENTED_EDGE('',*,*,#2845,.F.);
#1571=ORIENTED_EDGE('',*,*,#2846,.T.);
#1572=ORIENTED_EDGE('',*,*,#2847,.T.);
#1573=ORIENTED_EDGE('',*,*,#2848,.F.);
#1574=ORIENTED_EDGE('',*,*,#2849,.T.);
#1575=ORIENTED_EDGE('',*,*,#2850,.T.);
#1576=ORIENTED_EDGE('',*,*,#2851,.F.);
#1577=CARTESIAN_POINT('',(0.947315455000014,0.57499617894255,-1.29793851066024));
#1578=DIRECTION('',(-6.12323399573677E-17,1.0,-1.22464679914735E-16));
#1579=DIRECTION('',(-6.12323399573676E-17,1.22464679914735E-16,1.0));
#1580=ORIENTED_EDGE('',*,*,#2812,.T.);
#1581=ORIENTED_EDGE('',*,*,#2852,.T.);
#1582=ORIENTED_EDGE('',*,*,#2772,.T.);
#1583=ORIENTED_EDGE('',*,*,#2853,.T.);
#1584=ORIENTED_EDGE('',*,*,#2854,.F.);
#1585=ORIENTED_EDGE('',*,*,#2855,.T.);
#1586=CARTESIAN_POINT('',(1.18053752099997,0.48731163394251,-1.23763851066024));
#1587=DIRECTION('',(-6.12323399573677E-17,1.0,-1.22464679914735E-16));
#1588=DIRECTION('',(-6.12323399573676E-17,1.22464679914735E-16,1.0));
#1589=ORIENTED_EDGE('',*,*,#2856,.F.);
#1590=ORIENTED_EDGE('',*,*,#2857,.T.);
#1591=ORIENTED_EDGE('',*,*,#2858,.F.);
#1592=ORIENTED_EDGE('',*,*,#2754,.F.);
#1593=ORIENTED_EDGE('',*,*,#2859,.T.);
#1594=CARTESIAN_POINT('',(-3.30558609550146E-17,-0.84721831205748,0.00206148933976842));
#1595=DIRECTION('',(6.12323399573677E-17,-1.0,1.22464679914735E-16));
#1596=DIRECTION('',(-1.0,-6.12323399573677E-17,-6.12323399573676E-17));
#1597=ORIENTED_EDGE('',*,*,#2796,.T.);
#1598=ORIENTED_EDGE('',*,*,#2786,.T.);
#1599=ORIENTED_EDGE('',*,*,#2797,.T.);
#1600=ORIENTED_EDGE('',*,*,#2717,.T.);
#1601=ORIENTED_EDGE('',*,*,#2726,.T.);
#1602=CARTESIAN_POINT('',(-3.505,0.56499617894252,0.00206148933974407));
#1603=DIRECTION('',(-1.0,-6.12323399573677E-17,-6.12323399573676E-17));
#1604=DIRECTION('',(-6.12323399573677E-17,1.0,-1.22464679914735E-16));
#1605=ORIENTED_EDGE('',*,*,#2860,.F.);
#1606=ORIENTED_EDGE('',*,*,#2861,.F.);
#1607=ORIENTED_EDGE('',*,*,#2862,.F.);
#1608=ORIENTED_EDGE('',*,*,#2844,.F.);
#1609=CARTESIAN_POINT('',(-4.105,0.56499617894254,0.70456375633977));
#1610=DIRECTION('',(-5.56625823626564E-17,-0.0871557425293527,0.996194698110845));
#1611=DIRECTION('',(-1.0,-6.84273901999006E-33,-5.58752043834536E-17));
#1612=ORIENTED_EDGE('',*,*,#2789,.T.);
#1613=ORIENTED_EDGE('',*,*,#2863,.F.);
#1614=ORIENTED_EDGE('',*,*,#2861,.T.);
#1615=ORIENTED_EDGE('',*,*,#2864,.F.);
#1616=CARTESIAN_POINT('',(-3.705,0.0114148539425499,0.35498571533975));
#1617=DIRECTION('',(1.0,6.12323399573677E-17,6.12323399573676E-17));
#1618=DIRECTION('',(6.12323399573677E-17,-1.56806757656208E-15,-1.0));
#1619=ORIENTED_EDGE('',*,*,#2865,.T.);
#1620=ORIENTED_EDGE('',*,*,#2866,.F.);
#1621=ORIENTED_EDGE('',*,*,#2842,.T.);
#1622=ORIENTED_EDGE('',*,*,#2867,.F.);
#1623=CARTESIAN_POINT('',(-2.725,0.56499617894251,0.522061489339759));
#1624=DIRECTION('',(1.0,6.12323399573677E-17,6.12323399573676E-17));
#1625=DIRECTION('',(6.12323399573677E-17,-1.20666685240024E-15,-1.0));
#1626=ORIENTED_EDGE('',*,*,#2868,.T.);
#1627=ORIENTED_EDGE('',*,*,#2869,.F.);
#1628=ORIENTED_EDGE('',*,*,#2870,.F.);
#1629=ORIENTED_EDGE('',*,*,#2871,.F.);
#1630=ORIENTED_EDGE('',*,*,#2872,.F.);
#1631=ORIENTED_EDGE('',*,*,#2873,.T.);
#1632=ORIENTED_EDGE('',*,*,#2874,.F.);
#1633=ORIENTED_EDGE('',*,*,#2875,.F.);
#1634=ORIENTED_EDGE('',*,*,#2876,.T.);
#1635=ORIENTED_EDGE('',*,*,#2877,.T.);
#1636=ORIENTED_EDGE('',*,*,#2878,.T.);
#1637=ORIENTED_EDGE('',*,*,#2879,.T.);
#1638=ORIENTED_EDGE('',*,*,#2880,.F.);
#1639=ORIENTED_EDGE('',*,*,#2881,.F.);
#1640=ORIENTED_EDGE('',*,*,#2882,.T.);
#1641=ORIENTED_EDGE('',*,*,#2883,.T.);
#1642=ORIENTED_EDGE('',*,*,#2884,.T.);
#1643=ORIENTED_EDGE('',*,*,#2885,.F.);
#1644=ORIENTED_EDGE('',*,*,#2886,.F.);
#1645=ORIENTED_EDGE('',*,*,#2887,.T.);
#1646=ORIENTED_EDGE('',*,*,#2888,.F.);
#1647=ORIENTED_EDGE('',*,*,#2889,.F.);
#1648=ORIENTED_EDGE('',*,*,#2890,.F.);
#1649=ORIENTED_EDGE('',*,*,#2891,.F.);
#1650=ORIENTED_EDGE('',*,*,#2892,.T.);
#1651=ORIENTED_EDGE('',*,*,#2893,.F.);
#1652=ORIENTED_EDGE('',*,*,#2894,.T.);
#1653=ORIENTED_EDGE('',*,*,#2865,.F.);
#1654=CARTESIAN_POINT('',(-4.105,0.76499617894253,-1.29793851066026));
#1655=DIRECTION('',(6.12323399573677E-17,-1.0,1.22464679914735E-16));
#1656=DIRECTION('',(1.0,6.12323399573677E-17,6.12323399573676E-17));
#1657=ORIENTED_EDGE('',*,*,#2867,.T.);
#1658=ORIENTED_EDGE('',*,*,#2841,.F.);
#1659=ORIENTED_EDGE('',*,*,#2895,.T.);
#1660=ORIENTED_EDGE('',*,*,#2868,.F.);
#1661=CARTESIAN_POINT('',(-2.7250000002004,0.56499617980774,1.02206148946269));
#1662=DIRECTION('',(-6.12323399573677E-17,1.0,-1.98753000031395E-16));
#1663=DIRECTION('',(6.12169853474839E-17,-1.98753000031395E-16,-1.0));
#1664=ORIENTED_EDGE('',*,*,#2896,.F.);
#1665=ORIENTED_EDGE('',*,*,#2895,.F.);
#1666=ORIENTED_EDGE('',*,*,#2840,.F.);
#1667=ORIENTED_EDGE('',*,*,#2839,.T.);
#1668=ORIENTED_EDGE('',*,*,#2897,.F.);
#1669=ORIENTED_EDGE('',*,*,#2869,.T.);
#1670=ORIENTED_EDGE('',*,*,#2896,.T.);
#1671=CARTESIAN_POINT('',(-2.085,0.56499617894255,0.912061489339742));
#1672=DIRECTION('',(1.0,6.12323399573677E-17,6.12323399573676E-17));
#1673=DIRECTION('',(6.12323399573677E-17,-1.20666685240024E-15,-1.0));
#1674=ORIENTED_EDGE('',*,*,#2897,.T.);
#1675=ORIENTED_EDGE('',*,*,#2838,.T.);
#1676=ORIENTED_EDGE('',*,*,#2898,.T.);
#1677=ORIENTED_EDGE('',*,*,#2890,.T.);
#1678=ORIENTED_EDGE('',*,*,#2899,.T.);
#1679=ORIENTED_EDGE('',*,*,#2900,.T.);
#1680=ORIENTED_EDGE('',*,*,#2901,.T.);
#1681=ORIENTED_EDGE('',*,*,#2804,.F.);
#1682=ORIENTED_EDGE('',*,*,#2902,.T.);
#1683=ORIENTED_EDGE('',*,*,#2903,.T.);
#1684=ORIENTED_EDGE('',*,*,#2904,.T.);
#1685=ORIENTED_EDGE('',*,*,#2905,.F.);
#1686=ORIENTED_EDGE('',*,*,#2906,.T.);
#1687=ORIENTED_EDGE('',*,*,#2907,.T.);
#1688=ORIENTED_EDGE('',*,*,#2908,.T.);
#1689=ORIENTED_EDGE('',*,*,#2870,.T.);
#1690=ORIENTED_EDGE('',*,*,#2909,.T.);
#1691=ORIENTED_EDGE('',*,*,#2731,.T.);
#1692=ORIENTED_EDGE('',*,*,#2910,.T.);
#1693=CARTESIAN_POINT('',(-2.085,0.76499617894253,1.31206148933975));
#1694=DIRECTION('',(-1.0,-6.12323399573677E-17,-6.12323399573676E-17));
#1695=DIRECTION('',(-6.12323399573677E-17,1.0,-1.22464679914735E-16));
#1696=ORIENTED_EDGE('',*,*,#2911,.F.);
#1697=ORIENTED_EDGE('',*,*,#2912,.F.);
#1698=ORIENTED_EDGE('',*,*,#2913,.F.);
#1699=ORIENTED_EDGE('',*,*,#2914,.F.);
#1700=CARTESIAN_POINT('',(-1.285,-0.47320382105747,0.0270614893397694));
#1701=DIRECTION('',(0.954809926924459,-3.02326640760525E-16,-0.29721709817322));
#1702=DIRECTION('',(2.78514117280008E-16,1.0,-1.22464679914735E-16));
#1703=ORIENTED_EDGE('',*,*,#2915,.T.);
#1704=ORIENTED_EDGE('',*,*,#2904,.F.);
#1705=ORIENTED_EDGE('',*,*,#2916,.F.);
#1706=ORIENTED_EDGE('',*,*,#2913,.T.);
#1707=CARTESIAN_POINT('',(-1.285,-0.575003821057492,0.0270614893397664));
#1708=DIRECTION('',(-6.12323399573676E-17,1.22464679914735E-16,1.0));
#1709=DIRECTION('',(-1.0,-7.49879891330929E-33,-6.12323399573676E-17));
#1710=ORIENTED_EDGE('',*,*,#2915,.F.);
#1711=ORIENTED_EDGE('',*,*,#2912,.T.);
#1712=ORIENTED_EDGE('',*,*,#2917,.F.);
#1713=ORIENTED_EDGE('',*,*,#2774,.F.);
#1714=ORIENTED_EDGE('',*,*,#2918,.F.);
#1715=ORIENTED_EDGE('',*,*,#2919,.F.);
#1716=ORIENTED_EDGE('',*,*,#2905,.T.);
#1717=CARTESIAN_POINT('',(-0.971745524999984,-0.775003821057469,0.0270614893397681));
#1718=DIRECTION('',(-6.12323399573677E-17,1.0,-1.22464679914735E-16));
#1719=DIRECTION('',(-6.12323399573676E-17,1.22464679914735E-16,1.0));
#1720=ORIENTED_EDGE('',*,*,#2919,.T.);
#1721=ORIENTED_EDGE('',*,*,#2920,.F.);
#1722=ORIENTED_EDGE('',*,*,#2921,.T.);
#1723=ORIENTED_EDGE('',*,*,#2906,.F.);
#1724=CARTESIAN_POINT('',(-0.885,-0.475003821057459,1.01206148933976));
#1725=DIRECTION('',(1.0,6.12323399573677E-17,6.12323399573676E-17));
#1726=DIRECTION('',(6.12323399573676E-17,-1.0,1.56806757656208E-15));
#1727=ORIENTED_EDGE('',*,*,#2922,.F.);
#1728=ORIENTED_EDGE('',*,*,#2907,.F.);
#1729=ORIENTED_EDGE('',*,*,#2921,.F.);
#1730=ORIENTED_EDGE('',*,*,#2923,.F.);
#1731=CARTESIAN_POINT('',(-2.085,-0.47500382105747,1.31206148933976));
#1732=DIRECTION('',(6.12323399573676E-17,-1.22464679914735E-16,-1.0));
#1733=DIRECTION('',(0.0,-1.0,1.22464679914735E-16));
#1734=ORIENTED_EDGE('',*,*,#2908,.F.);
#1735=ORIENTED_EDGE('',*,*,#2922,.T.);
#1736=ORIENTED_EDGE('',*,*,#2924,.F.);
#1737=ORIENTED_EDGE('',*,*,#2871,.T.);
#1738=CARTESIAN_POINT('',(-0.885,0.56499617894253,1.11206148933977));
#1739=DIRECTION('',(1.0,6.12323399573677E-17,6.12323399573676E-17));
#1740=DIRECTION('',(6.12323399573676E-17,-1.0,1.20666685240024E-15));
#1741=ORIENTED_EDGE('',*,*,#2799,.T.);
#1742=ORIENTED_EDGE('',*,*,#2925,.T.);
#1743=ORIENTED_EDGE('',*,*,#2926,.T.);
#1744=ORIENTED_EDGE('',*,*,#2927,.T.);
#1745=ORIENTED_EDGE('',*,*,#2888,.T.);
#1746=ORIENTED_EDGE('',*,*,#2928,.F.);
#1747=ORIENTED_EDGE('',*,*,#2818,.F.);
#1748=ORIENTED_EDGE('',*,*,#2929,.F.);
#1749=ORIENTED_EDGE('',*,*,#2872,.T.);
#1750=ORIENTED_EDGE('',*,*,#2924,.T.);
#1751=ORIENTED_EDGE('',*,*,#2923,.T.);
#1752=ORIENTED_EDGE('',*,*,#2920,.T.);
#1753=ORIENTED_EDGE('',*,*,#2918,.T.);
#1754=ORIENTED_EDGE('',*,*,#2773,.F.);
#1755=ORIENTED_EDGE('',*,*,#2852,.F.);
#1756=ORIENTED_EDGE('',*,*,#2811,.F.);
#1757=CARTESIAN_POINT('',(-0.885,0.76499617894253,1.31206148933975));
#1758=DIRECTION('',(-1.0,-6.12323399573677E-17,-6.12323399573676E-17));
#1759=DIRECTION('',(-6.12323399573677E-17,1.0,-1.22464679914735E-16));
#1760=ORIENTED_EDGE('',*,*,#2833,.F.);
#1761=ORIENTED_EDGE('',*,*,#2930,.T.);
#1762=ORIENTED_EDGE('',*,*,#2873,.F.);
#1763=ORIENTED_EDGE('',*,*,#2929,.T.);
#1764=CARTESIAN_POINT('',(-0.81,0.56499617894251,1.05206148933974));
#1765=DIRECTION('',(6.12323399573677E-17,-1.0,1.22464679914735E-16));
#1766=DIRECTION('',(-1.0,-6.12323399573677E-17,-6.12323399573676E-17));
#1767=ORIENTED_EDGE('',*,*,#2930,.F.);
#1768=ORIENTED_EDGE('',*,*,#2832,.T.);
#1769=ORIENTED_EDGE('',*,*,#2931,.F.);
#1770=ORIENTED_EDGE('',*,*,#2932,.T.);
#1771=ORIENTED_EDGE('',*,*,#2933,.F.);
#1772=ORIENTED_EDGE('',*,*,#2934,.T.);
#1773=ORIENTED_EDGE('',*,*,#2874,.T.);
#1774=CARTESIAN_POINT('',(-0.735000000000013,0.76499617894254,1.05206148933977));
#1775=DIRECTION('',(1.0,6.12323399573677E-17,6.12323399573676E-17));
#1776=DIRECTION('',(-6.12323399573677E-17,1.0,-1.22464679914735E-16));
#1777=ORIENTED_EDGE('',*,*,#2875,.T.);
#1778=ORIENTED_EDGE('',*,*,#2934,.F.);
#1779=ORIENTED_EDGE('',*,*,#2935,.T.);
#1780=ORIENTED_EDGE('',*,*,#2936,.F.);
#1781=CARTESIAN_POINT('',(-0.735000000000013,0.56499617894254,1.30206148933975));
#1782=DIRECTION('',(-1.0,-6.12323399573677E-17,-6.12323399573676E-17));
#1783=DIRECTION('',(-6.12323399573676E-17,1.0,-1.20666685240024E-15));
#1784=ORIENTED_EDGE('',*,*,#2830,.F.);
#1785=ORIENTED_EDGE('',*,*,#2937,.F.);
#1786=ORIENTED_EDGE('',*,*,#2876,.F.);
#1787=ORIENTED_EDGE('',*,*,#2936,.T.);
#1788=ORIENTED_EDGE('',*,*,#2938,.T.);
#1789=ORIENTED_EDGE('',*,*,#2939,.F.);
#1790=ORIENTED_EDGE('',*,*,#2940,.T.);
#1791=CARTESIAN_POINT('',(0.695,0.76499617894255,1.50206148933975));
#1792=DIRECTION('',(-1.0,-6.12323399573677E-17,-6.12323399573676E-17));
#1793=DIRECTION('',(-6.12323399573677E-17,1.0,-1.22464679914735E-16));
#1794=ORIENTED_EDGE('',*,*,#2931,.T.);
#1795=ORIENTED_EDGE('',*,*,#2831,.F.);
#1796=ORIENTED_EDGE('',*,*,#2940,.F.);
#1797=ORIENTED_EDGE('',*,*,#2941,.T.);
#1798=CARTESIAN_POINT('',(-0.735000000000013,0.56499617894254,1.30206148933975));
#1799=DIRECTION('',(6.12323399573676E-17,-1.22464679914735E-16,-1.0));
#1800=DIRECTION('',(0.0,-1.0,1.22464679914735E-16));
#1801=ORIENTED_EDGE('',*,*,#2932,.F.);
#1802=ORIENTED_EDGE('',*,*,#2941,.F.);
#1803=ORIENTED_EDGE('',*,*,#2939,.T.);
#1804=ORIENTED_EDGE('',*,*,#2942,.F.);
#1805=CARTESIAN_POINT('',(-0.735000000000013,0.10499617894251,1.30206148933975));
#1806=DIRECTION('',(6.12323399573677E-17,-1.0,1.22464679914735E-16));
#1807=DIRECTION('',(1.0,6.12323399573677E-17,6.12323399573676E-17));
#1808=ORIENTED_EDGE('',*,*,#2933,.T.);
#1809=ORIENTED_EDGE('',*,*,#2942,.T.);
#1810=ORIENTED_EDGE('',*,*,#2938,.F.);
#1811=ORIENTED_EDGE('',*,*,#2935,.F.);
#1812=CARTESIAN_POINT('',(-0.735000000000013,0.56499617894252,1.50206148933976));
#1813=DIRECTION('',(-6.12323399573676E-17,1.22464679914735E-16,1.0));
#1814=DIRECTION('',(-1.0,-7.49879891330929E-33,-6.12323399573676E-17));
#1815=ORIENTED_EDGE('',*,*,#2937,.T.);
#1816=ORIENTED_EDGE('',*,*,#2829,.F.);
#1817=ORIENTED_EDGE('',*,*,#2943,.F.);
#1818=ORIENTED_EDGE('',*,*,#2877,.F.);
#1819=CARTESIAN_POINT('',(0.695,0.76499617894252,0.952061489339752));
#1820=DIRECTION('',(-0.990268068699098,-2.29847995238675E-16,-0.13917310126227));
#1821=DIRECTION('',(9.36280025686196E-32,1.0,-1.65152600002445E-15));
#1822=ORIENTED_EDGE('',*,*,#2828,.F.);
#1823=ORIENTED_EDGE('',*,*,#2944,.T.);
#1824=ORIENTED_EDGE('',*,*,#2878,.F.);
#1825=ORIENTED_EDGE('',*,*,#2943,.T.);
#1826=CARTESIAN_POINT('',(0.862739653999994,0.76499617894253,0.477061489339733));
#1827=DIRECTION('',(-6.12323399573677E-17,1.0,-1.22464679914735E-16));
#1828=DIRECTION('',(1.0,6.12323399573677E-17,6.12323399573676E-17));
#1829=ORIENTED_EDGE('',*,*,#2945,.T.);
#1830=ORIENTED_EDGE('',*,*,#2879,.F.);
#1831=ORIENTED_EDGE('',*,*,#2944,.F.);
#1832=ORIENTED_EDGE('',*,*,#2827,.F.);
#1833=ORIENTED_EDGE('',*,*,#2946,.T.);
#1834=ORIENTED_EDGE('',*,*,#2853,.F.);
#1835=ORIENTED_EDGE('',*,*,#2771,.F.);
#1836=CARTESIAN_POINT('',(0.862739653999994,0.76499617894253,0.377061489339746));
#1837=DIRECTION('',(6.12323399573676E-17,-1.22464679914735E-16,-1.0));
#1838=DIRECTION('',(0.0,-1.0,1.22464679914735E-16));
#1839=ORIENTED_EDGE('',*,*,#2947,.F.);
#1840=ORIENTED_EDGE('',*,*,#2880,.T.);
#1841=ORIENTED_EDGE('',*,*,#2945,.F.);
#1842=ORIENTED_EDGE('',*,*,#2770,.T.);
#1843=ORIENTED_EDGE('',*,*,#2814,.T.);
#1844=CARTESIAN_POINT('',(0.947315455000014,0.48731163394252,0.377061489339747));
#1845=DIRECTION('',(-6.12323399573676E-17,1.22464679914735E-16,1.0));
#1846=DIRECTION('',(-6.12323399573677E-17,1.0,-1.22464679914735E-16));
#1847=ORIENTED_EDGE('',*,*,#2948,.T.);
#1848=ORIENTED_EDGE('',*,*,#2825,.F.);
#1849=ORIENTED_EDGE('',*,*,#2949,.F.);
#1850=ORIENTED_EDGE('',*,*,#2881,.T.);
#1851=ORIENTED_EDGE('',*,*,#2947,.T.);
#1852=ORIENTED_EDGE('',*,*,#2813,.F.);
#1853=ORIENTED_EDGE('',*,*,#2855,.F.);
#1854=CARTESIAN_POINT('',(1.16619037900001,0.76499617894253,-0.372938510660232));
#1855=DIRECTION('',(-6.12323399573676E-17,1.22464679914735E-16,1.0));
#1856=DIRECTION('',(-1.0,-7.49879891330929E-33,-6.12323399573676E-17));
#1857=ORIENTED_EDGE('',*,*,#2946,.F.);
#1858=ORIENTED_EDGE('',*,*,#2826,.T.);
#1859=ORIENTED_EDGE('',*,*,#2948,.F.);
#1860=ORIENTED_EDGE('',*,*,#2854,.T.);
#1861=CARTESIAN_POINT('',(0.947315455000014,0.48731163394252,0.377061489339747));
#1862=DIRECTION('',(-6.12323399573676E-17,1.22464679914735E-16,1.0));
#1863=DIRECTION('',(-6.12323399573677E-17,1.0,-1.22464679914735E-16));
#1864=ORIENTED_EDGE('',*,*,#2950,.T.);
#1865=ORIENTED_EDGE('',*,*,#2951,.F.);
#1866=ORIENTED_EDGE('',*,*,#2952,.T.);
#1867=ORIENTED_EDGE('',*,*,#2763,.F.);
#1868=ORIENTED_EDGE('',*,*,#2953,.F.);
#1869=CARTESIAN_POINT('',(-3.30558609550146E-17,-0.84721831205748,0.00206148933976842));
#1870=DIRECTION('',(6.12323399573677E-17,-1.0,1.22464679914735E-16));
#1871=DIRECTION('',(-1.0,-6.12323399573677E-17,-6.12323399573676E-17));
#1872=ORIENTED_EDGE('',*,*,#2954,.F.);
#1873=ORIENTED_EDGE('',*,*,#2766,.T.);
#1874=ORIENTED_EDGE('',*,*,#2955,.T.);
#1875=ORIENTED_EDGE('',*,*,#2956,.F.);
#1876=ORIENTED_EDGE('',*,*,#2691,.T.);
#1877=ORIENTED_EDGE('',*,*,#2688,.T.);
#1878=CARTESIAN_POINT('',(-5.80518801823558E-17,-0.439002339178703,0.00206148933977428));
#1879=DIRECTION('',(-6.12323399573677E-17,1.0,-1.22464679914735E-16));
#1880=DIRECTION('',(6.12323399573676E-17,-1.22464679914735E-16,-1.0));
#1881=ORIENTED_EDGE('',*,*,#2765,.T.);
#1882=ORIENTED_EDGE('',*,*,#2957,.F.);
#1883=ORIENTED_EDGE('',*,*,#2958,.T.);
#1884=ORIENTED_EDGE('',*,*,#2955,.F.);
#1885=CARTESIAN_POINT('',(-3.30558609550146E-17,-0.84721831205748,0.00206148933976842));
#1886=DIRECTION('',(6.12323399573677E-17,-1.0,1.22464679914735E-16));
#1887=DIRECTION('',(-1.0,-6.12323399573677E-17,-6.12323399573676E-17));
#1888=ORIENTED_EDGE('',*,*,#2816,.T.);
#1889=ORIENTED_EDGE('',*,*,#2959,.T.);
#1890=ORIENTED_EDGE('',*,*,#2951,.T.);
#1891=ORIENTED_EDGE('',*,*,#2960,.F.);
#1892=ORIENTED_EDGE('',*,*,#2807,.T.);
#1893=ORIENTED_EDGE('',*,*,#2961,.F.);
#1894=ORIENTED_EDGE('',*,*,#2957,.T.);
#1895=ORIENTED_EDGE('',*,*,#2768,.T.);
#1896=ORIENTED_EDGE('',*,*,#2962,.F.);
#1897=ORIENTED_EDGE('',*,*,#2778,.T.);
#1898=ORIENTED_EDGE('',*,*,#2963,.F.);
#1899=ORIENTED_EDGE('',*,*,#2856,.T.);
#1900=ORIENTED_EDGE('',*,*,#2964,.T.);
#1901=ORIENTED_EDGE('',*,*,#2914,.T.);
#1902=ORIENTED_EDGE('',*,*,#2916,.T.);
#1903=ORIENTED_EDGE('',*,*,#2903,.F.);
#1904=ORIENTED_EDGE('',*,*,#2965,.T.);
#1905=ORIENTED_EDGE('',*,*,#2699,.T.);
#1906=ORIENTED_EDGE('',*,*,#2966,.T.);
#1907=CARTESIAN_POINT('',(0.835,-0.575003821033292,1.01406148933974));
#1908=DIRECTION('',(6.12323399573677E-17,-1.0,1.22464679914735E-16));
#1909=DIRECTION('',(1.0,6.12323399573677E-17,6.12323399573676E-17));
#1910=ORIENTED_EDGE('',*,*,#2764,.T.);
#1911=ORIENTED_EDGE('',*,*,#2952,.F.);
#1912=ORIENTED_EDGE('',*,*,#2959,.F.);
#1913=ORIENTED_EDGE('',*,*,#2815,.F.);
#1914=ORIENTED_EDGE('',*,*,#2801,.T.);
#1915=ORIENTED_EDGE('',*,*,#2810,.F.);
#1916=ORIENTED_EDGE('',*,*,#2760,.T.);
#1917=ORIENTED_EDGE('',*,*,#2967,.F.);
#1918=ORIENTED_EDGE('',*,*,#2710,.T.);
#1919=ORIENTED_EDGE('',*,*,#2707,.T.);
#1920=ORIENTED_EDGE('',*,*,#2704,.T.);
#1921=ORIENTED_EDGE('',*,*,#2968,.T.);
#1922=ORIENTED_EDGE('',*,*,#2680,.T.);
#1923=CARTESIAN_POINT('',(-1.30732367399999,-0.8126883660575,-0.34823483366023));
#1924=DIRECTION('',(0.258819045152458,-1.16040818128737E-15,-0.965925826275688));
#1925=DIRECTION('',(4.02642851702539E-15,1.0,-1.22464679914735E-16));
#1926=ORIENTED_EDGE('',*,*,#2762,.T.);
#1927=ORIENTED_EDGE('',*,*,#2678,.T.);
#1928=ORIENTED_EDGE('',*,*,#2969,.F.);
#1929=ORIENTED_EDGE('',*,*,#2953,.T.);
#1930=CARTESIAN_POINT('',(-5.80518801823558E-17,-0.439002339178703,0.00206148933977428));
#1931=DIRECTION('',(-6.12323399573677E-17,1.0,-1.22464679914735E-16));
#1932=DIRECTION('',(6.12323399573676E-17,-1.22464679914735E-16,-1.0));
#1933=ORIENTED_EDGE('',*,*,#2970,.T.);
#1934=ORIENTED_EDGE('',*,*,#2808,.F.);
#1935=ORIENTED_EDGE('',*,*,#2960,.T.);
#1936=ORIENTED_EDGE('',*,*,#2950,.F.);
#1937=ORIENTED_EDGE('',*,*,#2969,.T.);
#1938=ORIENTED_EDGE('',*,*,#2677,.T.);
#1939=ORIENTED_EDGE('',*,*,#2971,.T.);
#1940=ORIENTED_EDGE('',*,*,#2972,.T.);
#1941=ORIENTED_EDGE('',*,*,#2973,.T.);
#1942=ORIENTED_EDGE('',*,*,#2974,.T.);
#1943=ORIENTED_EDGE('',*,*,#2714,.F.);
#1944=CARTESIAN_POINT('',(0.200079807999992,-0.812688366057454,-0.744646518660241));
#1945=DIRECTION('',(-0.965925826275688,-3.72517814500281E-16,-0.258819045152458));
#1946=DIRECTION('',(8.0632804555904E-32,1.0,-1.43929831083663E-15));
#1947=ORIENTED_EDGE('',*,*,#2758,.T.);
#1948=ORIENTED_EDGE('',*,*,#2809,.T.);
#1949=ORIENTED_EDGE('',*,*,#2970,.F.);
#1950=ORIENTED_EDGE('',*,*,#2713,.T.);
#1951=CARTESIAN_POINT('',(-4.39108769581168E-17,-0.669942447528046,0.00206148933976195));
#1952=DIRECTION('',(-6.12323399573677E-17,1.0,-1.22464679914735E-16));
#1953=DIRECTION('',(6.12323399573676E-17,-1.22464679914735E-16,-1.0));
#1954=ORIENTED_EDGE('',*,*,#2805,.T.);
#1955=ORIENTED_EDGE('',*,*,#2780,.T.);
#1956=ORIENTED_EDGE('',*,*,#2975,.F.);
#1957=ORIENTED_EDGE('',*,*,#2976,.T.);
#1958=ORIENTED_EDGE('',*,*,#2977,.F.);
#1959=CARTESIAN_POINT('',(-4.39108769581168E-17,-0.669942447528046,0.00206148933976195));
#1960=DIRECTION('',(-6.12323399573677E-17,1.0,-1.22464679914735E-16));
#1961=DIRECTION('',(6.12323399573676E-17,-1.22464679914735E-16,-1.0));
#1962=ORIENTED_EDGE('',*,*,#2956,.T.);
#1963=ORIENTED_EDGE('',*,*,#2958,.F.);
#1964=ORIENTED_EDGE('',*,*,#2961,.T.);
#1965=ORIENTED_EDGE('',*,*,#2806,.F.);
#1966=ORIENTED_EDGE('',*,*,#2977,.T.);
#1967=ORIENTED_EDGE('',*,*,#2978,.F.);
#1968=ORIENTED_EDGE('',*,*,#2979,.T.);
#1969=ORIENTED_EDGE('',*,*,#2980,.T.);
#1970=ORIENTED_EDGE('',*,*,#2981,.T.);
#1971=ORIENTED_EDGE('',*,*,#2755,.T.);
#1972=ORIENTED_EDGE('',*,*,#2692,.T.);
#1973=CARTESIAN_POINT('',(0.957027350999978,-0.812688366057471,-0.954965861660253));
#1974=DIRECTION('',(0.707106781186547,1.29893408435324E-16,0.707106781186547));
#1975=DIRECTION('',(-0.707106781186547,8.65956056235493E-17,0.707106781186547));
#1976=ORIENTED_EDGE('',*,*,#2686,.T.);
#1977=ORIENTED_EDGE('',*,*,#2757,.T.);
#1978=ORIENTED_EDGE('',*,*,#2982,.T.);
#1979=ORIENTED_EDGE('',*,*,#2983,.F.);
#1980=CARTESIAN_POINT('',(-4.93780010145134E-10,-1.07643784381007,0.00206148957065048));
#1981=DIRECTION('',(6.83000394575716E-17,-1.0,1.22464679914735E-16));
#1982=DIRECTION('',(-1.0,-6.83000394575716E-17,-6.34953562575214E-18));
#1983=ORIENTED_EDGE('',*,*,#2975,.T.);
#1984=ORIENTED_EDGE('',*,*,#2779,.F.);
#1985=ORIENTED_EDGE('',*,*,#2962,.T.);
#1986=ORIENTED_EDGE('',*,*,#2767,.F.);
#1987=ORIENTED_EDGE('',*,*,#2954,.T.);
#1988=ORIENTED_EDGE('',*,*,#2687,.T.);
#1989=ORIENTED_EDGE('',*,*,#2983,.T.);
#1990=ORIENTED_EDGE('',*,*,#2984,.T.);
#1991=ORIENTED_EDGE('',*,*,#2985,.T.);
#1992=ORIENTED_EDGE('',*,*,#2986,.T.);
#1993=ORIENTED_EDGE('',*,*,#2987,.F.);
#1994=CARTESIAN_POINT('',(0.546628201000016,-0.812688366057465,0.548689690339754));
#1995=DIRECTION('',(0.707106781186548,-4.32978028117746E-17,-0.707106781186548));
#1996=DIRECTION('',(-6.12323399573677E-17,1.0,-1.22464679914735E-16));
#1997=ORIENTED_EDGE('',*,*,#2978,.T.);
#1998=ORIENTED_EDGE('',*,*,#2976,.F.);
#1999=ORIENTED_EDGE('',*,*,#2987,.T.);
#2000=ORIENTED_EDGE('',*,*,#2988,.F.);
#2001=CARTESIAN_POINT('',(-1.68571621741864E-17,-1.11176313905749,0.00206148933976268));
#2002=DIRECTION('',(6.12323399573677E-17,-1.0,1.22464679914735E-16));
#2003=DIRECTION('',(-6.12323399573676E-17,1.22464679914735E-16,1.0));
#2004=ORIENTED_EDGE('',*,*,#2989,.T.);
#2005=ORIENTED_EDGE('',*,*,#2979,.F.);
#2006=ORIENTED_EDGE('',*,*,#2988,.T.);
#2007=ORIENTED_EDGE('',*,*,#2986,.F.);
#2008=CARTESIAN_POINT('',(1.47447695930613E-17,-1.62786185077176,0.00206148933976097));
#2009=DIRECTION('',(6.12323399573677E-17,-1.0,1.22464679914735E-16));
#2010=DIRECTION('',(-6.12323399573676E-17,1.22464679914735E-16,1.0));
#2011=ORIENTED_EDGE('',*,*,#2989,.F.);
#2012=ORIENTED_EDGE('',*,*,#2985,.F.);
#2013=ORIENTED_EDGE('',*,*,#2990,.F.);
#2014=ORIENTED_EDGE('',*,*,#2980,.F.);
#2015=CARTESIAN_POINT('',(3.90900943368589E-17,-2.02545117629398,0.0020614893397523));
#2016=DIRECTION('',(-6.12323399573677E-17,1.0,-1.22464679914735E-16));
#2017=DIRECTION('',(6.12323399573676E-17,-1.22464679914735E-16,-1.0));
#2018=ORIENTED_EDGE('',*,*,#2756,.F.);
#2019=ORIENTED_EDGE('',*,*,#2981,.F.);
#2020=ORIENTED_EDGE('',*,*,#2990,.T.);
#2021=ORIENTED_EDGE('',*,*,#2984,.F.);
#2022=ORIENTED_EDGE('',*,*,#2982,.F.);
#2023=CARTESIAN_POINT('',(2.80488469669498E-17,-1.84513392273816,0.00206148933975366));
#2024=DIRECTION('',(6.12323399573677E-17,-1.0,1.22464679914735E-16));
#2025=DIRECTION('',(-6.12323399573676E-17,1.22464679914735E-16,1.0));
#2026=ORIENTED_EDGE('',*,*,#2991,.T.);
#2027=ORIENTED_EDGE('',*,*,#2857,.F.);
#2028=ORIENTED_EDGE('',*,*,#2963,.T.);
#2029=ORIENTED_EDGE('',*,*,#2777,.F.);
#2030=ORIENTED_EDGE('',*,*,#2992,.T.);
#2031=ORIENTED_EDGE('',*,*,#2746,.F.);
#2032=ORIENTED_EDGE('',*,*,#2993,.T.);
#2033=ORIENTED_EDGE('',*,*,#2994,.T.);
#2034=ORIENTED_EDGE('',*,*,#2995,.T.);
#2035=ORIENTED_EDGE('',*,*,#2996,.T.);
#2036=ORIENTED_EDGE('',*,*,#2685,.T.);
#2037=CARTESIAN_POINT('',(0.350296323000016,-0.812688366057498,1.30938516333977));
#2038=DIRECTION('',(-0.965925826275688,2.54226017364053E-16,0.258819045152458));
#2039=DIRECTION('',(-1.01413697809779E-31,-1.0,9.8225390335669E-16));
#2040=ORIENTED_EDGE('',*,*,#2752,.T.);
#2041=ORIENTED_EDGE('',*,*,#2858,.T.);
#2042=ORIENTED_EDGE('',*,*,#2991,.F.);
#2043=ORIENTED_EDGE('',*,*,#2684,.F.);
#2044=CARTESIAN_POINT('',(-5.80518801823558E-17,-0.439002339178703,0.00206148933977428));
#2045=DIRECTION('',(-6.12323399573677E-17,1.0,-1.22464679914735E-16));
#2046=DIRECTION('',(6.12323399573676E-17,-1.22464679914735E-16,-1.0));
#2047=ORIENTED_EDGE('',*,*,#2750,.T.);
#2048=ORIENTED_EDGE('',*,*,#2775,.F.);
#2049=ORIENTED_EDGE('',*,*,#2917,.T.);
#2050=ORIENTED_EDGE('',*,*,#2911,.T.);
#2051=ORIENTED_EDGE('',*,*,#2964,.F.);
#2052=ORIENTED_EDGE('',*,*,#2859,.F.);
#2053=ORIENTED_EDGE('',*,*,#2753,.T.);
#2054=ORIENTED_EDGE('',*,*,#2682,.T.);
#2055=ORIENTED_EDGE('',*,*,#2997,.T.);
#2056=ORIENTED_EDGE('',*,*,#2736,.T.);
#2057=ORIENTED_EDGE('',*,*,#2740,.T.);
#2058=ORIENTED_EDGE('',*,*,#2743,.T.);
#2059=ORIENTED_EDGE('',*,*,#2998,.F.);
#2060=CARTESIAN_POINT('',(-0.746708008000002,-0.812688366057455,0.202141297339747));
#2061=DIRECTION('',(0.258819045152458,1.19210437280781E-15,0.965925826275688));
#2062=DIRECTION('',(-0.965925826275688,3.16961915204332E-17,0.258819045152458));
#2063=ORIENTED_EDGE('',*,*,#2748,.T.);
#2064=ORIENTED_EDGE('',*,*,#2747,.T.);
#2065=ORIENTED_EDGE('',*,*,#2992,.F.);
#2066=ORIENTED_EDGE('',*,*,#2776,.T.);
#2067=CARTESIAN_POINT('',(-4.39108769581168E-17,-0.669942447528046,0.00206148933976195));
#2068=DIRECTION('',(-6.12323399573677E-17,1.0,-1.22464679914735E-16));
#2069=DIRECTION('',(6.12323399573676E-17,-1.22464679914735E-16,-1.0));
#2070=ORIENTED_EDGE('',*,*,#2744,.T.);
#2071=ORIENTED_EDGE('',*,*,#2751,.F.);
#2072=ORIENTED_EDGE('',*,*,#2998,.T.);
#2073=ORIENTED_EDGE('',*,*,#2742,.F.);
#2074=CARTESIAN_POINT('',(-1.68571621741864E-17,-1.11176313905749,0.00206148933976268));
#2075=DIRECTION('',(6.12323399573677E-17,-1.0,1.22464679914735E-16));
#2076=DIRECTION('',(-6.12323399573676E-17,1.22464679914735E-16,1.0));
#2077=ORIENTED_EDGE('',*,*,#2741,.T.);
#2078=ORIENTED_EDGE('',*,*,#2999,.T.);
#2079=ORIENTED_EDGE('',*,*,#2993,.F.);
#2080=ORIENTED_EDGE('',*,*,#2745,.T.);
#2081=CARTESIAN_POINT('',(1.47447695930613E-17,-1.62786185077176,0.00206148933976097));
#2082=DIRECTION('',(6.12323399573677E-17,-1.0,1.22464679914735E-16));
#2083=DIRECTION('',(-6.12323399573676E-17,1.22464679914735E-16,1.0));
#2084=ORIENTED_EDGE('',*,*,#2738,.T.);
#2085=ORIENTED_EDGE('',*,*,#3000,.T.);
#2086=ORIENTED_EDGE('',*,*,#2994,.F.);
#2087=ORIENTED_EDGE('',*,*,#2999,.F.);
#2088=CARTESIAN_POINT('',(3.90900943368589E-17,-2.02545117629398,0.0020614893397523));
#2089=DIRECTION('',(-6.12323399573677E-17,1.0,-1.22464679914735E-16));
#2090=DIRECTION('',(6.12323399573676E-17,-1.22464679914735E-16,-1.0));
#2091=ORIENTED_EDGE('',*,*,#2734,.T.);
#2092=ORIENTED_EDGE('',*,*,#3001,.T.);
#2093=ORIENTED_EDGE('',*,*,#2995,.F.);
#2094=ORIENTED_EDGE('',*,*,#3000,.F.);
#2095=CARTESIAN_POINT('',(2.80488469669498E-17,-1.84513392273816,0.00206148933975366));
#2096=DIRECTION('',(6.12323399573677E-17,-1.0,1.22464679914735E-16));
#2097=DIRECTION('',(-6.12323399573676E-17,1.22464679914735E-16,1.0));
#2098=ORIENTED_EDGE('',*,*,#2681,.T.);
#2099=ORIENTED_EDGE('',*,*,#2996,.F.);
#2100=ORIENTED_EDGE('',*,*,#3001,.F.);
#2101=ORIENTED_EDGE('',*,*,#2737,.F.);
#2102=ORIENTED_EDGE('',*,*,#2997,.F.);
#2103=CARTESIAN_POINT('',(-4.93780010145134E-10,-1.07643784381007,0.00206148957065048));
#2104=DIRECTION('',(6.83000394575716E-17,-1.0,1.22464679914735E-16));
#2105=DIRECTION('',(-1.0,-6.83000394575716E-17,-6.34953562575214E-18));
#2106=ORIENTED_EDGE('',*,*,#2965,.F.);
#2107=ORIENTED_EDGE('',*,*,#2902,.F.);
#2108=ORIENTED_EDGE('',*,*,#2803,.T.);
#2109=ORIENTED_EDGE('',*,*,#2817,.F.);
#2110=CARTESIAN_POINT('',(-2.085,-0.575003821057499,-0.0229385106602415));
#2111=DIRECTION('',(6.12323399573676E-17,-1.22464679914735E-16,-1.0));
#2112=DIRECTION('',(0.0,-1.0,1.22464679914735E-16));
#2113=ORIENTED_EDGE('',*,*,#3002,.T.);
#2114=ORIENTED_EDGE('',*,*,#2899,.F.);
#2115=ORIENTED_EDGE('',*,*,#2889,.T.);
#2116=ORIENTED_EDGE('',*,*,#2927,.F.);
#2117=CARTESIAN_POINT('',(-0.885,0.56499617894252,-1.10793851066023));
#2118=DIRECTION('',(1.0,6.12323399573677E-17,6.12323399573676E-17));
#2119=DIRECTION('',(6.12323399573676E-17,-1.0,1.20666685240024E-15));
#2120=ORIENTED_EDGE('',*,*,#3002,.F.);
#2121=ORIENTED_EDGE('',*,*,#2926,.F.);
#2122=ORIENTED_EDGE('',*,*,#3003,.F.);
#2123=ORIENTED_EDGE('',*,*,#2900,.F.);
#2124=CARTESIAN_POINT('',(-2.085,0.56499617894254,-1.30793851066026));
#2125=DIRECTION('',(-6.12323399573676E-17,1.22464679914735E-16,1.0));
#2126=DIRECTION('',(-1.0,-7.49879891330929E-33,-6.12323399573676E-17));
#2127=ORIENTED_EDGE('',*,*,#2798,.T.);
#2128=ORIENTED_EDGE('',*,*,#2901,.F.);
#2129=ORIENTED_EDGE('',*,*,#3003,.T.);
#2130=ORIENTED_EDGE('',*,*,#2925,.F.);
#2131=CARTESIAN_POINT('',(-0.885,-0.475003821057502,-1.00793851066024));
#2132=DIRECTION('',(1.0,6.12323399573677E-17,6.12323399573676E-17));
#2133=DIRECTION('',(6.12323399573676E-17,-1.0,1.56806757656208E-15));
#2134=ORIENTED_EDGE('',*,*,#2819,.F.);
#2135=ORIENTED_EDGE('',*,*,#2928,.T.);
#2136=ORIENTED_EDGE('',*,*,#2887,.F.);
#2137=ORIENTED_EDGE('',*,*,#3004,.T.);
#2138=CARTESIAN_POINT('',(-0.81,0.56499617894253,-1.04793851066025));
#2139=DIRECTION('',(6.12323399573677E-17,-1.0,1.22464679914735E-16));
#2140=DIRECTION('',(-1.0,-6.12323399573677E-17,-6.12323399573676E-17));
#2141=ORIENTED_EDGE('',*,*,#3005,.F.);
#2142=ORIENTED_EDGE('',*,*,#2820,.T.);
#2143=ORIENTED_EDGE('',*,*,#3004,.F.);
#2144=ORIENTED_EDGE('',*,*,#2886,.T.);
#2145=ORIENTED_EDGE('',*,*,#3006,.T.);
#2146=ORIENTED_EDGE('',*,*,#3007,.T.);
#2147=ORIENTED_EDGE('',*,*,#3008,.T.);
#2148=CARTESIAN_POINT('',(-0.735000000000013,0.76499617894254,1.05206148933977));
#2149=DIRECTION('',(1.0,6.12323399573677E-17,6.12323399573676E-17));
#2150=DIRECTION('',(-6.12323399573677E-17,1.0,-1.22464679914735E-16));
#2151=ORIENTED_EDGE('',*,*,#2821,.F.);
#2152=ORIENTED_EDGE('',*,*,#3005,.T.);
#2153=ORIENTED_EDGE('',*,*,#3009,.T.);
#2154=ORIENTED_EDGE('',*,*,#3010,.F.);
#2155=CARTESIAN_POINT('',(0.695,0.56499617894255,-1.29793851066024));
#2156=DIRECTION('',(-6.12323399573676E-17,1.22464679914735E-16,1.0));
#2157=DIRECTION('',(-1.0,-7.49879891330929E-33,-6.12323399573676E-17));
#2158=ORIENTED_EDGE('',*,*,#3011,.T.);
#2159=ORIENTED_EDGE('',*,*,#2822,.F.);
#2160=ORIENTED_EDGE('',*,*,#3010,.T.);
#2161=ORIENTED_EDGE('',*,*,#3012,.F.);
#2162=ORIENTED_EDGE('',*,*,#3013,.T.);
#2163=ORIENTED_EDGE('',*,*,#3014,.T.);
#2164=ORIENTED_EDGE('',*,*,#2884,.F.);
#2165=CARTESIAN_POINT('',(0.695,0.76499617894255,1.50206148933975));
#2166=DIRECTION('',(-1.0,-6.12323399573677E-17,-6.12323399573676E-17));
#2167=DIRECTION('',(-6.12323399573677E-17,1.0,-1.22464679914735E-16));
#2168=ORIENTED_EDGE('',*,*,#3011,.F.);
#2169=ORIENTED_EDGE('',*,*,#2883,.F.);
#2170=ORIENTED_EDGE('',*,*,#3015,.F.);
#2171=ORIENTED_EDGE('',*,*,#2823,.F.);
#2172=CARTESIAN_POINT('',(0.763712846999998,0.76499617894254,-0.459021200660237));
#2173=DIRECTION('',(-0.990268068699098,1.08575133175657E-16,0.13917310126227));
#2174=DIRECTION('',(-5.27702161861269E-32,-1.0,7.80144526427189E-16));
#2175=ORIENTED_EDGE('',*,*,#2824,.F.);
#2176=ORIENTED_EDGE('',*,*,#3015,.T.);
#2177=ORIENTED_EDGE('',*,*,#2882,.F.);
#2178=ORIENTED_EDGE('',*,*,#2949,.T.);
#2179=CARTESIAN_POINT('',(0.862739653999994,0.76499617894251,-0.472938510660248));
#2180=DIRECTION('',(-6.12323399573677E-17,1.0,-1.22464679914735E-16));
#2181=DIRECTION('',(1.0,6.12323399573677E-17,6.12323399573676E-17));
#2182=ORIENTED_EDGE('',*,*,#3016,.T.);
#2183=ORIENTED_EDGE('',*,*,#3006,.F.);
#2184=ORIENTED_EDGE('',*,*,#2885,.T.);
#2185=ORIENTED_EDGE('',*,*,#3014,.F.);
#2186=CARTESIAN_POINT('',(-0.735000000000013,0.56499617894255,-1.29793851066024));
#2187=DIRECTION('',(-1.0,-6.12323399573677E-17,-6.12323399573676E-17));
#2188=DIRECTION('',(-6.12323399573676E-17,1.0,-1.20666685240024E-15));
#2189=ORIENTED_EDGE('',*,*,#3007,.F.);
#2190=ORIENTED_EDGE('',*,*,#3016,.F.);
#2191=ORIENTED_EDGE('',*,*,#3013,.F.);
#2192=ORIENTED_EDGE('',*,*,#3017,.T.);
#2193=CARTESIAN_POINT('',(-0.735000000000013,0.10499617894254,-1.49793851066025));
#2194=DIRECTION('',(6.12323399573676E-17,-1.22464679914735E-16,-1.0));
#2195=DIRECTION('',(0.0,-1.0,1.22464679914735E-16));
#2196=ORIENTED_EDGE('',*,*,#3008,.F.);
#2197=ORIENTED_EDGE('',*,*,#3017,.F.);
#2198=ORIENTED_EDGE('',*,*,#3012,.T.);
#2199=ORIENTED_EDGE('',*,*,#3009,.F.);
#2200=CARTESIAN_POINT('',(-0.735000000000013,0.10499617894251,1.30206148933975));
#2201=DIRECTION('',(6.12323399573677E-17,-1.0,1.22464679914735E-16));
#2202=DIRECTION('',(1.0,6.12323399573677E-17,6.12323399573676E-17));
#2203=ORIENTED_EDGE('',*,*,#2891,.T.);
#2204=ORIENTED_EDGE('',*,*,#2898,.F.);
#2205=ORIENTED_EDGE('',*,*,#2851,.T.);
#2206=ORIENTED_EDGE('',*,*,#3018,.T.);
#2207=CARTESIAN_POINT('',(-2.32656576999998,0.56499617894254,-0.907938510660253));
#2208=DIRECTION('',(-1.0,-6.12323399573677E-17,-6.12323399573676E-17));
#2209=DIRECTION('',(-6.12323399573677E-17,1.20666685240024E-15,1.0));
#2210=ORIENTED_EDGE('',*,*,#3019,.F.);
#2211=ORIENTED_EDGE('',*,*,#3018,.F.);
#2212=ORIENTED_EDGE('',*,*,#2850,.F.);
#2213=ORIENTED_EDGE('',*,*,#3019,.T.);
#2214=ORIENTED_EDGE('',*,*,#2849,.F.);
#2215=ORIENTED_EDGE('',*,*,#3020,.T.);
#2216=ORIENTED_EDGE('',*,*,#2892,.F.);
#2217=CARTESIAN_POINT('',(-2.72500000037769,0.564996178513675,-1.01793851096339));
#2218=DIRECTION('',(-1.64421920059296E-16,1.0,-1.22464679914735E-16));
#2219=DIRECTION('',(1.0,1.64421920059296E-16,6.57601367376686E-17));
#2220=ORIENTED_EDGE('',*,*,#2848,.T.);
#2221=ORIENTED_EDGE('',*,*,#3021,.F.);
#2222=ORIENTED_EDGE('',*,*,#2893,.T.);
#2223=ORIENTED_EDGE('',*,*,#3020,.F.);
#2224=CARTESIAN_POINT('',(-4.105,0.56499617894253,-0.517938510660242));
#2225=DIRECTION('',(-1.0,-6.12323399573677E-17,-6.12323399573676E-17));
#2226=DIRECTION('',(-6.12323399573677E-17,1.20666685240024E-15,1.0));
#2227=ORIENTED_EDGE('',*,*,#2730,.T.);
#2228=ORIENTED_EDGE('',*,*,#3022,.F.);
#2229=ORIENTED_EDGE('',*,*,#2732,.T.);
#2230=ORIENTED_EDGE('',*,*,#2909,.F.);
#2231=ORIENTED_EDGE('',*,*,#2910,.F.);
#2232=CARTESIAN_POINT('',(-13.505,-3.82105749081502E-06,0.00206148933976021));
#2233=DIRECTION('',(1.0,6.12323399573677E-17,6.12323399573676E-17));
#2234=DIRECTION('',(6.12323399573677E-17,-1.39799664754475E-15,-1.0));
#2235=ORIENTED_EDGE('',*,*,#2721,.T.);
#2236=ORIENTED_EDGE('',*,*,#3023,.T.);
#2237=ORIENTED_EDGE('',*,*,#2733,.T.);
#2238=ORIENTED_EDGE('',*,*,#3022,.T.);
#2239=CARTESIAN_POINT('',(-2.66499999999989,0.4649961789425,0.00206148933975891));
#2240=DIRECTION('',(-1.0,-6.12323399573677E-17,-6.12323399573676E-17));
#2241=DIRECTION('',(-6.12323399573677E-17,1.0,-1.22464679914735E-16));
#2242=ORIENTED_EDGE('',*,*,#2720,.T.);
#2243=ORIENTED_EDGE('',*,*,#3024,.F.);
#2244=ORIENTED_EDGE('',*,*,#2722,.T.);
#2245=ORIENTED_EDGE('',*,*,#3023,.F.);
#2246=CARTESIAN_POINT('',(-13.505,-3.82105749081502E-06,0.00206148933976021));
#2247=DIRECTION('',(1.0,6.12323399573677E-17,6.12323399573676E-17));
#2248=DIRECTION('',(6.12323399573677E-17,-1.52143522505733E-15,-1.0));
#2249=ORIENTED_EDGE('',*,*,#3025,.T.);
#2250=ORIENTED_EDGE('',*,*,#2723,.T.);
#2251=ORIENTED_EDGE('',*,*,#3024,.T.);
#2252=ORIENTED_EDGE('',*,*,#2729,.T.);
#2253=ORIENTED_EDGE('',*,*,#3026,.T.);
#2254=ORIENTED_EDGE('',*,*,#3027,.T.);
#2255=ORIENTED_EDGE('',*,*,#3028,.T.);
#2256=ORIENTED_EDGE('',*,*,#2835,.T.);
#2257=ORIENTED_EDGE('',*,*,#3029,.T.);
#2258=ORIENTED_EDGE('',*,*,#3030,.T.);
#2259=CARTESIAN_POINT('',(-2.905,0.56499617894253,-0.704595791660241));
#2260=DIRECTION('',(1.0,6.12323399573677E-17,6.12323399573676E-17));
#2261=DIRECTION('',(-6.12323399573677E-17,1.0,-1.22464679914735E-16));
#2262=ORIENTED_EDGE('',*,*,#2837,.T.);
#2263=ORIENTED_EDGE('',*,*,#3031,.T.);
#2264=ORIENTED_EDGE('',*,*,#3032,.T.);
#2265=ORIENTED_EDGE('',*,*,#3033,.T.);
#2266=ORIENTED_EDGE('',*,*,#2727,.T.);
#2267=ORIENTED_EDGE('',*,*,#2719,.T.);
#2268=ORIENTED_EDGE('',*,*,#2725,.T.);
#2269=ORIENTED_EDGE('',*,*,#3034,.T.);
#2270=ORIENTED_EDGE('',*,*,#3035,.T.);
#2271=ORIENTED_EDGE('',*,*,#3036,.T.);
#2272=CARTESIAN_POINT('',(-3.305,0.56499617894253,-0.704595791660241));
#2273=DIRECTION('',(1.0,6.12323399573677E-17,6.12323399573676E-17));
#2274=DIRECTION('',(-6.12323399573677E-17,1.0,-1.22464679914735E-16));
#2275=ORIENTED_EDGE('',*,*,#3033,.F.);
#2276=ORIENTED_EDGE('',*,*,#3037,.F.);
#2277=ORIENTED_EDGE('',*,*,#3026,.F.);
#2278=ORIENTED_EDGE('',*,*,#2728,.F.);
#2279=CARTESIAN_POINT('',(-3.305,-0.32389156405746,-0.107938510660251));
#2280=DIRECTION('',(8.36449318790232E-17,-0.866025404585463,-0.499999998612586));
#2281=DIRECTION('',(1.0,2.0487099674957E-32,1.67289864222247E-16));
#2282=ORIENTED_EDGE('',*,*,#3038,.T.);
#2283=ORIENTED_EDGE('',*,*,#3027,.F.);
#2284=ORIENTED_EDGE('',*,*,#3037,.T.);
#2285=ORIENTED_EDGE('',*,*,#3032,.F.);
#2286=CARTESIAN_POINT('',(-2.905,0.1708229209425,-0.364809135660245));
#2287=DIRECTION('',(1.0,6.12323399573677E-17,6.12323399573676E-17));
#2288=DIRECTION('',(6.12323399573677E-17,-1.56806757656208E-15,-1.0));
#2289=ORIENTED_EDGE('',*,*,#3028,.F.);
#2290=ORIENTED_EDGE('',*,*,#3038,.F.);
#2291=ORIENTED_EDGE('',*,*,#3031,.F.);
#2292=ORIENTED_EDGE('',*,*,#2836,.F.);
#2293=CARTESIAN_POINT('',(-4.105,-0.0147318690574804,-0.649721145660244));
#2294=DIRECTION('',(6.63360824742447E-17,-0.0871557425293551,-0.996194698110845));
#2295=DIRECTION('',(1.0,6.12323399573676E-17,6.12323399573676E-17));
#2296=ORIENTED_EDGE('',*,*,#3036,.F.);
#2297=ORIENTED_EDGE('',*,*,#3039,.F.);
#2298=ORIENTED_EDGE('',*,*,#3029,.F.);
#2299=ORIENTED_EDGE('',*,*,#2834,.F.);
#2300=CARTESIAN_POINT('',(-4.105,0.56499617894254,0.70456375633977));
#2301=DIRECTION('',(-5.56625823626564E-17,-0.0871557425293527,0.996194698110845));
#2302=DIRECTION('',(-1.0,-6.84273901999006E-33,-5.58752043834536E-17));
#2303=ORIENTED_EDGE('',*,*,#3040,.T.);
#2304=ORIENTED_EDGE('',*,*,#3030,.F.);
#2305=ORIENTED_EDGE('',*,*,#3039,.T.);
#2306=ORIENTED_EDGE('',*,*,#3035,.F.);
#2307=CARTESIAN_POINT('',(-2.905,0.17082292094252,0.368932114339747));
#2308=DIRECTION('',(1.0,6.12323399573677E-17,6.12323399573676E-17));
#2309=DIRECTION('',(6.12323399573677E-17,-1.56806757656208E-15,-1.0));
#2310=ORIENTED_EDGE('',*,*,#3025,.F.);
#2311=ORIENTED_EDGE('',*,*,#3040,.F.);
#2312=ORIENTED_EDGE('',*,*,#3034,.F.);
#2313=ORIENTED_EDGE('',*,*,#2724,.F.);
#2314=CARTESIAN_POINT('',(-3.305,-0.0889847000575,0.518932114339769));
#2315=DIRECTION('',(2.24125920915646E-17,-0.866025404585462,0.499999998612588));
#2316=DIRECTION('',(-1.0,8.22219618676108E-33,4.48251843075111E-17));
#2317=ORIENTED_EDGE('',*,*,#2712,.T.);
#2318=ORIENTED_EDGE('',*,*,#2711,.F.);
#2319=ORIENTED_EDGE('',*,*,#2967,.T.);
#2320=ORIENTED_EDGE('',*,*,#2759,.F.);
#2321=CARTESIAN_POINT('',(-1.68571621741864E-17,-1.11176313905749,0.00206148933976268));
#2322=DIRECTION('',(6.12323399573677E-17,-1.0,1.22464679914735E-16));
#2323=DIRECTION('',(-6.12323399573676E-17,1.22464679914735E-16,1.0));
#2324=ORIENTED_EDGE('',*,*,#2709,.T.);
#2325=ORIENTED_EDGE('',*,*,#2715,.T.);
#2326=ORIENTED_EDGE('',*,*,#2974,.F.);
#2327=ORIENTED_EDGE('',*,*,#3041,.F.);
#2328=CARTESIAN_POINT('',(1.47447695930613E-17,-1.62786185077176,0.00206148933976097));
#2329=DIRECTION('',(6.12323399573677E-17,-1.0,1.22464679914735E-16));
#2330=DIRECTION('',(-6.12323399573676E-17,1.22464679914735E-16,1.0));
#2331=ORIENTED_EDGE('',*,*,#2706,.T.);
#2332=ORIENTED_EDGE('',*,*,#3041,.T.);
#2333=ORIENTED_EDGE('',*,*,#2973,.F.);
#2334=ORIENTED_EDGE('',*,*,#3042,.T.);
#2335=CARTESIAN_POINT('',(3.90900943368589E-17,-2.02545117629398,0.0020614893397523));
#2336=DIRECTION('',(-6.12323399573677E-17,1.0,-1.22464679914735E-16));
#2337=DIRECTION('',(6.12323399573676E-17,-1.22464679914735E-16,-1.0));
#2338=ORIENTED_EDGE('',*,*,#2702,.T.);
#2339=ORIENTED_EDGE('',*,*,#3042,.F.);
#2340=ORIENTED_EDGE('',*,*,#2972,.F.);
#2341=ORIENTED_EDGE('',*,*,#3043,.F.);
#2342=CARTESIAN_POINT('',(2.80488469669498E-17,-1.84513392273816,0.00206148933975366));
#2343=DIRECTION('',(6.12323399573677E-17,-1.0,1.22464679914735E-16));
#2344=DIRECTION('',(-6.12323399573676E-17,1.22464679914735E-16,1.0));
#2345=ORIENTED_EDGE('',*,*,#2676,.T.);
#2346=ORIENTED_EDGE('',*,*,#2968,.F.);
#2347=ORIENTED_EDGE('',*,*,#2703,.T.);
#2348=ORIENTED_EDGE('',*,*,#3043,.T.);
#2349=ORIENTED_EDGE('',*,*,#2971,.F.);
#2350=CARTESIAN_POINT('',(-4.93780010145134E-10,-1.07643784381007,0.00206148957065048));
#2351=DIRECTION('',(6.83000394575716E-17,-1.0,1.22464679914735E-16));
#2352=DIRECTION('',(-1.0,-6.83000394575716E-17,-6.34953562575214E-18));
#2353=ORIENTED_EDGE('',*,*,#2698,.T.);
#2354=ORIENTED_EDGE('',*,*,#2696,.F.);
#2355=ORIENTED_EDGE('',*,*,#3044,.F.);
#2356=ORIENTED_EDGE('',*,*,#2700,.T.);
#2357=ORIENTED_EDGE('',*,*,#2966,.F.);
#2358=CARTESIAN_POINT('',(-4.97241912107263E-17,-0.575003821033321,0.00206148933974649));
#2359=DIRECTION('',(-6.12323399573677E-17,1.0,-1.22464679914735E-16));
#2360=DIRECTION('',(-1.0,-6.12323399573677E-17,-6.12323399573676E-17));
#2361=ORIENTED_EDGE('',*,*,#2693,.T.);
#2362=ORIENTED_EDGE('',*,*,#2701,.T.);
#2363=ORIENTED_EDGE('',*,*,#3044,.T.);
#2364=ORIENTED_EDGE('',*,*,#2695,.T.);
#2365=ORIENTED_EDGE('',*,*,#3045,.F.);
#2366=CARTESIAN_POINT('',(-2.82928722256474E-17,-0.925003821033321,0.00206148933974261));
#2367=DIRECTION('',(-6.12323399573677E-17,1.0,-1.22464679914735E-16));
#2368=DIRECTION('',(6.12323399573676E-17,-1.22464679914735E-16,-1.0));
#2369=ORIENTED_EDGE('',*,*,#2694,.T.);
#2370=ORIENTED_EDGE('',*,*,#3045,.T.);
#2371=ORIENTED_EDGE('',*,*,#3046,.F.);
#2372=ORIENTED_EDGE('',*,*,#3047,.T.);
#2373=ORIENTED_EDGE('',*,*,#3048,.F.);
#2374=ORIENTED_EDGE('',*,*,#3049,.T.);
#2375=CARTESIAN_POINT('',(0.657800000000014,-1.2750038210333,0.659861489339766));
#2376=DIRECTION('',(6.12323399573677E-17,-1.0,1.22464679914735E-16));
#2377=DIRECTION('',(1.0,6.12323399573677E-17,6.12323399573676E-17));
#2378=ORIENTED_EDGE('',*,*,#3050,.T.);
#2379=ORIENTED_EDGE('',*,*,#3051,.T.);
#2380=ORIENTED_EDGE('',*,*,#3052,.T.);
#2381=ORIENTED_EDGE('',*,*,#3053,.F.);
#2382=ORIENTED_EDGE('',*,*,#3054,.T.);
#2383=ORIENTED_EDGE('',*,*,#3055,.F.);
#2384=ORIENTED_EDGE('',*,*,#3046,.T.);
#2385=ORIENTED_EDGE('',*,*,#3056,.F.);
#2386=ORIENTED_EDGE('',*,*,#3057,.T.);
#2387=ORIENTED_EDGE('',*,*,#3058,.F.);
#2388=CARTESIAN_POINT('',(-0.25,-0.37500382103329,0.402061489339751));
#2389=DIRECTION('',(-1.0,-6.12323399573677E-17,-6.12323399573676E-17));
#2390=DIRECTION('',(-6.12323399573677E-17,1.0,-1.22464679914735E-16));
#2391=ORIENTED_EDGE('',*,*,#3056,.T.);
#2392=ORIENTED_EDGE('',*,*,#3049,.F.);
#2393=ORIENTED_EDGE('',*,*,#3059,.T.);
#2394=ORIENTED_EDGE('',*,*,#3060,.T.);
#2395=CARTESIAN_POINT('',(-0.25,-0.37500382103329,-0.397938510660235));
#2396=DIRECTION('',(6.12323399573676E-17,-1.22464679914735E-16,-1.0));
#2397=DIRECTION('',(0.0,-1.0,1.22464679914735E-16));
#2398=ORIENTED_EDGE('',*,*,#3061,.F.);
#2399=ORIENTED_EDGE('',*,*,#3057,.F.);
#2400=ORIENTED_EDGE('',*,*,#3060,.F.);
#2401=ORIENTED_EDGE('',*,*,#3062,.F.);
#2402=CARTESIAN_POINT('',(0.250000000193096,-1.22500382145594,-0.279955488660046));
#2403=DIRECTION('',(-1.02002044249261E-10,-0.946405513339801,-0.322980811070919));
#2404=DIRECTION('',(1.0,-5.12017022522587E-26,-3.15814564682804E-10));
#2405=ORIENTED_EDGE('',*,*,#3061,.T.);
#2406=ORIENTED_EDGE('',*,*,#3063,.T.);
#2407=ORIENTED_EDGE('',*,*,#3064,.T.);
#2408=ORIENTED_EDGE('',*,*,#3058,.T.);
#2409=CARTESIAN_POINT('',(-0.295582852511994,-1.20355109007949,-0.272634292660024));
#2410=DIRECTION('',(-8.78342638195461E-10,0.322980807474319,-0.946405514567216));
#2411=DIRECTION('',(1.0,2.71948882354542E-09,6.12323395399523E-17));
#2412=ORIENTED_EDGE('',*,*,#3065,.T.);
#2413=ORIENTED_EDGE('',*,*,#3066,.T.);
#2414=ORIENTED_EDGE('',*,*,#3067,.T.);
#2415=ORIENTED_EDGE('',*,*,#3063,.F.);
#2416=ORIENTED_EDGE('',*,*,#3062,.T.);
#2417=ORIENTED_EDGE('',*,*,#3059,.F.);
#2418=ORIENTED_EDGE('',*,*,#3048,.T.);
#2419=ORIENTED_EDGE('',*,*,#3068,.F.);
#2420=ORIENTED_EDGE('',*,*,#3069,.T.);
#2421=ORIENTED_EDGE('',*,*,#3070,.F.);
#2422=CARTESIAN_POINT('',(0.25,-0.37500382103329,-0.397938510660235));
#2423=DIRECTION('',(1.0,6.12323399573677E-17,6.12323399573676E-17));
#2424=DIRECTION('',(-6.12323399573677E-17,1.0,-1.22464679914735E-16));
#2425=ORIENTED_EDGE('',*,*,#3067,.F.);
#2426=ORIENTED_EDGE('',*,*,#3071,.T.);
#2427=ORIENTED_EDGE('',*,*,#3050,.F.);
#2428=ORIENTED_EDGE('',*,*,#3064,.F.);
#2429=CARTESIAN_POINT('',(-0.603513079418111,-0.837030602267067,-0.278197515660049));
#2430=DIRECTION('',(1.219192133724E-10,-0.193493172556418,-0.981101621736531));
#2431=DIRECTION('',(1.0,6.30095375906368E-10,6.12323398436562E-17));
#2432=ORIENTED_EDGE('',*,*,#3072,.F.);
#2433=ORIENTED_EDGE('',*,*,#3065,.F.);
#2434=ORIENTED_EDGE('',*,*,#3073,.T.);
#2435=ORIENTED_EDGE('',*,*,#3052,.F.);
#2436=CARTESIAN_POINT('',(-0.603513079418111,-0.837030602267077,0.282320494339973));
#2437=DIRECTION('',(-1.2191892668865E-10,0.193493172556416,-0.981101621736532));
#2438=DIRECTION('',(1.0,6.30094515238002E-10,6.12323398696257E-17));
#2439=ORIENTED_EDGE('',*,*,#3074,.T.);
#2440=ORIENTED_EDGE('',*,*,#3053,.T.);
#2441=ORIENTED_EDGE('',*,*,#3073,.F.);
#2442=ORIENTED_EDGE('',*,*,#3070,.T.);
#2443=CARTESIAN_POINT('',(-0.295582852511994,-1.20355109007951,0.276757271339961));
#2444=DIRECTION('',(8.7834225449635E-10,-0.322980807474321,-0.946405514567215));
#2445=DIRECTION('',(1.0,2.71948727670315E-09,6.12323396401569E-17));
#2446=ORIENTED_EDGE('',*,*,#3074,.F.);
#2447=ORIENTED_EDGE('',*,*,#3069,.F.);
#2448=ORIENTED_EDGE('',*,*,#3075,.F.);
#2449=ORIENTED_EDGE('',*,*,#3054,.F.);
#2450=CARTESIAN_POINT('',(-0.250000000096423,-1.17655669974175,0.426039294339954));
#2451=DIRECTION('',(1.02001710259851E-10,0.9464055133398,-0.32298081107092));
#2452=DIRECTION('',(1.0,-1.07777996900106E-10,6.12323399666916E-17));
#2453=ORIENTED_EDGE('',*,*,#3068,.T.);
#2454=ORIENTED_EDGE('',*,*,#3047,.F.);
#2455=ORIENTED_EDGE('',*,*,#3055,.T.);
#2456=ORIENTED_EDGE('',*,*,#3075,.T.);
#2457=CARTESIAN_POINT('',(0.25,-0.37500382103329,0.402061489339751));
#2458=DIRECTION('',(-6.12323399573676E-17,1.22464679914735E-16,1.0));
#2459=DIRECTION('',(-1.0,-7.49879891330929E-33,-6.12323399573676E-17));
#2460=ORIENTED_EDGE('',*,*,#3076,.F.);
#2461=ORIENTED_EDGE('',*,*,#3077,.F.);
#2462=ORIENTED_EDGE('',*,*,#3078,.F.);
#2463=ORIENTED_EDGE('',*,*,#2846,.F.);
#2464=CARTESIAN_POINT('',(-4.105,-0.0147318690574804,-0.649721145660244));
#2465=DIRECTION('',(6.63360824742447E-17,-0.0871557425293551,-0.996194698110845));
#2466=DIRECTION('',(1.0,6.12323399573676E-17,6.12323399573676E-17));
#2467=ORIENTED_EDGE('',*,*,#3077,.T.);
#2468=ORIENTED_EDGE('',*,*,#3079,.F.);
#2469=ORIENTED_EDGE('',*,*,#2793,.T.);
#2470=ORIENTED_EDGE('',*,*,#3080,.F.);
#2471=CARTESIAN_POINT('',(-3.705,0.0114148539425499,-0.350862736660238));
#2472=DIRECTION('',(1.0,6.12323399573677E-17,6.12323399573676E-17));
#2473=DIRECTION('',(6.12323399573677E-17,-1.56806757656208E-15,-1.0));
#2474=ORIENTED_EDGE('',*,*,#3071,.F.);
#2475=ORIENTED_EDGE('',*,*,#3066,.F.);
#2476=ORIENTED_EDGE('',*,*,#3072,.T.);
#2477=ORIENTED_EDGE('',*,*,#3051,.F.);
#2478=CARTESIAN_POINT('',(0.835,-0.575003821033292,1.01406148933974));
#2479=DIRECTION('',(6.12323399573677E-17,-1.0,1.22464679914735E-16));
#2480=DIRECTION('',(1.0,6.12323399573677E-17,6.12323399573676E-17));
#2481=ORIENTED_EDGE('',*,*,#2788,.T.);
#2482=ORIENTED_EDGE('',*,*,#2795,.T.);
#2483=ORIENTED_EDGE('',*,*,#2794,.T.);
#2484=ORIENTED_EDGE('',*,*,#3079,.T.);
#2485=ORIENTED_EDGE('',*,*,#3076,.T.);
#2486=ORIENTED_EDGE('',*,*,#2845,.T.);
#2487=ORIENTED_EDGE('',*,*,#2862,.T.);
#2488=ORIENTED_EDGE('',*,*,#2863,.T.);
#2489=CARTESIAN_POINT('',(-3.705,0.56499617894251,0.00790647533975266));
#2490=DIRECTION('',(1.0,6.12323399573677E-17,6.12323399573676E-17));
#2491=DIRECTION('',(-6.12323399573677E-17,1.0,-1.22464679914735E-16));
#2492=ORIENTED_EDGE('',*,*,#2792,.T.);
#2493=ORIENTED_EDGE('',*,*,#2784,.T.);
#2494=ORIENTED_EDGE('',*,*,#2790,.T.);
#2495=ORIENTED_EDGE('',*,*,#2864,.T.);
#2496=ORIENTED_EDGE('',*,*,#2860,.T.);
#2497=ORIENTED_EDGE('',*,*,#2843,.F.);
#2498=ORIENTED_EDGE('',*,*,#2866,.T.);
#2499=ORIENTED_EDGE('',*,*,#2894,.F.);
#2500=ORIENTED_EDGE('',*,*,#3021,.T.);
#2501=ORIENTED_EDGE('',*,*,#2847,.F.);
#2502=ORIENTED_EDGE('',*,*,#3078,.T.);
#2503=ORIENTED_EDGE('',*,*,#3080,.T.);
#2504=CARTESIAN_POINT('',(-4.105,0.76499617894256,-0.726578510660251));
#2505=DIRECTION('',(1.0,6.12323399573677E-17,6.12323399573676E-17));
#2506=DIRECTION('',(-6.12323399573677E-17,1.0,-1.22464679914735E-16));
#2507=ORIENTED_EDGE('',*,*,#2782,.F.);
#2508=ORIENTED_EDGE('',*,*,#2791,.F.);
#2509=CARTESIAN_POINT('',(-25.0,7.85949075372664,7.86155606412391));
#2510=DIRECTION('',(-8.65956056235493E-17,0.707106781186547,0.707106781186548));
#2511=DIRECTION('',(8.41818317935709E-32,-0.707106781186548,0.707106781186547));
#2512=ORIENTED_EDGE('',*,*,#3081,.F.);
#2513=ORIENTED_EDGE('',*,*,#3082,.T.);
#2514=ORIENTED_EDGE('',*,*,#3083,.F.);
#2515=ORIENTED_EDGE('',*,*,#3084,.F.);
#2516=CARTESIAN_POINT('',(-46.5,-3.82105749276658E-06,0.00206148933975969));
#2517=DIRECTION('',(-1.0,-6.12323399573677E-17,-6.12323399573676E-17));
#2518=DIRECTION('',(6.12323399573677E-17,-1.0,1.22464679914735E-16));
#2519=ORIENTED_EDGE('',*,*,#3085,.F.);
#2520=ORIENTED_EDGE('',*,*,#3086,.T.);
#2521=ORIENTED_EDGE('',*,*,#3087,.F.);
#2522=ORIENTED_EDGE('',*,*,#3088,.F.);
#2523=CARTESIAN_POINT('',(-46.5,-3.82105749276683E-06,-2.84730334007301E-15));
#2524=DIRECTION('',(-1.0,-6.12323399573677E-17,-6.12323399573676E-17));
#2525=DIRECTION('',(6.12323399573677E-17,-1.0,1.22464679914735E-16));
#2526=ORIENTED_EDGE('',*,*,#3089,.F.);
#2527=ORIENTED_EDGE('',*,*,#3090,.T.);
#2528=ORIENTED_EDGE('',*,*,#3091,.F.);
#2529=ORIENTED_EDGE('',*,*,#3092,.F.);
#2530=CARTESIAN_POINT('',(-46.5,-3.82105749276683E-06,-2.84730334007301E-15));
#2531=DIRECTION('',(-1.0,-6.12323399573677E-17,-6.12323399573676E-17));
#2532=DIRECTION('',(6.12323399573677E-17,-1.0,1.22464679914735E-16));
#2533=ORIENTED_EDGE('',*,*,#3093,.F.);
#2534=ORIENTED_EDGE('',*,*,#3094,.T.);
#2535=ORIENTED_EDGE('',*,*,#3095,.F.);
#2536=ORIENTED_EDGE('',*,*,#3096,.T.);
#2537=ORIENTED_EDGE('',*,*,#3097,.T.);
#2538=ORIENTED_EDGE('',*,*,#3098,.T.);
#2539=CARTESIAN_POINT('',(-9.075,-3.82105749059817E-06,0.00206148933976048));
#2540=DIRECTION('',(1.0,6.12323399573677E-17,6.12323399573676E-17));
#2541=DIRECTION('',(6.12323399573677E-17,-1.2738298188374E-15,-1.0));
#2542=ORIENTED_EDGE('',*,*,#3093,.T.);
#2543=ORIENTED_EDGE('',*,*,#3099,.T.);
#2544=ORIENTED_EDGE('',*,*,#3095,.T.);
#2545=ORIENTED_EDGE('',*,*,#3100,.T.);
#2546=CARTESIAN_POINT('',(-9.075,-3.82105749059817E-06,0.00206148933976048));
#2547=DIRECTION('',(1.0,6.12323399573677E-17,6.12323399573676E-17));
#2548=DIRECTION('',(6.12323399573677E-17,-1.2738298188374E-15,-1.0));
#2549=ORIENTED_EDGE('',*,*,#3090,.F.);
#2550=ORIENTED_EDGE('',*,*,#3101,.F.);
#2551=CARTESIAN_POINT('',(-50.0,-3.82105749298367E-06,-3.0616165299238E-15));
#2552=DIRECTION('',(1.0,6.12323399573677E-17,6.12323399573676E-17));
#2553=DIRECTION('',(-6.12323399573677E-17,1.0,-1.22464679914735E-16));
#2554=ORIENTED_EDGE('',*,*,#3089,.T.);
#2555=ORIENTED_EDGE('',*,*,#3102,.F.);
#2556=ORIENTED_EDGE('',*,*,#3091,.T.);
#2557=ORIENTED_EDGE('',*,*,#3101,.T.);
#2558=CARTESIAN_POINT('',(-46.5,-3.82105749276683E-06,-2.84730334007301E-15));
#2559=DIRECTION('',(-1.0,-6.12323399573677E-17,-6.12323399573676E-17));
#2560=DIRECTION('',(6.12323399573677E-17,-1.0,1.22464679914735E-16));
#2561=ORIENTED_EDGE('',*,*,#3092,.T.);
#2562=ORIENTED_EDGE('',*,*,#3102,.T.);
#2563=ORIENTED_EDGE('',*,*,#3086,.F.);
#2564=ORIENTED_EDGE('',*,*,#3103,.F.);
#2565=CARTESIAN_POINT('',(-48.0,0.239996178942517,-2.9685433731886E-15));
#2566=DIRECTION('',(1.0,6.12323399573677E-17,6.12323399573676E-17));
#2567=DIRECTION('',(-6.12323399573677E-17,1.0,-1.22464679914735E-16));
#2568=ORIENTED_EDGE('',*,*,#3104,.F.);
#2569=ORIENTED_EDGE('',*,*,#3105,.T.);
#2570=ORIENTED_EDGE('',*,*,#3106,.T.);
#2571=ORIENTED_EDGE('',*,*,#3107,.F.);
#2572=CARTESIAN_POINT('',(-43.3,-0.843403821057467,-17.2));
#2573=DIRECTION('',(-6.12323399573677E-17,1.0,-1.22464679914735E-16));
#2574=DIRECTION('',(-6.12323399573676E-17,1.22464679914735E-16,1.0));
#2575=ORIENTED_EDGE('',*,*,#3085,.T.);
#2576=ORIENTED_EDGE('',*,*,#3108,.F.);
#2577=ORIENTED_EDGE('',*,*,#3087,.T.);
#2578=ORIENTED_EDGE('',*,*,#3103,.T.);
#2579=CARTESIAN_POINT('',(-46.5,-3.82105749276683E-06,-2.84730334007301E-15));
#2580=DIRECTION('',(-1.0,-6.12323399573677E-17,-6.12323399573676E-17));
#2581=DIRECTION('',(6.12323399573677E-17,-1.0,1.22464679914735E-16));
#2582=ORIENTED_EDGE('',*,*,#3109,.T.);
#2583=ORIENTED_EDGE('',*,*,#3110,.F.);
#2584=ORIENTED_EDGE('',*,*,#3111,.F.);
#2585=ORIENTED_EDGE('',*,*,#3107,.T.);
#2586=CARTESIAN_POINT('',(-52.3,-0.843403821057464,-17.2));
#2587=DIRECTION('',(1.0,6.12323399573677E-17,6.12323399573676E-17));
#2588=DIRECTION('',(-6.12323399573677E-17,1.0,-1.22464679914735E-16));
#2589=ORIENTED_EDGE('',*,*,#3112,.T.);
#2590=ORIENTED_EDGE('',*,*,#3113,.T.);
#2591=ORIENTED_EDGE('',*,*,#3104,.T.);
#2592=ORIENTED_EDGE('',*,*,#3111,.T.);
#2593=CARTESIAN_POINT('',(1.05319624726672E-15,-1.385,-17.2));
#2594=DIRECTION('',(6.12323399573676E-17,-1.22464679914735E-16,-1.0));
#2595=DIRECTION('',(0.0,-1.0,1.22464679914735E-16));
#2596=ORIENTED_EDGE('',*,*,#3114,.T.);
#2597=ORIENTED_EDGE('',*,*,#3105,.F.);
#2598=ORIENTED_EDGE('',*,*,#3113,.F.);
#2599=ORIENTED_EDGE('',*,*,#3115,.T.);
#2600=CARTESIAN_POINT('',(-43.3,-0.590003821057464,-17.2));
#2601=DIRECTION('',(-1.0,-6.12323399573677E-17,-6.12323399573676E-17));
#2602=DIRECTION('',(-6.12323399573677E-17,1.0,-1.22464679914735E-16));
#2603=ORIENTED_EDGE('',*,*,#3106,.F.);
#2604=ORIENTED_EDGE('',*,*,#3114,.F.);
#2605=ORIENTED_EDGE('',*,*,#3116,.F.);
#2606=ORIENTED_EDGE('',*,*,#3109,.F.);
#2607=CARTESIAN_POINT('',(-1.08381241724541E-15,-1.385,17.7));
#2608=DIRECTION('',(6.12323399573676E-17,-1.22464679914735E-16,-1.0));
#2609=DIRECTION('',(0.0,-1.0,1.22464679914735E-16));
#2610=ORIENTED_EDGE('',*,*,#3117,.T.);
#2611=ORIENTED_EDGE('',*,*,#3084,.T.);
#2612=ORIENTED_EDGE('',*,*,#3118,.T.);
#2613=ORIENTED_EDGE('',*,*,#3119,.T.);
#2614=ORIENTED_EDGE('',*,*,#3120,.T.);
#2615=ORIENTED_EDGE('',*,*,#3088,.T.);
#2616=ORIENTED_EDGE('',*,*,#3108,.T.);
#2617=CARTESIAN_POINT('',(-46.5,-3.82105749276658E-06,0.00206148933975969));
#2618=DIRECTION('',(-1.0,-6.12323399573677E-17,-6.12323399573676E-17));
#2619=DIRECTION('',(-6.12323399573677E-17,1.0,-1.22464679914735E-16));
#2620=ORIENTED_EDGE('',*,*,#3081,.T.);
#2621=ORIENTED_EDGE('',*,*,#3117,.F.);
#2622=ORIENTED_EDGE('',*,*,#3121,.T.);
#2623=ORIENTED_EDGE('',*,*,#3122,.T.);
#2624=CARTESIAN_POINT('',(-46.5,-3.82105749276658E-06,0.00206148933975969));
#2625=DIRECTION('',(-1.0,-6.12323399573677E-17,-6.12323399573676E-17));
#2626=DIRECTION('',(6.12323399573677E-17,-1.0,1.22464679914735E-16));
#2627=ORIENTED_EDGE('',*,*,#3083,.T.);
#2628=ORIENTED_EDGE('',*,*,#3123,.T.);
#2629=ORIENTED_EDGE('',*,*,#3124,.T.);
#2630=ORIENTED_EDGE('',*,*,#3125,.F.);
#2631=ORIENTED_EDGE('',*,*,#3118,.F.);
#2632=CARTESIAN_POINT('',(-46.5,-3.82105749282046E-06,-0.43793851066024));
#2633=DIRECTION('',(-6.12323399573676E-17,2.14346219955856E-16,1.0));
#2634=DIRECTION('',(-5.62612169560437E-33,-1.0,2.14346219955856E-16));
#2635=ORIENTED_EDGE('',*,*,#3126,.F.);
#2636=ORIENTED_EDGE('',*,*,#3127,.F.);
#2637=ORIENTED_EDGE('',*,*,#3119,.F.);
#2638=ORIENTED_EDGE('',*,*,#3125,.T.);
#2639=ORIENTED_EDGE('',*,*,#3116,.T.);
#2640=ORIENTED_EDGE('',*,*,#3115,.F.);
#2641=ORIENTED_EDGE('',*,*,#3112,.F.);
#2642=ORIENTED_EDGE('',*,*,#3110,.T.);
#2643=CARTESIAN_POINT('',(-52.3,-0.590003821057464,-17.2));
#2644=DIRECTION('',(6.12323399573677E-17,-1.0,1.22464679914735E-16));
#2645=DIRECTION('',(1.0,6.12323399573677E-17,6.12323399573676E-17));
#2646=ORIENTED_EDGE('',*,*,#3128,.T.);
#2647=ORIENTED_EDGE('',*,*,#3129,.T.);
#2648=ORIENTED_EDGE('',*,*,#3121,.F.);
#2649=ORIENTED_EDGE('',*,*,#3120,.F.);
#2650=ORIENTED_EDGE('',*,*,#3127,.T.);
#2651=CARTESIAN_POINT('',(-46.5,-0.590003821057647,0.44206148933976));
#2652=DIRECTION('',(6.12323399573676E-17,-1.22464679914735E-16,-1.0));
#2653=DIRECTION('',(0.0,-1.0,1.22464679914735E-16));
#2654=ORIENTED_EDGE('',*,*,#3129,.F.);
#2655=ORIENTED_EDGE('',*,*,#3096,.F.);
#2656=ORIENTED_EDGE('',*,*,#3099,.F.);
#2657=ORIENTED_EDGE('',*,*,#3098,.F.);
#2658=ORIENTED_EDGE('',*,*,#3123,.F.);
#2659=ORIENTED_EDGE('',*,*,#3082,.F.);
#2660=ORIENTED_EDGE('',*,*,#3122,.F.);
#2661=CARTESIAN_POINT('',(-43.5,-3.82105749254974E-06,0.00206148933975988));
#2662=DIRECTION('',(1.0,6.12323399573677E-17,6.12323399573676E-17));
#2663=DIRECTION('',(-6.12323399573677E-17,1.0,-1.22464679914735E-16));
#2664=ORIENTED_EDGE('',*,*,#3097,.F.);
#2665=ORIENTED_EDGE('',*,*,#3128,.F.);
#2666=ORIENTED_EDGE('',*,*,#3126,.T.);
#2667=ORIENTED_EDGE('',*,*,#3124,.F.);
#2668=CARTESIAN_POINT('',(-43.5,-3.82105749254974E-06,0.00206148933975988));
#2669=DIRECTION('',(-1.0,-6.12323399573677E-17,-6.12323399573676E-17));
#2670=DIRECTION('',(-6.12323399573677E-17,1.0,-1.22464679914735E-16));
#2671=ORIENTED_EDGE('',*,*,#3094,.F.);
#2672=ORIENTED_EDGE('',*,*,#3100,.F.);
#2673=CARTESIAN_POINT('',(-25.0,7.85949075372664,-7.85743308544439));
#2674=DIRECTION('',(8.11585293437255E-32,0.707106781186547,-0.707106781186548));
#2675=DIRECTION('',(-8.65956056235493E-17,0.707106781186548,0.707106781186547));
#2676=EDGE_CURVE('',#3130,#3131,#3132,.T.);
#2677=EDGE_CURVE('',#3133,#3130,#3134,.T.);
#2678=EDGE_CURVE('',#3135,#3133,#3136,.T.);
#2679=EDGE_CURVE('',#3137,#3135,#3138,.T.);
#2680=EDGE_CURVE('',#3131,#3137,#3139,.T.);
#2681=EDGE_CURVE('',#3140,#3141,#3142,.T.);
#2682=EDGE_CURVE('',#3143,#3140,#3144,.T.);
#2683=EDGE_CURVE('',#3143,#3145,#3146,.T.);
#2684=EDGE_CURVE('',#3145,#3147,#3148,.T.);
#2685=EDGE_CURVE('',#3141,#3147,#3149,.T.);
#2686=EDGE_CURVE('',#3150,#3151,#3152,.T.);
#2687=EDGE_CURVE('',#3153,#3150,#3154,.T.);
#2688=EDGE_CURVE('',#3155,#3153,#3156,.F.);
#2689=EDGE_CURVE('',#3155,#3151,#3157,.T.);
#2690=EDGE_CURVE('',#3151,#3158,#3159,.T.);
#2691=EDGE_CURVE('',#3160,#3155,#3161,.F.);
#2692=EDGE_CURVE('',#3158,#3160,#3162,.T.);
#2693=EDGE_CURVE('',#3163,#3164,#3165,.T.);
#2694=EDGE_CURVE('',#3166,#3163,#3167,.T.);
#2695=EDGE_CURVE('',#3168,#3166,#3169,.T.);
#2696=EDGE_CURVE('',#3168,#3170,#3171,.T.);
#2697=EDGE_CURVE('',#3170,#3164,#3172,.T.);
#2698=EDGE_CURVE('',#3173,#3170,#3174,.T.);
#2699=EDGE_CURVE('',#3175,#3173,#3176,.T.);
#2700=EDGE_CURVE('',#3177,#3175,#3178,.T.);
#2701=EDGE_CURVE('',#3164,#3177,#3179,.T.);
#2702=EDGE_CURVE('',#3180,#3181,#3182,.T.);
#2703=EDGE_CURVE('',#3183,#3180,#3184,.T.);
#2704=EDGE_CURVE('',#3185,#3183,#3186,.T.);
#2705=EDGE_CURVE('',#3181,#3185,#3187,.T.);
#2706=EDGE_CURVE('',#3181,#3188,#3189,.T.);
#2707=EDGE_CURVE('',#3190,#3185,#3191,.T.);
#2708=EDGE_CURVE('',#3190,#3188,#3192,.T.);
#2709=EDGE_CURVE('',#3188,#3193,#3194,.T.);
#2710=EDGE_CURVE('',#3195,#3190,#3196,.T.);
#2711=EDGE_CURVE('',#3195,#3193,#3197,.T.);
#2712=EDGE_CURVE('',#3198,#3193,#3199,.T.);
#2713=EDGE_CURVE('',#3200,#3198,#3201,.T.);
#2714=EDGE_CURVE('',#3200,#3202,#3203,.T.);
#2715=EDGE_CURVE('',#3193,#3202,#3204,.T.);
#2716=EDGE_CURVE('',#3205,#3206,#3207,.T.);
#2717=EDGE_CURVE('',#3208,#3206,#3209,.T.);
#2718=EDGE_CURVE('',#3208,#3210,#3211,.T.);
#2719=EDGE_CURVE('',#3205,#3210,#3212,.T.);
#2720=EDGE_CURVE('',#3213,#3214,#3215,.T.);
#2721=EDGE_CURVE('',#3216,#3213,#3217,.T.);
#2722=EDGE_CURVE('',#3218,#3216,#3219,.T.);
#2723=EDGE_CURVE('',#3220,#3218,#3221,.T.);
#2724=EDGE_CURVE('',#3220,#3222,#3223,.T.);
#2725=EDGE_CURVE('',#3210,#3222,#3224,.T.);
#2726=EDGE_CURVE('',#3206,#3208,#3225,.T.);
#2727=EDGE_CURVE('',#3226,#3205,#3227,.T.);
#2728=EDGE_CURVE('',#3226,#3228,#3229,.T.);
#2729=EDGE_CURVE('',#3214,#3228,#3230,.T.);
#2730=EDGE_CURVE('',#3231,#3232,#3233,.T.);
#2731=EDGE_CURVE('',#3234,#3231,#3235,.T.);
#2732=EDGE_CURVE('',#3236,#3234,#3237,.T.);
#2733=EDGE_CURVE('',#3232,#3236,#3238,.T.);
#2734=EDGE_CURVE('',#3239,#3240,#3241,.T.);
#2735=EDGE_CURVE('',#3242,#3239,#3243,.T.);
#2736=EDGE_CURVE('',#3244,#3242,#3245,.T.);
#2737=EDGE_CURVE('',#3244,#3240,#3246,.T.);
#2738=EDGE_CURVE('',#3247,#3239,#3248,.T.);
#2739=EDGE_CURVE('',#3249,#3247,#3250,.T.);
#2740=EDGE_CURVE('',#3242,#3249,#3251,.T.);
#2741=EDGE_CURVE('',#3252,#3247,#3253,.T.);
#2742=EDGE_CURVE('',#3252,#3254,#3255,.T.);
#2743=EDGE_CURVE('',#3249,#3254,#3256,.T.);
#2744=EDGE_CURVE('',#3252,#3257,#3258,.T.);
#2745=EDGE_CURVE('',#3259,#3252,#3260,.T.);
#2746=EDGE_CURVE('',#3259,#3261,#3262,.T.);
#2747=EDGE_CURVE('',#3257,#3261,#3263,.T.);
#2748=EDGE_CURVE('',#3264,#3257,#3265,.T.);
#2749=EDGE_CURVE('',#3264,#3266,#3267,.T.);
#2750=EDGE_CURVE('',#3268,#3266,#3269,.T.);
#2751=EDGE_CURVE('',#3268,#3257,#3270,.T.);
#2752=EDGE_CURVE('',#3145,#3271,#3272,.T.);
#2753=EDGE_CURVE('',#3273,#3143,#3274,.T.);
#2754=EDGE_CURVE('',#3273,#3271,#3275,.T.);
#2755=EDGE_CURVE('',#3276,#3158,#3277,.T.);
#2756=EDGE_CURVE('',#3276,#3278,#3279,.T.);
#2757=EDGE_CURVE('',#3151,#3278,#3280,.T.);
#2758=EDGE_CURVE('',#3198,#3281,#3282,.T.);
#2759=EDGE_CURVE('',#3198,#3283,#3284,.T.);
#2760=EDGE_CURVE('',#3285,#3283,#3286,.T.);
#2761=EDGE_CURVE('',#3285,#3281,#3287,.T.);
#2762=EDGE_CURVE('',#3288,#3135,#3289,.T.);
#2763=EDGE_CURVE('',#3288,#3290,#3291,.T.);
#2764=EDGE_CURVE('',#3137,#3290,#3292,.T.);
#2765=EDGE_CURVE('',#3293,#3294,#3295,.T.);
#2766=EDGE_CURVE('',#3296,#3293,#3297,.T.);
#2767=EDGE_CURVE('',#3296,#3298,#3299,.T.);
#2768=EDGE_CURVE('',#3294,#3298,#3300,.T.);
#2769=EDGE_CURVE('',#3301,#3302,#3303,.T.);
#2770=EDGE_CURVE('',#3304,#3301,#3305,.T.);
#2771=EDGE_CURVE('',#3304,#3306,#3307,.T.);
#2772=EDGE_CURVE('',#3308,#3306,#3309,.T.);
#2773=EDGE_CURVE('',#3308,#3310,#3311,.T.);
#2774=EDGE_CURVE('',#3310,#3312,#3313,.T.);
#2775=EDGE_CURVE('',#3312,#3266,#3314,.T.);
#2776=EDGE_CURVE('',#3315,#3264,#3316,.T.);
#2777=EDGE_CURVE('',#3315,#3317,#3318,.T.);
#2778=EDGE_CURVE('',#3319,#3317,#3320,.T.);
#2779=EDGE_CURVE('',#3319,#3321,#3322,.T.);
#2780=EDGE_CURVE('',#3302,#3321,#3323,.T.);
#2781=EDGE_CURVE('',#3324,#3325,#3326,.T.);
#2782=EDGE_CURVE('',#3325,#3327,#3328,.T.);
#2783=EDGE_CURVE('',#3327,#3329,#3330,.T.);
#2784=EDGE_CURVE('',#3324,#3329,#3331,.T.);
#2785=EDGE_CURVE('',#3332,#3333,#3334,.T.);
#2786=EDGE_CURVE('',#3335,#3332,#3336,.T.);
#2787=EDGE_CURVE('',#3337,#3335,#3338,.T.);
#2788=EDGE_CURVE('',#3339,#3337,#3340,.T.);
#2789=EDGE_CURVE('',#3341,#3339,#3342,.T.);
#2790=EDGE_CURVE('',#3329,#3341,#3343,.T.);
#2791=EDGE_CURVE('',#3327,#3325,#3344,.T.);
#2792=EDGE_CURVE('',#3345,#3324,#3346,.T.);
#2793=EDGE_CURVE('',#3347,#3345,#3348,.T.);
#2794=EDGE_CURVE('',#3333,#3347,#3349,.T.);
#2795=EDGE_CURVE('',#3337,#3333,#3350,.T.);
#2796=EDGE_CURVE('',#3351,#3335,#3352,.T.);
#2797=EDGE_CURVE('',#3332,#3351,#3353,.T.);
#2798=EDGE_CURVE('',#3354,#3355,#3356,.T.);
#2799=EDGE_CURVE('',#3357,#3354,#3358,.T.);
#2800=EDGE_CURVE('',#3359,#3357,#3360,.T.);
#2801=EDGE_CURVE('',#3361,#3359,#3362,.T.);
#2802=EDGE_CURVE('',#3361,#3363,#3364,.T.);
#2803=EDGE_CURVE('',#3365,#3363,#3366,.T.);
#2804=EDGE_CURVE('',#3365,#3355,#3367,.T.);
#2805=EDGE_CURVE('',#3368,#3302,#3369,.T.);
#2806=EDGE_CURVE('',#3368,#3370,#3371,.T.);
#2807=EDGE_CURVE('',#3372,#3370,#3373,.T.);
#2808=EDGE_CURVE('',#3372,#3374,#3375,.T.);
#2809=EDGE_CURVE('',#3281,#3374,#3376,.T.);
#2810=EDGE_CURVE('',#3285,#3359,#3377,.T.);
#2811=EDGE_CURVE('',#3357,#3378,#3379,.T.);
#2812=EDGE_CURVE('',#3380,#3378,#3381,.T.);
#2813=EDGE_CURVE('',#3380,#3382,#3383,.T.);
#2814=EDGE_CURVE('',#3301,#3382,#3384,.F.);
#2815=EDGE_CURVE('',#3361,#3385,#3386,.T.);
#2816=EDGE_CURVE('',#3387,#3385,#3388,.T.);
#2817=EDGE_CURVE('',#3387,#3363,#3389,.T.);
#2818=EDGE_CURVE('',#3390,#3391,#3392,.T.);
#2819=EDGE_CURVE('',#3391,#3393,#3394,.T.);
#2820=EDGE_CURVE('',#3395,#3393,#3396,.T.);
#2821=EDGE_CURVE('',#3395,#3397,#3398,.T.);
#2822=EDGE_CURVE('',#3397,#3399,#3400,.T.);
#2823=EDGE_CURVE('',#3399,#3401,#3402,.T.);
#2824=EDGE_CURVE('',#3401,#3403,#3404,.T.);
#2825=EDGE_CURVE('',#3403,#3405,#3406,.T.);
#2826=EDGE_CURVE('',#3407,#3405,#3408,.T.);
#2827=EDGE_CURVE('',#3407,#3409,#3410,.T.);
#2828=EDGE_CURVE('',#3409,#3411,#3412,.T.);
#2829=EDGE_CURVE('',#3411,#3413,#3414,.T.);
#2830=EDGE_CURVE('',#3413,#3415,#3416,.T.);
#2831=EDGE_CURVE('',#3415,#3417,#3418,.T.);
#2832=EDGE_CURVE('',#3419,#3417,#3420,.T.);
#2833=EDGE_CURVE('',#3419,#3390,#3421,.T.);
#2834=EDGE_CURVE('',#3422,#3423,#3424,.T.);
#2835=EDGE_CURVE('',#3425,#3423,#3426,.T.);
#2836=EDGE_CURVE('',#3425,#3427,#3428,.T.);
#2837=EDGE_CURVE('',#3422,#3427,#3429,.T.);
#2838=EDGE_CURVE('',#3430,#3431,#3432,.T.);
#2839=EDGE_CURVE('',#3433,#3430,#3434,.F.);
#2840=EDGE_CURVE('',#3433,#3435,#3436,.T.);
#2841=EDGE_CURVE('',#3435,#3437,#3438,.F.);
#2842=EDGE_CURVE('',#3439,#3437,#3440,.F.);
#2843=EDGE_CURVE('',#3439,#3441,#3442,.T.);
#2844=EDGE_CURVE('',#3441,#3443,#3444,.T.);
#2845=EDGE_CURVE('',#3445,#3443,#3446,.T.);
#2846=EDGE_CURVE('',#3445,#3447,#3448,.T.);
#2847=EDGE_CURVE('',#3447,#3449,#3450,.T.);
#2848=EDGE_CURVE('',#3451,#3449,#3452,.F.);
#2849=EDGE_CURVE('',#3451,#3453,#3454,.F.);
#2850=EDGE_CURVE('',#3453,#3455,#3456,.T.);
#2851=EDGE_CURVE('',#3431,#3455,#3457,.F.);
#2852=EDGE_CURVE('',#3378,#3308,#3458,.T.);
#2853=EDGE_CURVE('',#3306,#3459,#3460,.T.);
#2854=EDGE_CURVE('',#3461,#3459,#3462,.T.);
#2855=EDGE_CURVE('',#3461,#3380,#3463,.T.);
#2856=EDGE_CURVE('',#3464,#3465,#3466,.T.);
#2857=EDGE_CURVE('',#3464,#3467,#3468,.T.);
#2858=EDGE_CURVE('',#3271,#3467,#3469,.T.);
#2859=EDGE_CURVE('',#3273,#3465,#3470,.T.);
#2860=EDGE_CURVE('',#3471,#3441,#3472,.T.);
#2861=EDGE_CURVE('',#3473,#3471,#3474,.T.);
#2862=EDGE_CURVE('',#3443,#3473,#3475,.T.);
#2863=EDGE_CURVE('',#3473,#3339,#3476,.T.);
#2864=EDGE_CURVE('',#3341,#3471,#3477,.T.);
#2865=EDGE_CURVE('',#3478,#3479,#3480,.T.);
#2866=EDGE_CURVE('',#3439,#3479,#3481,.T.);
#2867=EDGE_CURVE('',#3478,#3437,#3482,.T.);
#2868=EDGE_CURVE('',#3478,#3483,#3484,.T.);
#2869=EDGE_CURVE('',#3485,#3483,#3486,.T.);
#2870=EDGE_CURVE('',#3487,#3485,#3488,.T.);
#2871=EDGE_CURVE('',#3489,#3487,#3490,.T.);
#2872=EDGE_CURVE('',#3491,#3489,#3492,.T.);
#2873=EDGE_CURVE('',#3491,#3493,#3494,.T.);
#2874=EDGE_CURVE('',#3495,#3493,#3496,.T.);
#2875=EDGE_CURVE('',#3497,#3495,#3498,.T.);
#2876=EDGE_CURVE('',#3497,#3499,#3500,.T.);
#2877=EDGE_CURVE('',#3499,#3501,#3502,.T.);
#2878=EDGE_CURVE('',#3501,#3503,#3504,.T.);
#2879=EDGE_CURVE('',#3503,#3505,#3506,.T.);
#2880=EDGE_CURVE('',#3507,#3505,#3508,.T.);
#2881=EDGE_CURVE('',#3509,#3507,#3510,.T.);
#2882=EDGE_CURVE('',#3509,#3511,#3512,.T.);
#2883=EDGE_CURVE('',#3511,#3513,#3514,.T.);
#2884=EDGE_CURVE('',#3513,#3515,#3516,.T.);
#2885=EDGE_CURVE('',#3517,#3515,#3518,.T.);
#2886=EDGE_CURVE('',#3519,#3517,#3520,.T.);
#2887=EDGE_CURVE('',#3519,#3521,#3522,.T.);
#2888=EDGE_CURVE('',#3523,#3521,#3524,.T.);
#2889=EDGE_CURVE('',#3525,#3523,#3526,.T.);
#2890=EDGE_CURVE('',#3527,#3525,#3528,.T.);
#2891=EDGE_CURVE('',#3529,#3527,#3530,.T.);
#2892=EDGE_CURVE('',#3529,#3531,#3532,.T.);
#2893=EDGE_CURVE('',#3533,#3531,#3534,.T.);
#2894=EDGE_CURVE('',#3533,#3479,#3535,.T.);
#2895=EDGE_CURVE('',#3435,#3483,#3536,.T.);
#2896=EDGE_CURVE('',#3483,#3433,#3537,.T.);
#2897=EDGE_CURVE('',#3485,#3430,#3538,.T.);
#2898=EDGE_CURVE('',#3431,#3527,#3539,.T.);
#2899=EDGE_CURVE('',#3525,#3540,#3541,.T.);
#2900=EDGE_CURVE('',#3540,#3542,#3543,.T.);
#2901=EDGE_CURVE('',#3542,#3355,#3544,.T.);
#2902=EDGE_CURVE('',#3365,#3545,#3546,.T.);
#2903=EDGE_CURVE('',#3545,#3547,#3548,.T.);
#2904=EDGE_CURVE('',#3547,#3549,#3550,.T.);
#2905=EDGE_CURVE('',#3551,#3549,#3552,.T.);
#2906=EDGE_CURVE('',#3551,#3553,#3554,.T.);
#2907=EDGE_CURVE('',#3553,#3555,#3556,.T.);
#2908=EDGE_CURVE('',#3555,#3487,#3557,.T.);
#2909=EDGE_CURVE('',#3558,#3234,#3559,.T.);
#2910=EDGE_CURVE('',#3231,#3558,#3560,.T.);
#2911=EDGE_CURVE('',#3561,#3562,#3563,.T.);
#2912=EDGE_CURVE('',#3564,#3561,#3565,.T.);
#2913=EDGE_CURVE('',#3566,#3564,#3567,.T.);
#2914=EDGE_CURVE('',#3562,#3566,#3568,.T.);
#2915=EDGE_CURVE('',#3564,#3549,#3569,.T.);
#2916=EDGE_CURVE('',#3566,#3547,#3570,.T.);
#2917=EDGE_CURVE('',#3312,#3561,#3571,.T.);
#2918=EDGE_CURVE('',#3572,#3310,#3573,.T.);
#2919=EDGE_CURVE('',#3551,#3572,#3574,.T.);
#2920=EDGE_CURVE('',#3575,#3572,#3576,.T.);
#2921=EDGE_CURVE('',#3575,#3553,#3577,.T.);
#2922=EDGE_CURVE('',#3555,#3578,#3579,.T.);
#2923=EDGE_CURVE('',#3578,#3575,#3580,.T.);
#2924=EDGE_CURVE('',#3489,#3578,#3581,.T.);
#2925=EDGE_CURVE('',#3354,#3582,#3583,.T.);
#2926=EDGE_CURVE('',#3582,#3584,#3585,.T.);
#2927=EDGE_CURVE('',#3584,#3523,#3586,.T.);
#2928=EDGE_CURVE('',#3391,#3521,#3587,.T.);
#2929=EDGE_CURVE('',#3491,#3390,#3588,.T.);
#2930=EDGE_CURVE('',#3419,#3493,#3589,.T.);
#2931=EDGE_CURVE('',#3590,#3417,#3591,.T.);
#2932=EDGE_CURVE('',#3590,#3592,#3593,.T.);
#2933=EDGE_CURVE('',#3594,#3592,#3595,.T.);
#2934=EDGE_CURVE('',#3594,#3495,#3596,.T.);
#2935=EDGE_CURVE('',#3594,#3597,#3598,.T.);
#2936=EDGE_CURVE('',#3497,#3597,#3599,.T.);
#2937=EDGE_CURVE('',#3499,#3413,#3600,.T.);
#2938=EDGE_CURVE('',#3597,#3601,#3602,.T.);
#2939=EDGE_CURVE('',#3603,#3601,#3604,.T.);
#2940=EDGE_CURVE('',#3603,#3415,#3605,.T.);
#2941=EDGE_CURVE('',#3603,#3590,#3606,.T.);
#2942=EDGE_CURVE('',#3592,#3601,#3607,.T.);
#2943=EDGE_CURVE('',#3501,#3411,#3608,.T.);
#2944=EDGE_CURVE('',#3409,#3503,#3609,.T.);
#2945=EDGE_CURVE('',#3304,#3505,#3610,.T.);
#2946=EDGE_CURVE('',#3407,#3459,#3611,.T.);
#2947=EDGE_CURVE('',#3507,#3382,#3612,.T.);
#2948=EDGE_CURVE('',#3461,#3405,#3613,.T.);
#2949=EDGE_CURVE('',#3509,#3403,#3614,.T.);
#2950=EDGE_CURVE('',#3615,#3616,#3617,.T.);
#2951=EDGE_CURVE('',#3618,#3616,#3619,.T.);
#2952=EDGE_CURVE('',#3618,#3290,#3620,.T.);
#2953=EDGE_CURVE('',#3615,#3288,#3621,.T.);
#2954=EDGE_CURVE('',#3296,#3153,#3622,.T.);
#2955=EDGE_CURVE('',#3293,#3623,#3624,.T.);
#2956=EDGE_CURVE('',#3160,#3623,#3625,.T.);
#2957=EDGE_CURVE('',#3626,#3294,#3627,.T.);
#2958=EDGE_CURVE('',#3626,#3623,#3628,.T.);
#2959=EDGE_CURVE('',#3385,#3618,#3629,.T.);
#2960=EDGE_CURVE('',#3372,#3616,#3630,.T.);
#2961=EDGE_CURVE('',#3626,#3370,#3631,.T.);
#2962=EDGE_CURVE('',#3319,#3298,#3632,.T.);
#2963=EDGE_CURVE('',#3464,#3317,#3633,.T.);
#2964=EDGE_CURVE('',#3465,#3562,#3634,.T.);
#2965=EDGE_CURVE('',#3545,#3387,#3635,.T.);
#2966=EDGE_CURVE('',#3173,#3175,#3636,.T.);
#2967=EDGE_CURVE('',#3195,#3283,#3637,.T.);
#2968=EDGE_CURVE('',#3183,#3131,#3638,.T.);
#2969=EDGE_CURVE('',#3615,#3133,#3639,.T.);
#2970=EDGE_CURVE('',#3200,#3374,#3640,.T.);
#2971=EDGE_CURVE('',#3130,#3641,#3642,.T.);
#2972=EDGE_CURVE('',#3641,#3643,#3644,.T.);
#2973=EDGE_CURVE('',#3643,#3645,#3646,.T.);
#2974=EDGE_CURVE('',#3645,#3202,#3647,.T.);
#2975=EDGE_CURVE('',#3648,#3321,#3649,.T.);
#2976=EDGE_CURVE('',#3648,#3650,#3651,.T.);
#2977=EDGE_CURVE('',#3368,#3650,#3652,.T.);
#2978=EDGE_CURVE('',#3653,#3650,#3654,.T.);
#2979=EDGE_CURVE('',#3653,#3655,#3656,.T.);
#2980=EDGE_CURVE('',#3655,#3657,#3658,.T.);
#2981=EDGE_CURVE('',#3657,#3276,#3659,.T.);
#2982=EDGE_CURVE('',#3278,#3660,#3661,.T.);
#2983=EDGE_CURVE('',#3150,#3660,#3662,.T.);
#2984=EDGE_CURVE('',#3660,#3663,#3664,.T.);
#2985=EDGE_CURVE('',#3663,#3665,#3666,.T.);
#2986=EDGE_CURVE('',#3665,#3667,#3668,.T.);
#2987=EDGE_CURVE('',#3648,#3667,#3669,.T.);
#2988=EDGE_CURVE('',#3653,#3667,#3670,.T.);
#2989=EDGE_CURVE('',#3665,#3655,#3671,.T.);
#2990=EDGE_CURVE('',#3657,#3663,#3672,.T.);
#2991=EDGE_CURVE('',#3147,#3467,#3673,.T.);
#2992=EDGE_CURVE('',#3315,#3261,#3674,.T.);
#2993=EDGE_CURVE('',#3259,#3675,#3676,.T.);
#2994=EDGE_CURVE('',#3675,#3677,#3678,.T.);
#2995=EDGE_CURVE('',#3677,#3679,#3680,.T.);
#2996=EDGE_CURVE('',#3679,#3141,#3681,.T.);
#2997=EDGE_CURVE('',#3140,#3244,#3682,.T.);
#2998=EDGE_CURVE('',#3268,#3254,#3683,.T.);
#2999=EDGE_CURVE('',#3247,#3675,#3684,.T.);
#3000=EDGE_CURVE('',#3239,#3677,#3685,.T.);
#3001=EDGE_CURVE('',#3240,#3679,#3686,.T.);
#3002=EDGE_CURVE('',#3584,#3540,#3687,.T.);
#3003=EDGE_CURVE('',#3542,#3582,#3688,.T.);
#3004=EDGE_CURVE('',#3519,#3393,#3689,.T.);
#3005=EDGE_CURVE('',#3395,#3690,#3691,.T.);
#3006=EDGE_CURVE('',#3517,#3692,#3693,.T.);
#3007=EDGE_CURVE('',#3692,#3694,#3695,.T.);
#3008=EDGE_CURVE('',#3694,#3690,#3696,.T.);
#3009=EDGE_CURVE('',#3690,#3697,#3698,.T.);
#3010=EDGE_CURVE('',#3397,#3697,#3699,.T.);
#3011=EDGE_CURVE('',#3513,#3399,#3700,.T.);
#3012=EDGE_CURVE('',#3701,#3697,#3702,.T.);
#3013=EDGE_CURVE('',#3701,#3703,#3704,.T.);
#3014=EDGE_CURVE('',#3703,#3515,#3705,.T.);
#3015=EDGE_CURVE('',#3401,#3511,#3706,.T.);
#3016=EDGE_CURVE('',#3703,#3692,#3707,.T.);
#3017=EDGE_CURVE('',#3701,#3694,#3708,.T.);
#3018=EDGE_CURVE('',#3455,#3529,#3709,.T.);
#3019=EDGE_CURVE('',#3529,#3453,#3710,.T.);
#3020=EDGE_CURVE('',#3451,#3531,#3711,.T.);
#3021=EDGE_CURVE('',#3533,#3449,#3712,.T.);
#3022=EDGE_CURVE('',#3236,#3232,#3713,.T.);
#3023=EDGE_CURVE('',#3213,#3216,#3714,.T.);
#3024=EDGE_CURVE('',#3218,#3214,#3715,.T.);
#3025=EDGE_CURVE('',#3716,#3220,#3717,.T.);
#3026=EDGE_CURVE('',#3228,#3718,#3719,.T.);
#3027=EDGE_CURVE('',#3718,#3720,#3721,.T.);
#3028=EDGE_CURVE('',#3720,#3425,#3722,.T.);
#3029=EDGE_CURVE('',#3423,#3723,#3724,.T.);
#3030=EDGE_CURVE('',#3723,#3716,#3725,.T.);
#3031=EDGE_CURVE('',#3427,#3726,#3727,.T.);
#3032=EDGE_CURVE('',#3726,#3728,#3729,.T.);
#3033=EDGE_CURVE('',#3728,#3226,#3730,.T.);
#3034=EDGE_CURVE('',#3222,#3731,#3732,.T.);
#3035=EDGE_CURVE('',#3731,#3733,#3734,.T.);
#3036=EDGE_CURVE('',#3733,#3422,#3735,.T.);
#3037=EDGE_CURVE('',#3718,#3728,#3736,.T.);
#3038=EDGE_CURVE('',#3726,#3720,#3737,.T.);
#3039=EDGE_CURVE('',#3723,#3733,#3738,.T.);
#3040=EDGE_CURVE('',#3731,#3716,#3739,.T.);
#3041=EDGE_CURVE('',#3188,#3645,#3740,.T.);
#3042=EDGE_CURVE('',#3643,#3181,#3741,.T.);
#3043=EDGE_CURVE('',#3180,#3641,#3742,.T.);
#3044=EDGE_CURVE('',#3177,#3168,#3743,.T.);
#3045=EDGE_CURVE('',#3163,#3166,#3744,.T.);
#3046=EDGE_CURVE('',#3745,#3746,#3747,.T.);
#3047=EDGE_CURVE('',#3745,#3748,#3749,.T.);
#3048=EDGE_CURVE('',#3750,#3748,#3751,.T.);
#3049=EDGE_CURVE('',#3750,#3746,#3752,.T.);
#3050=EDGE_CURVE('',#3753,#3754,#3755,.T.);
#3051=EDGE_CURVE('',#3754,#3756,#3757,.T.);
#3052=EDGE_CURVE('',#3756,#3758,#3759,.T.);
#3053=EDGE_CURVE('',#3760,#3758,#3761,.T.);
#3054=EDGE_CURVE('',#3760,#3762,#3763,.T.);
#3055=EDGE_CURVE('',#3745,#3762,#3764,.T.);
#3056=EDGE_CURVE('',#3765,#3746,#3766,.T.);
#3057=EDGE_CURVE('',#3765,#3767,#3768,.T.);
#3058=EDGE_CURVE('',#3753,#3767,#3769,.T.);
#3059=EDGE_CURVE('',#3750,#3770,#3771,.T.);
#3060=EDGE_CURVE('',#3770,#3765,#3772,.T.);
#3061=EDGE_CURVE('',#3767,#3773,#3774,.T.);
#3062=EDGE_CURVE('',#3773,#3770,#3775,.T.);
#3063=EDGE_CURVE('',#3773,#3776,#3777,.T.);
#3064=EDGE_CURVE('',#3776,#3753,#3778,.T.);
#3065=EDGE_CURVE('',#3779,#3780,#3781,.T.);
#3066=EDGE_CURVE('',#3780,#3782,#3783,.T.);
#3067=EDGE_CURVE('',#3782,#3776,#3784,.T.);
#3068=EDGE_CURVE('',#3785,#3748,#3786,.T.);
#3069=EDGE_CURVE('',#3785,#3787,#3788,.T.);
#3070=EDGE_CURVE('',#3779,#3787,#3789,.T.);
#3071=EDGE_CURVE('',#3782,#3754,#3790,.T.);
#3072=EDGE_CURVE('',#3780,#3756,#3791,.T.);
#3073=EDGE_CURVE('',#3779,#3758,#3792,.T.);
#3074=EDGE_CURVE('',#3787,#3760,#3793,.T.);
#3075=EDGE_CURVE('',#3762,#3785,#3794,.T.);
#3076=EDGE_CURVE('',#3795,#3445,#3796,.T.);
#3077=EDGE_CURVE('',#3797,#3795,#3798,.T.);
#3078=EDGE_CURVE('',#3447,#3797,#3799,.T.);
#3079=EDGE_CURVE('',#3347,#3795,#3800,.T.);
#3080=EDGE_CURVE('',#3797,#3345,#3801,.T.);
#3081=EDGE_CURVE('',#3802,#3803,#3804,.T.);
#3082=EDGE_CURVE('',#3802,#3805,#3806,.T.);
#3083=EDGE_CURVE('',#3807,#3805,#3808,.T.);
#3084=EDGE_CURVE('',#3803,#3807,#3809,.T.);
#3085=EDGE_CURVE('',#3810,#3811,#3812,.T.);
#3086=EDGE_CURVE('',#3810,#3813,#3814,.T.);
#3087=EDGE_CURVE('',#3815,#3813,#3816,.T.);
#3088=EDGE_CURVE('',#3811,#3815,#3817,.T.);
#3089=EDGE_CURVE('',#3818,#3819,#3820,.T.);
#3090=EDGE_CURVE('',#3818,#3821,#3822,.T.);
#3091=EDGE_CURVE('',#3823,#3821,#3824,.T.);
#3092=EDGE_CURVE('',#3819,#3823,#3825,.T.);
#3093=EDGE_CURVE('',#3826,#3827,#3828,.T.);
#3094=EDGE_CURVE('',#3826,#3829,#3830,.T.);
#3095=EDGE_CURVE('',#3831,#3829,#3832,.T.);
#3096=EDGE_CURVE('',#3831,#3833,#3834,.T.);
#3097=EDGE_CURVE('',#3833,#3835,#3836,.T.);
#3098=EDGE_CURVE('',#3835,#3827,#3837,.T.);
#3099=EDGE_CURVE('',#3827,#3831,#3838,.T.);
#3100=EDGE_CURVE('',#3829,#3826,#3839,.T.);
#3101=EDGE_CURVE('',#3821,#3818,#3840,.T.);
#3102=EDGE_CURVE('',#3823,#3819,#3841,.T.);
#3103=EDGE_CURVE('',#3813,#3810,#3842,.T.);
#3104=EDGE_CURVE('',#3843,#3844,#3845,.T.);
#3105=EDGE_CURVE('',#3843,#3846,#3847,.T.);
#3106=EDGE_CURVE('',#3846,#3848,#3849,.T.);
#3107=EDGE_CURVE('',#3844,#3848,#3850,.T.);
#3108=EDGE_CURVE('',#3815,#3811,#3851,.T.);
#3109=EDGE_CURVE('',#3848,#3852,#3853,.T.);
#3110=EDGE_CURVE('',#3854,#3852,#3855,.T.);
#3111=EDGE_CURVE('',#3844,#3854,#3856,.T.);
#3112=EDGE_CURVE('',#3854,#3857,#3858,.T.);
#3113=EDGE_CURVE('',#3857,#3843,#3859,.T.);
#3114=EDGE_CURVE('',#3860,#3846,#3861,.T.);
#3115=EDGE_CURVE('',#3857,#3860,#3862,.T.);
#3116=EDGE_CURVE('',#3852,#3860,#3863,.T.);
#3117=EDGE_CURVE('',#3864,#3803,#3865,.T.);
#3118=EDGE_CURVE('',#3807,#3866,#3867,.T.);
#3119=EDGE_CURVE('',#3866,#3868,#3869,.T.);
#3120=EDGE_CURVE('',#3868,#3864,#3870,.T.);
#3121=EDGE_CURVE('',#3864,#3871,#3872,.T.);
#3122=EDGE_CURVE('',#3871,#3802,#3873,.T.);
#3123=EDGE_CURVE('',#3805,#3835,#3874,.T.);
#3124=EDGE_CURVE('',#3835,#3875,#3876,.T.);
#3125=EDGE_CURVE('',#3866,#3875,#3877,.T.);
#3126=EDGE_CURVE('',#3878,#3875,#3879,.T.);
#3127=EDGE_CURVE('',#3868,#3878,#3880,.T.);
#3128=EDGE_CURVE('',#3878,#3833,#3881,.T.);
#3129=EDGE_CURVE('',#3833,#3871,#3882,.T.);
#3130=VERTEX_POINT('',#3883);
#3131=VERTEX_POINT('',#3884);
#3132=CIRCLE('',#3885,0.776490074218606);
#3133=VERTEX_POINT('',#3886);
#3134=CIRCLE('',#3887,0.148509925748038);
#3135=VERTEX_POINT('',#3888);
#3136=CIRCLE('',#3889,0.850744478637186);
#3137=VERTEX_POINT('',#3890);
#3138=CIRCLE('',#3891,0.850744478637186);
#3139=CIRCLE('',#3892,0.148509925748038);
#3140=VERTEX_POINT('',#3893);
#3141=VERTEX_POINT('',#3894);
#3142=CIRCLE('',#3895,0.776490074218606);
#3143=VERTEX_POINT('',#3896);
#3144=CIRCLE('',#3897,0.148509925748038);
#3145=VERTEX_POINT('',#3898);
#3146=CIRCLE('',#3899,0.850744851732629);
#3147=VERTEX_POINT('',#3900);
#3148=CIRCLE('',#3901,0.850744851732629);
#3149=CIRCLE('',#3902,0.148509925748038);
#3150=VERTEX_POINT('',#3903);
#3151=VERTEX_POINT('',#3904);
#3152=CIRCLE('',#3905,0.776490074218606);
#3153=VERTEX_POINT('',#3906);
#3154=CIRCLE('',#3907,0.148509925748038);
#3155=VERTEX_POINT('',#3908);
#3156=CIRCLE('',#3909,0.850744850830587);
#3157=CIRCLE('',#3910,0.148509925748038);
#3158=VERTEX_POINT('',#3911);
#3159=CIRCLE('',#3912,0.776490074218606);
#3160=VERTEX_POINT('',#3913);
#3161=CIRCLE('',#3914,0.850744850830587);
#3162=CIRCLE('',#3915,0.148509925748038);
#3163=VERTEX_POINT('',#3916);
#3164=VERTEX_POINT('',#3917);
#3165=LINE('',#3918,#3919);
#3166=VERTEX_POINT('',#3920);
#3167=CIRCLE('',#3921,0.649999237034426);
#3168=VERTEX_POINT('',#3922);
#3169=LINE('',#3923,#3924);
#3170=VERTEX_POINT('',#3925);
#3171=CIRCLE('',#3926,0.75);
#3172=CIRCLE('',#3927,0.75);
#3173=VERTEX_POINT('',#3928);
#3174=LINE('',#3929,#3930);
#3175=VERTEX_POINT('',#3931);
#3176=CIRCLE('',#3932,0.75);
#3177=VERTEX_POINT('',#3933);
#3178=LINE('',#3934,#3935);
#3179=CIRCLE('',#3936,0.75);
#3180=VERTEX_POINT('',#3937);
#3181=VERTEX_POINT('',#3938);
#3182=LINE('',#3939,#3940);
#3183=VERTEX_POINT('',#3941);
#3184=CIRCLE('',#3942,0.866972260521517);
#3185=VERTEX_POINT('',#3943);
#3186=LINE('',#3944,#3945);
#3187=CIRCLE('',#3946,1.27185338407758);
#3188=VERTEX_POINT('',#3947);
#3189=LINE('',#3948,#3949);
#3190=VERTEX_POINT('',#3950);
#3191=LINE('',#3951,#3952);
#3192=CIRCLE('',#3953,1.3499997664682);
#3193=VERTEX_POINT('',#3954);
#3194=LINE('',#3955,#3956);
#3195=VERTEX_POINT('',#3957);
#3196=LINE('',#3958,#3959);
#3197=CIRCLE('',#3960,1.14);
#3198=VERTEX_POINT('',#3961);
#3199=LINE('',#3962,#3963);
#3200=VERTEX_POINT('',#3964);
#3201=CIRCLE('',#3965,1.14);
#3202=VERTEX_POINT('',#3966);
#3203=LINE('',#3967,#3968);
#3204=CIRCLE('',#3969,1.14);
#3205=VERTEX_POINT('',#3970);
#3206=VERTEX_POINT('',#3971);
#3207=LINE('',#3972,#3973);
#3208=VERTEX_POINT('',#3974);
#3209=CIRCLE('',#3975,0.465);
#3210=VERTEX_POINT('',#3976);
#3211=LINE('',#3977,#3978);
#3212=CIRCLE('',#3979,0.465);
#3213=VERTEX_POINT('',#3980);
#3214=VERTEX_POINT('',#3981);
#3215=LINE('',#3982,#3983);
#3216=VERTEX_POINT('',#3984);
#3217=CIRCLE('',#3985,0.465);
#3218=VERTEX_POINT('',#3986);
#3219=LINE('',#3987,#3988);
#3220=VERTEX_POINT('',#3989);
#3221=CIRCLE('',#3990,0.465);
#3222=VERTEX_POINT('',#3991);
#3223=LINE('',#3992,#3993);
#3224=CIRCLE('',#3994,0.465);
#3225=CIRCLE('',#3995,0.465);
#3226=VERTEX_POINT('',#3996);
#3227=CIRCLE('',#3997,0.465);
#3228=VERTEX_POINT('',#3998);
#3229=LINE('',#3999,#4000);
#3230=CIRCLE('',#4001,0.465);
#3231=VERTEX_POINT('',#4002);
#3232=VERTEX_POINT('',#4003);
#3233=LINE('',#4004,#4005);
#3234=VERTEX_POINT('',#4006);
#3235=CIRCLE('',#4007,0.34);
#3236=VERTEX_POINT('',#4008);
#3237=LINE('',#4009,#4010);
#3238=CIRCLE('',#4011,0.34);
#3239=VERTEX_POINT('',#4012);
#3240=VERTEX_POINT('',#4013);
#3241=LINE('',#4014,#4015);
#3242=VERTEX_POINT('',#4016);
#3243=CIRCLE('',#4017,1.27185338407758);
#3244=VERTEX_POINT('',#4018);
#3245=LINE('',#4019,#4020);
#3246=CIRCLE('',#4021,0.86697175029804);
#3247=VERTEX_POINT('',#4022);
#3248=LINE('',#4023,#4024);
#3249=VERTEX_POINT('',#4025);
#3250=CIRCLE('',#4026,1.3499997664682);
#3251=LINE('',#4027,#4028);
#3252=VERTEX_POINT('',#4029);
#3253=LINE('',#4030,#4031);
#3254=VERTEX_POINT('',#4032);
#3255=CIRCLE('',#4033,1.14);
#3256=LINE('',#4034,#4035);
#3257=VERTEX_POINT('',#4036);
#3258=LINE('',#4037,#4038);
#3259=VERTEX_POINT('',#4039);
#3260=CIRCLE('',#4040,1.14);
#3261=VERTEX_POINT('',#4041);
#3262=LINE('',#4042,#4043);
#3263=CIRCLE('',#4044,1.14);
#3264=VERTEX_POINT('',#4045);
#3265=LINE('',#4046,#4047);
#3266=VERTEX_POINT('',#4048);
#3267=CIRCLE('',#4049,1.225);
#3268=VERTEX_POINT('',#4050);
#3269=LINE('',#4051,#4052);
#3270=CIRCLE('',#4053,1.14);
#3271=VERTEX_POINT('',#4054);
#3272=LINE('',#4055,#4056);
#3273=VERTEX_POINT('',#4057);
#3274=LINE('',#4058,#4059);
#3275=CIRCLE('',#4060,1.025);
#3276=VERTEX_POINT('',#4061);
#3277=CIRCLE('',#4062,0.148509925748038);
#3278=VERTEX_POINT('',#4063);
#3279=CIRCLE('',#4064,0.866972260590209);
#3280=CIRCLE('',#4065,0.148509925748038);
#3281=VERTEX_POINT('',#4066);
#3282=LINE('',#4067,#4068);
#3283=VERTEX_POINT('',#4069);
#3284=CIRCLE('',#4070,1.14);
#3285=VERTEX_POINT('',#4071);
#3286=LINE('',#4072,#4073);
#3287=CIRCLE('',#4074,1.225);
#3288=VERTEX_POINT('',#4075);
#3289=LINE('',#4076,#4077);
#3290=VERTEX_POINT('',#4078);
#3291=CIRCLE('',#4079,1.025);
#3292=LINE('',#4080,#4081);
#3293=VERTEX_POINT('',#4082);
#3294=VERTEX_POINT('',#4083);
#3295=LINE('',#4084,#4085);
#3296=VERTEX_POINT('',#4086);
#3297=CIRCLE('',#4087,1.025);
#3298=VERTEX_POINT('',#4088);
#3299=LINE('',#4089,#4090);
#3300=CIRCLE('',#4091,1.025);
#3301=VERTEX_POINT('',#4092);
#3302=VERTEX_POINT('',#4093);
#3303=LINE('',#4094,#4095);
#3304=VERTEX_POINT('',#4096);
#3305=B_SPLINE_CURVE_WITH_KNOTS('',3,(#4097,#4098,#4099,#4100),.UNSPECIFIED.,.F.,.F.,(4,4),(5.03546342202357E-15,0.000416346474799112),.UNSPECIFIED.);
#3306=VERTEX_POINT('',#4101);
#3307=LINE('',#4102,#4103);
#3308=VERTEX_POINT('',#4104);
#3309=CIRCLE('',#4105,1.225);
#3310=VERTEX_POINT('',#4106);
#3311=LINE('',#4107,#4108);
#3312=VERTEX_POINT('',#4109);
#3313=CIRCLE('',#4110,1.225);
#3314=LINE('',#4111,#4112);
#3315=VERTEX_POINT('',#4113);
#3316=CIRCLE('',#4114,1.225);
#3317=VERTEX_POINT('',#4115);
#3318=LINE('',#4116,#4117);
#3319=VERTEX_POINT('',#4118);
#3320=CIRCLE('',#4119,1.225);
#3321=VERTEX_POINT('',#4120);
#3322=LINE('',#4121,#4122);
#3323=CIRCLE('',#4123,1.225);
#3324=VERTEX_POINT('',#4124);
#3325=VERTEX_POINT('',#4125);
#3326=LINE('',#4126,#4127);
#3327=VERTEX_POINT('',#4128);
#3328=B_SPLINE_CURVE_WITH_KNOTS('',3,(#4129,#4130,#4131,#4132,#4133,#4134,#4135,#4136,#4137,#4138),.UNSPECIFIED.,.F.,.F.,(4,1,1,1,1,1,1,4),(1.77809156287623E-17,0.000235864577805093,0.000471729155610185,0.000707593733415277,0.000943458311220369,0.00141518746683055,0.00188691662244074,0.00188706287243687),.UNSPECIFIED.);
#3329=VERTEX_POINT('',#4139);
#3330=LINE('',#4140,#4141);
#3331=CIRCLE('',#4142,0.565);
#3332=VERTEX_POINT('',#4143);
#3333=VERTEX_POINT('',#4144);
#3334=LINE('',#4145,#4146);
#3335=VERTEX_POINT('',#4147);
#3336=CIRCLE('',#4148,0.565);
#3337=VERTEX_POINT('',#4149);
#3338=LINE('',#4150,#4151);
#3339=VERTEX_POINT('',#4152);
#3340=CIRCLE('',#4153,0.565);
#3341=VERTEX_POINT('',#4154);
#3342=LINE('',#4155,#4156);
#3343=CIRCLE('',#4157,0.565);
#3344=B_SPLINE_CURVE_WITH_KNOTS('',3,(#4158,#4159,#4160,#4161,#4162,#4163,#4164,#4165,#4166),.UNSPECIFIED.,.F.,.F.,(4,1,1,1,1,1,4),(0.00188706287243687,0.00212278120024583,0.00235864577805092,0.00259451035585601,0.0028303749336611,0.00330210408927129,0.00377383324488147),.UNSPECIFIED.);
#3345=VERTEX_POINT('',#4167);
#3346=CIRCLE('',#4168,0.565);
#3347=VERTEX_POINT('',#4169);
#3348=LINE('',#4170,#4171);
#3349=CIRCLE('',#4172,0.565);
#3350=CIRCLE('',#4173,0.565);
#3351=VERTEX_POINT('',#4174);
#3352=CIRCLE('',#4175,0.565);
#3353=CIRCLE('',#4176,0.565);
#3354=VERTEX_POINT('',#4177);
#3355=VERTEX_POINT('',#4178);
#3356=LINE('',#4179,#4180);
#3357=VERTEX_POINT('',#4181);
#3358=LINE('',#4182,#4183);
#3359=VERTEX_POINT('',#4184);
#3360=CIRCLE('',#4185,1.225);
#3361=VERTEX_POINT('',#4186);
#3362=LINE('',#4187,#4188);
#3363=VERTEX_POINT('',#4189);
#3364=LINE('',#4190,#4191);
#3365=VERTEX_POINT('',#4192);
#3366=LINE('',#4193,#4194);
#3367=LINE('',#4195,#4196);
#3368=VERTEX_POINT('',#4197);
#3369=CIRCLE('',#4198,1.225);
#3370=VERTEX_POINT('',#4199);
#3371=LINE('',#4200,#4201);
#3372=VERTEX_POINT('',#4202);
#3373=CIRCLE('',#4203,1.225);
#3374=VERTEX_POINT('',#4204);
#3375=LINE('',#4205,#4206);
#3376=CIRCLE('',#4207,1.225);
#3377=LINE('',#4208,#4209);
#3378=VERTEX_POINT('',#4210);
#3379=LINE('',#4211,#4212);
#3380=VERTEX_POINT('',#4213);
#3381=CIRCLE('',#4214,1.225);
#3382=VERTEX_POINT('',#4215);
#3383=LINE('',#4216,#4217);
#3384=B_SPLINE_CURVE_WITH_KNOTS('',3,(#4218,#4219,#4220,#4221),.UNSPECIFIED.,.F.,.F.,(4,4),(1.28859307807336E-13,0.000416346474859807),.UNSPECIFIED.);
#3385=VERTEX_POINT('',#4222);
#3386=LINE('',#4223,#4224);
#3387=VERTEX_POINT('',#4225);
#3388=LINE('',#4226,#4227);
#3389=LINE('',#4228,#4229);
#3390=VERTEX_POINT('',#4230);
#3391=VERTEX_POINT('',#4231);
#3392=LINE('',#4232,#4233);
#3393=VERTEX_POINT('',#4234);
#3394=CIRCLE('',#4235,0.075);
#3395=VERTEX_POINT('',#4236);
#3396=LINE('',#4237,#4238);
#3397=VERTEX_POINT('',#4239);
#3398=LINE('',#4240,#4241);
#3399=VERTEX_POINT('',#4242);
#3400=LINE('',#4243,#4244);
#3401=VERTEX_POINT('',#4245);
#3402=LINE('',#4246,#4247);
#3403=VERTEX_POINT('',#4248);
#3404=CIRCLE('',#4249,0.1);
#3405=VERTEX_POINT('',#4250);
#3406=LINE('',#4251,#4252);
#3407=VERTEX_POINT('',#4253);
#3408=LINE('',#4254,#4255);
#3409=VERTEX_POINT('',#4256);
#3410=LINE('',#4257,#4258);
#3411=VERTEX_POINT('',#4259);
#3412=CIRCLE('',#4260,0.1);
#3413=VERTEX_POINT('',#4261);
#3414=LINE('',#4262,#4263);
#3415=VERTEX_POINT('',#4264);
#3416=LINE('',#4265,#4266);
#3417=VERTEX_POINT('',#4267);
#3418=LINE('',#4268,#4269);
#3419=VERTEX_POINT('',#4270);
#3420=LINE('',#4271,#4272);
#3421=CIRCLE('',#4273,0.075);
#3422=VERTEX_POINT('',#4274);
#3423=VERTEX_POINT('',#4275);
#3424=LINE('',#4276,#4277);
#3425=VERTEX_POINT('',#4278);
#3426=LINE('',#4279,#4280);
#3427=VERTEX_POINT('',#4281);
#3428=LINE('',#4282,#4283);
#3429=LINE('',#4284,#4285);
#3430=VERTEX_POINT('',#4286);
#3431=VERTEX_POINT('',#4287);
#3432=LINE('',#4288,#4289);
#3433=VERTEX_POINT('',#4290);
#3434=LINE('',#4291,#4292);
#3435=VERTEX_POINT('',#4293);
#3436=B_SPLINE_CURVE_WITH_KNOTS('',3,(#4294,#4295,#4296,#4297),.UNSPECIFIED.,.F.,.F.,(4,4),(0.0,0.000158375397200883),.UNSPECIFIED.);
#3437=VERTEX_POINT('',#4298);
#3438=CIRCLE('',#4299,0.300250156652026);
#3439=VERTEX_POINT('',#4300);
#3440=LINE('',#4301,#4302);
#3441=VERTEX_POINT('',#4303);
#3442=LINE('',#4304,#4305);
#3443=VERTEX_POINT('',#4306);
#3444=LINE('',#4307,#4308);
#3445=VERTEX_POINT('',#4309);
#3446=LINE('',#4310,#4311);
#3447=VERTEX_POINT('',#4312);
#3448=LINE('',#4313,#4314);
#3449=VERTEX_POINT('',#4315);
#3450=LINE('',#4316,#4317);
#3451=VERTEX_POINT('',#4318);
#3452=LINE('',#4319,#4320);
#3453=VERTEX_POINT('',#4321);
#3454=CIRCLE('',#4322,0.300250156464008);
#3455=VERTEX_POINT('',#4323);
#3456=B_SPLINE_CURVE_WITH_KNOTS('',3,(#4324,#4325,#4326,#4327),.UNSPECIFIED.,.F.,.F.,(4,4),(9.3660763242342E-06,0.000168571522684663),.UNSPECIFIED.);
#3457=LINE('',#4328,#4329);
#3458=LINE('',#4330,#4331);
#3459=VERTEX_POINT('',#4332);
#3460=LINE('',#4333,#4334);
#3461=VERTEX_POINT('',#4335);
#3462=LINE('',#4336,#4337);
#3463=LINE('',#4338,#4339);
#3464=VERTEX_POINT('',#4340);
#3465=VERTEX_POINT('',#4341);
#3466=CIRCLE('',#4342,1.025);
#3467=VERTEX_POINT('',#4343);
#3468=LINE('',#4344,#4345);
#3469=CIRCLE('',#4346,1.025);
#3470=LINE('',#4347,#4348);
#3471=VERTEX_POINT('',#4349);
#3472=LINE('',#4350,#4351);
#3473=VERTEX_POINT('',#4352);
#3474=LINE('',#4353,#4354);
#3475=LINE('',#4355,#4356);
#3476=CIRCLE('',#4357,0.3);
#3477=CIRCLE('',#4358,0.3);
#3478=VERTEX_POINT('',#4359);
#3479=VERTEX_POINT('',#4360);
#3480=LINE('',#4361,#4362);
#3481=CIRCLE('',#4363,0.2);
#3482=CIRCLE('',#4364,0.199999999500268);
#3483=VERTEX_POINT('',#4365);
#3484=CIRCLE('',#4366,0.499999861111925);
#3485=VERTEX_POINT('',#4367);
#3486=LINE('',#4368,#4369);
#3487=VERTEX_POINT('',#4370);
#3488=LINE('',#4371,#4372);
#3489=VERTEX_POINT('',#4373);
#3490=LINE('',#4374,#4375);
#3491=VERTEX_POINT('',#4376);
#3492=LINE('',#4377,#4378);
#3493=VERTEX_POINT('',#4379);
#3494=CIRCLE('',#4380,0.075);
#3495=VERTEX_POINT('',#4381);
#3496=LINE('',#4382,#4383);
#3497=VERTEX_POINT('',#4384);
#3498=LINE('',#4385,#4386);
#3499=VERTEX_POINT('',#4387);
#3500=LINE('',#4388,#4389);
#3501=VERTEX_POINT('',#4390);
#3502=LINE('',#4391,#4392);
#3503=VERTEX_POINT('',#4393);
#3504=CIRCLE('',#4394,0.1);
#3505=VERTEX_POINT('',#4395);
#3506=LINE('',#4396,#4397);
#3507=VERTEX_POINT('',#4398);
#3508=LINE('',#4399,#4400);
#3509=VERTEX_POINT('',#4401);
#3510=LINE('',#4402,#4403);
#3511=VERTEX_POINT('',#4404);
#3512=CIRCLE('',#4405,0.1);
#3513=VERTEX_POINT('',#4406);
#3514=LINE('',#4407,#4408);
#3515=VERTEX_POINT('',#4409);
#3516=LINE('',#4410,#4411);
#3517=VERTEX_POINT('',#4412);
#3518=LINE('',#4413,#4414);
#3519=VERTEX_POINT('',#4415);
#3520=LINE('',#4416,#4417);
#3521=VERTEX_POINT('',#4418);
#3522=CIRCLE('',#4419,0.075);
#3523=VERTEX_POINT('',#4420);
#3524=LINE('',#4421,#4422);
#3525=VERTEX_POINT('',#4423);
#3526=LINE('',#4424,#4425);
#3527=VERTEX_POINT('',#4426);
#3528=LINE('',#4427,#4428);
#3529=VERTEX_POINT('',#4429);
#3530=LINE('',#4430,#4431);
#3531=VERTEX_POINT('',#4432);
#3532=CIRCLE('',#4433,0.499999861858064);
#3533=VERTEX_POINT('',#4434);
#3534=LINE('',#4435,#4436);
#3535=LINE('',#4437,#4438);
#3536=B_SPLINE_CURVE_WITH_KNOTS('',3,(#4439,#4440,#4441,#4442,#4443),.UNSPECIFIED.,.F.,.F.,(4,1,4),(9.14741572944653E-07,0.500000457370786,1.0),.UNSPECIFIED.);
#3537=B_SPLINE_CURVE_WITH_KNOTS('',3,(#4444,#4445,#4446,#4447),.UNSPECIFIED.,.F.,.F.,(4,4),(0.0,0.948873833185367),.UNSPECIFIED.);
#3538=CIRCLE('',#4448,0.2);
#3539=CIRCLE('',#4449,0.2);
#3540=VERTEX_POINT('',#4450);
#3541=CIRCLE('',#4451,0.2);
#3542=VERTEX_POINT('',#4452);
#3543=LINE('',#4453,#4454);
#3544=CIRCLE('',#4455,0.3);
#3545=VERTEX_POINT('',#4456);
#3546=LINE('',#4457,#4458);
#3547=VERTEX_POINT('',#4459);
#3548=LINE('',#4460,#4461);
#3549=VERTEX_POINT('',#4462);
#3550=LINE('',#4463,#4464);
#3551=VERTEX_POINT('',#4465);
#3552=LINE('',#4466,#4467);
#3553=VERTEX_POINT('',#4468);
#3554=CIRCLE('',#4469,0.3);
#3555=VERTEX_POINT('',#4470);
#3556=LINE('',#4471,#4472);
#3557=CIRCLE('',#4473,0.2);
#3558=VERTEX_POINT('',#4474);
#3559=CIRCLE('',#4475,0.34);
#3560=CIRCLE('',#4476,0.34);
#3561=VERTEX_POINT('',#4477);
#3562=VERTEX_POINT('',#4478);
#3563=LINE('',#4479,#4480);
#3564=VERTEX_POINT('',#4481);
#3565=LINE('',#4482,#4483);
#3566=VERTEX_POINT('',#4484);
#3567=LINE('',#4485,#4486);
#3568=LINE('',#4487,#4488);
#3569=LINE('',#4489,#4490);
#3570=LINE('',#4491,#4492);
#3571=LINE('',#4493,#4494);
#3572=VERTEX_POINT('',#4495);
#3573=LINE('',#4496,#4497);
#3574=LINE('',#4498,#4499);
#3575=VERTEX_POINT('',#4500);
#3576=CIRCLE('',#4501,0.3);
#3577=LINE('',#4502,#4503);
#3578=VERTEX_POINT('',#4504);
#3579=LINE('',#4505,#4506);
#3580=LINE('',#4507,#4508);
#3581=CIRCLE('',#4509,0.2);
#3582=VERTEX_POINT('',#4510);
#3583=CIRCLE('',#4511,0.3);
#3584=VERTEX_POINT('',#4512);
#3585=LINE('',#4513,#4514);
#3586=CIRCLE('',#4515,0.2);
#3587=LINE('',#4516,#4517);
#3588=LINE('',#4518,#4519);
#3589=LINE('',#4520,#4521);
#3590=VERTEX_POINT('',#4522);
#3591=LINE('',#4523,#4524);
#3592=VERTEX_POINT('',#4525);
#3593=LINE('',#4526,#4527);
#3594=VERTEX_POINT('',#4528);
#3595=LINE('',#4529,#4530);
#3596=CIRCLE('',#4531,0.2);
#3597=VERTEX_POINT('',#4532);
#3598=LINE('',#4533,#4534);
#3599=CIRCLE('',#4535,0.2);
#3600=LINE('',#4536,#4537);
#3601=VERTEX_POINT('',#4538);
#3602=LINE('',#4539,#4540);
#3603=VERTEX_POINT('',#4541);
#3604=LINE('',#4542,#4543);
#3605=LINE('',#4544,#4545);
#3606=LINE('',#4546,#4547);
#3607=LINE('',#4548,#4549);
#3608=LINE('',#4550,#4551);
#3609=LINE('',#4552,#4553);
#3610=CIRCLE('',#4554,0.277684545);
#3611=CIRCLE('',#4555,0.0776845449999998);
#3612=CIRCLE('',#4556,0.277684545);
#3613=CIRCLE('',#4557,0.0776845449999998);
#3614=LINE('',#4558,#4559);
#3615=VERTEX_POINT('',#4560);
#3616=VERTEX_POINT('',#4561);
#3617=LINE('',#4562,#4563);
#3618=VERTEX_POINT('',#4564);
#3619=CIRCLE('',#4565,1.025);
#3620=LINE('',#4566,#4567);
#3621=CIRCLE('',#4568,1.025);
#3622=LINE('',#4569,#4570);
#3623=VERTEX_POINT('',#4571);
#3624=CIRCLE('',#4572,1.025);
#3625=LINE('',#4573,#4574);
#3626=VERTEX_POINT('',#4575);
#3627=CIRCLE('',#4576,1.025);
#3628=LINE('',#4577,#4578);
#3629=LINE('',#4579,#4580);
#3630=LINE('',#4581,#4582);
#3631=LINE('',#4583,#4584);
#3632=LINE('',#4585,#4586);
#3633=LINE('',#4587,#4588);
#3634=LINE('',#4589,#4590);
#3635=LINE('',#4591,#4592);
#3636=CIRCLE('',#4593,0.75);
#3637=LINE('',#4594,#4595);
#3638=CIRCLE('',#4596,0.148509925748038);
#3639=LINE('',#4597,#4598);
#3640=LINE('',#4599,#4600);
#3641=VERTEX_POINT('',#4601);
#3642=CIRCLE('',#4602,0.148509925748038);
#3643=VERTEX_POINT('',#4603);
#3644=LINE('',#4604,#4605);
#3645=VERTEX_POINT('',#4606);
#3646=LINE('',#4607,#4608);
#3647=LINE('',#4609,#4610);
#3648=VERTEX_POINT('',#4611);
#3649=LINE('',#4612,#4613);
#3650=VERTEX_POINT('',#4614);
#3651=CIRCLE('',#4615,1.14);
#3652=LINE('',#4616,#4617);
#3653=VERTEX_POINT('',#4618);
#3654=LINE('',#4619,#4620);
#3655=VERTEX_POINT('',#4621);
#3656=LINE('',#4622,#4623);
#3657=VERTEX_POINT('',#4624);
#3658=LINE('',#4625,#4626);
#3659=LINE('',#4627,#4628);
#3660=VERTEX_POINT('',#4629);
#3661=CIRCLE('',#4630,0.866972260590209);
#3662=CIRCLE('',#4631,0.148509925748038);
#3663=VERTEX_POINT('',#4632);
#3664=LINE('',#4633,#4634);
#3665=VERTEX_POINT('',#4635);
#3666=LINE('',#4636,#4637);
#3667=VERTEX_POINT('',#4638);
#3668=LINE('',#4639,#4640);
#3669=LINE('',#4641,#4642);
#3670=CIRCLE('',#4643,1.14);
#3671=CIRCLE('',#4644,1.3499997664682);
#3672=CIRCLE('',#4645,1.27185338407758);
#3673=LINE('',#4646,#4647);
#3674=LINE('',#4648,#4649);
#3675=VERTEX_POINT('',#4650);
#3676=LINE('',#4651,#4652);
#3677=VERTEX_POINT('',#4653);
#3678=LINE('',#4654,#4655);
#3679=VERTEX_POINT('',#4656);
#3680=LINE('',#4657,#4658);
#3681=CIRCLE('',#4659,0.148509925748038);
#3682=CIRCLE('',#4660,0.148509925748038);
#3683=LINE('',#4661,#4662);
#3684=CIRCLE('',#4663,1.3499997664682);
#3685=CIRCLE('',#4664,1.27185338407758);
#3686=CIRCLE('',#4665,0.86697175029804);
#3687=LINE('',#4666,#4667);
#3688=LINE('',#4668,#4669);
#3689=LINE('',#4670,#4671);
#3690=VERTEX_POINT('',#4672);
#3691=LINE('',#4673,#4674);
#3692=VERTEX_POINT('',#4675);
#3693=CIRCLE('',#4676,0.2);
#3694=VERTEX_POINT('',#4677);
#3695=LINE('',#4678,#4679);
#3696=LINE('',#4680,#4681);
#3697=VERTEX_POINT('',#4682);
#3698=LINE('',#4683,#4684);
#3699=LINE('',#4685,#4686);
#3700=LINE('',#4687,#4688);
#3701=VERTEX_POINT('',#4689);
#3702=LINE('',#4690,#4691);
#3703=VERTEX_POINT('',#4692);
#3704=LINE('',#4693,#4694);
#3705=CIRCLE('',#4695,0.2);
#3706=LINE('',#4696,#4697);
#3707=LINE('',#4698,#4699);
#3708=LINE('',#4700,#4701);
#3709=B_SPLINE_CURVE_WITH_KNOTS('',3,(#4702,#4703,#4704,#4705),.UNSPECIFIED.,.F.,.F.,(4,4),(0.0496218323563664,1.0),.UNSPECIFIED.);
#3710=B_SPLINE_CURVE_WITH_KNOTS('',3,(#4706,#4707,#4708,#4709,#4710),.UNSPECIFIED.,.F.,.F.,(4,1,4),(0.0,0.5,1.0),.UNSPECIFIED.);
#3711=CIRCLE('',#4711,0.200000000124864);
#3712=CIRCLE('',#4712,0.2);
#3713=CIRCLE('',#4713,0.34);
#3714=CIRCLE('',#4714,0.465);
#3715=CIRCLE('',#4715,0.465);
#3716=VERTEX_POINT('',#4716);
#3717=LINE('',#4717,#4718);
#3718=VERTEX_POINT('',#4719);
#3719=LINE('',#4720,#4721);
#3720=VERTEX_POINT('',#4722);
#3721=CIRCLE('',#4723,0.3);
#3722=LINE('',#4724,#4725);
#3723=VERTEX_POINT('',#4726);
#3724=LINE('',#4727,#4728);
#3725=CIRCLE('',#4729,0.3);
#3726=VERTEX_POINT('',#4730);
#3727=LINE('',#4731,#4732);
#3728=VERTEX_POINT('',#4733);
#3729=CIRCLE('',#4734,0.3);
#3730=LINE('',#4735,#4736);
#3731=VERTEX_POINT('',#4737);
#3732=LINE('',#4738,#4739);
#3733=VERTEX_POINT('',#4740);
#3734=CIRCLE('',#4741,0.3);
#3735=LINE('',#4742,#4743);
#3736=LINE('',#4744,#4745);
#3737=LINE('',#4746,#4747);
#3738=LINE('',#4748,#4749);
#3739=LINE('',#4750,#4751);
#3740=CIRCLE('',#4752,1.3499997664682);
#3741=CIRCLE('',#4753,1.27185338407758);
#3742=CIRCLE('',#4754,0.866972260521517);
#3743=CIRCLE('',#4755,0.75);
#3744=CIRCLE('',#4756,0.649999237034426);
#3745=VERTEX_POINT('',#4757);
#3746=VERTEX_POINT('',#4758);
#3747=LINE('',#4759,#4760);
#3748=VERTEX_POINT('',#4761);
#3749=LINE('',#4762,#4763);
#3750=VERTEX_POINT('',#4764);
#3751=LINE('',#4765,#4766);
#3752=LINE('',#4767,#4768);
#3753=VERTEX_POINT('',#4769);
#3754=VERTEX_POINT('',#4770);
#3755=LINE('',#4771,#4772);
#3756=VERTEX_POINT('',#4773);
#3757=LINE('',#4774,#4775);
#3758=VERTEX_POINT('',#4776);
#3759=LINE('',#4777,#4778);
#3760=VERTEX_POINT('',#4779);
#3761=LINE('',#4780,#4781);
#3762=VERTEX_POINT('',#4782);
#3763=LINE('',#4783,#4784);
#3764=LINE('',#4785,#4786);
#3765=VERTEX_POINT('',#4787);
#3766=LINE('',#4788,#4789);
#3767=VERTEX_POINT('',#4790);
#3768=LINE('',#4791,#4792);
#3769=LINE('',#4793,#4794);
#3770=VERTEX_POINT('',#4795);
#3771=LINE('',#4796,#4797);
#3772=LINE('',#4798,#4799);
#3773=VERTEX_POINT('',#4800);
#3774=LINE('',#4801,#4802);
#3775=LINE('',#4803,#4804);
#3776=VERTEX_POINT('',#4805);
#3777=LINE('',#4806,#4807);
#3778=LINE('',#4808,#4809);
#3779=VERTEX_POINT('',#4810);
#3780=VERTEX_POINT('',#4811);
#3781=LINE('',#4812,#4813);
#3782=VERTEX_POINT('',#4814);
#3783=LINE('',#4815,#4816);
#3784=LINE('',#4817,#4818);
#3785=VERTEX_POINT('',#4819);
#3786=LINE('',#4820,#4821);
#3787=VERTEX_POINT('',#4822);
#3788=LINE('',#4823,#4824);
#3789=LINE('',#4825,#4826);
#3790=LINE('',#4827,#4828);
#3791=LINE('',#4829,#4830);
#3792=LINE('',#4831,#4832);
#3793=LINE('',#4833,#4834);
#3794=LINE('',#4835,#4836);
#3795=VERTEX_POINT('',#4837);
#3796=LINE('',#4838,#4839);
#3797=VERTEX_POINT('',#4840);
#3798=LINE('',#4841,#4842);
#3799=LINE('',#4843,#4844);
#3800=CIRCLE('',#4845,0.3);
#3801=CIRCLE('',#4846,0.3);
#3802=VERTEX_POINT('',#4847);
#3803=VERTEX_POINT('',#4848);
#3804=LINE('',#4849,#4850);
#3805=VERTEX_POINT('',#4851);
#3806=CIRCLE('',#4852,0.44);
#3807=VERTEX_POINT('',#4853);
#3808=LINE('',#4854,#4855);
#3809=CIRCLE('',#4856,0.44);
#3810=VERTEX_POINT('',#4857);
#3811=VERTEX_POINT('',#4858);
#3812=LINE('',#4859,#4860);
#3813=VERTEX_POINT('',#4861);
#3814=CIRCLE('',#4862,0.39000000000001);
#3815=VERTEX_POINT('',#4863);
#3816=LINE('',#4864,#4865);
#3817=CIRCLE('',#4866,0.39000000000001);
#3818=VERTEX_POINT('',#4867);
#3819=VERTEX_POINT('',#4868);
#3820=LINE('',#4869,#4870);
#3821=VERTEX_POINT('',#4871);
#3822=CIRCLE('',#4872,0.240000000000009);
#3823=VERTEX_POINT('',#4873);
#3824=LINE('',#4874,#4875);
#3825=CIRCLE('',#4876,0.240000000000009);
#3826=VERTEX_POINT('',#4877);
#3827=VERTEX_POINT('',#4878);
#3828=LINE('',#4879,#4880);
#3829=VERTEX_POINT('',#4881);
#3830=B_SPLINE_CURVE_WITH_KNOTS('',3,(#4882,#4883,#4884,#4885,#4886,#4887,#4888,#4889,#4890,#4891),.UNSPECIFIED.,.F.,.F.,(4,1,1,1,1,1,1,4),(1.0063900006034E-18,0.00023586457780508,0.000471729155610159,0.000707593733415238,0.000943458311220317,0.00141518746683047,0.00188691662244063,0.00188706287243683),.UNSPECIFIED.);
#3831=VERTEX_POINT('',#4892);
#3832=LINE('',#4893,#4894);
#3833=VERTEX_POINT('',#4895);
#3834=CIRCLE('',#4896,0.565);
#3835=VERTEX_POINT('',#4897);
#3836=CIRCLE('',#4898,0.565);
#3837=CIRCLE('',#4899,0.565);
#3838=CIRCLE('',#4900,0.565);
#3839=B_SPLINE_CURVE_WITH_KNOTS('',3,(#4901,#4902,#4903,#4904,#4905,#4906,#4907,#4908,#4909),.UNSPECIFIED.,.F.,.F.,(4,1,1,1,1,1,4),(0.00188706287243683,0.00212278120024571,0.00235864577805079,0.00259451035585587,0.00283037493366095,0.00330210408927111,0.00377383324488123),.UNSPECIFIED.);
#3840=CIRCLE('',#4910,0.240000000000009);
#3841=CIRCLE('',#4911,0.240000000000009);
#3842=CIRCLE('',#4912,0.39000000000001);
#3843=VERTEX_POINT('',#4913);
#3844=VERTEX_POINT('',#4914);
#3845=LINE('',#4915,#4916);
#3846=VERTEX_POINT('',#4917);
#3847=LINE('',#4918,#4919);
#3848=VERTEX_POINT('',#4920);
#3849=LINE('',#4921,#4922);
#3850=LINE('',#4923,#4924);
#3851=CIRCLE('',#4925,0.39000000000001);
#3852=VERTEX_POINT('',#4926);
#3853=LINE('',#4927,#4928);
#3854=VERTEX_POINT('',#4929);
#3855=LINE('',#4930,#4931);
#3856=LINE('',#4932,#4933);
#3857=VERTEX_POINT('',#4934);
#3858=LINE('',#4935,#4936);
#3859=LINE('',#4937,#4938);
#3860=VERTEX_POINT('',#4939);
#3861=LINE('',#4940,#4941);
#3862=LINE('',#4942,#4943);
#3863=LINE('',#4944,#4945);
#3864=VERTEX_POINT('',#4946);
#3865=CIRCLE('',#4947,0.44);
#3866=VERTEX_POINT('',#4948);
#3867=LINE('',#4949,#4950);
#3868=VERTEX_POINT('',#4951);
#3869=LINE('',#4952,#4953);
#3870=LINE('',#4954,#4955);
#3871=VERTEX_POINT('',#4956);
#3872=LINE('',#4957,#4958);
#3873=CIRCLE('',#4959,0.44);
#3874=LINE('',#4960,#4961);
#3875=VERTEX_POINT('',#4962);
#3876=LINE('',#4963,#4964);
#3877=LINE('',#4965,#4966);
#3878=VERTEX_POINT('',#4967);
#3879=LINE('',#4968,#4969);
#3880=LINE('',#4970,#4971);
#3881=LINE('',#4972,#4973);
#3882=LINE('',#4974,#4975);
#3883=CARTESIAN_POINT('',(0.200970419085841,-1.07643784381007,-0.747970326963826));
#3884=CARTESIAN_POINT('',(-0.750031817028257,-1.07643784381007,-0.19890893000897));
#3885=AXIS2_PLACEMENT_3D('',#4976,#4977,#4978);
#3886=CARTESIAN_POINT('',(0.220189018365706,-0.947824461525858,-0.819695114645309));
#3887=AXIS2_PLACEMENT_3D('',#4979,#4980,#4981);
#3888=CARTESIAN_POINT('',(-1.77423573945587E-16,-0.94782307673289,-0.848682989066536));
#3889=AXIS2_PLACEMENT_3D('',#4982,#4983,#4984);
#3890=CARTESIAN_POINT('',(-0.821756598732912,-0.947824460405685,-0.218127528527583));
#3891=AXIS2_PLACEMENT_3D('',#4985,#4986,#4987);
#3892=AXIS2_PLACEMENT_3D('',#4988,#4989,#4990);
#3893=CARTESIAN_POINT('',(-0.750031817028257,-1.07643784381007,0.203031909150271));
#3894=CARTESIAN_POINT('',(0.200970419085841,-1.07643784381007,0.752093306105127));
#3895=AXIS2_PLACEMENT_3D('',#4991,#4992,#4993);
#3896=CARTESIAN_POINT('',(-0.821756513680007,-0.947824091810514,0.222250483774848));
#3897=AXIS2_PLACEMENT_3D('',#4994,#4995,#4996);
#3898=CARTESIAN_POINT('',(-3.84607882057615E-17,-0.947823722025701,0.852806341072403));
#3899=AXIS2_PLACEMENT_3D('',#4997,#4998,#4999);
#3900=CARTESIAN_POINT('',(0.220188918784428,-0.947823399391607,0.823817733743864));
#3901=AXIS2_PLACEMENT_3D('',#5000,#5001,#5002);
#3902=AXIS2_PLACEMENT_3D('',#5003,#5004,#5005);
#3903=CARTESIAN_POINT('',(0.549061396510242,-1.07643784381007,0.551122886574673));
#3904=CARTESIAN_POINT('',(0.776490073724826,-1.07643784381007,0.00206148957065039));
#3905=AXIS2_PLACEMENT_3D('',#5006,#5007,#5008);
#3906=CARTESIAN_POINT('',(0.601567323068356,-0.947823398035789,0.603628812818061));
#3907=AXIS2_PLACEMENT_3D('',#5009,#5010,#5011);
#3908=CARTESIAN_POINT('',(0.850744850830587,-0.947823722248206,0.00206148957065037));
#3909=AXIS2_PLACEMENT_3D('',#5012,#5013,#5014);
#3910=AXIS2_PLACEMENT_3D('',#5015,#5016,#5017);
#3911=CARTESIAN_POINT('',(0.549061396510242,-1.07643784381007,-0.546999907433372));
#3912=AXIS2_PLACEMENT_3D('',#5018,#5019,#5020);
#3913=CARTESIAN_POINT('',(0.601567389151616,-0.947823767935642,-0.599505900631658));
#3914=AXIS2_PLACEMENT_3D('',#5021,#5022,#5023);
#3915=AXIS2_PLACEMENT_3D('',#5024,#5025,#5026);
#3916=CARTESIAN_POINT('',(-4.66625274946915E-17,-1.2750038210333,-0.647937747694683));
#3917=CARTESIAN_POINT('',(3.29394343616725E-17,-1.17500327605908,-0.747938510660258));
#3918=CARTESIAN_POINT('',(-8.9525212183015E-17,-0.925003821033321,-0.997938510660257));
#3919=VECTOR('',#5027,1.0);
#3920=CARTESIAN_POINT('',(-4.66625274946916E-17,-1.2750038210333,0.652060726374168));
#3921=AXIS2_PLACEMENT_3D('',#5028,#5029,#5030);
#3922=CARTESIAN_POINT('',(3.29394343616723E-17,-1.17500327605908,0.752061489339743));
#3923=CARTESIAN_POINT('',(3.29394677317202E-17,-0.925003821033321,1.00206148933974));
#3924=VECTOR('',#5031,1.0);
#3925=CARTESIAN_POINT('',(-0.75,-1.17500327605908,0.00206148933974643));
#3926=AXIS2_PLACEMENT_3D('',#5032,#5033,#5034);
#3927=AXIS2_PLACEMENT_3D('',#5035,#5036,#5037);
#3928=CARTESIAN_POINT('',(-0.75,-0.575003821033321,0.00206148933974635));
#3929=CARTESIAN_POINT('',(-0.75,-0.575003821033321,0.00206148933974635));
#3930=VECTOR('',#5038,1.0);
#3931=CARTESIAN_POINT('',(0.75,-0.575003821033321,0.00206148933974654));
#3932=AXIS2_PLACEMENT_3D('',#5039,#5040,#5041);
#3933=CARTESIAN_POINT('',(0.75,-1.17500327605908,0.0020614893397467));
#3934=CARTESIAN_POINT('',(0.75,-0.575003821033321,0.00206148933974663));
#3935=VECTOR('',#5042,1.0);
#3936=AXIS2_PLACEMENT_3D('',#5043,#5044,#5045);
#3937=CARTESIAN_POINT('',(1.27593351102602E-16,-1.21314324753015,-0.864910770950867));
#3938=CARTESIAN_POINT('',(-1.87365438527136E-16,-1.38500573163026,-1.26979189473783));
#3939=CARTESIAN_POINT('',(4.39794456295562E-16,-1.84513392273816,-2.35379087057036));
#3940=VECTOR('',#5046,1.0);
#3941=CARTESIAN_POINT('',(-0.837430651071803,-1.21314384861348,-0.222327377313386));
#3942=AXIS2_PLACEMENT_3D('',#5047,#5048,#5049);
#3943=CARTESIAN_POINT('',(-1.22851638582965,-1.38500379774922,-0.32711848412603));
#3944=CARTESIAN_POINT('',(5.82895038127137E-11,-0.845138434688751,0.00206148912221402));
#3945=VECTOR('',#5050,1000.0);
#3946=AXIS2_PLACEMENT_3D('',#5051,#5052,#5053);
#3947=CARTESIAN_POINT('',(2.10646982937519E-16,-1.20090467734748,-1.34793827712845));
#3948=CARTESIAN_POINT('',(-1.3150324650294E-16,-2.02545117629398,-0.997938510660248));
#3949=VECTOR('',#5054,1.0);
#3950=CARTESIAN_POINT('',(-1.30399984659285,-1.20090284179562,-0.347344216872581));
#3951=CARTESIAN_POINT('',(5.82884153290228E-11,-4.38129988804277,0.00206148912221794));
#3952=VECTOR('',#5055,1000.0);
#3953=AXIS2_PLACEMENT_3D('',#5056,#5057,#5058);
#3954=CARTESIAN_POINT('',(-1.33829669527403E-16,-1.11176546766938,-1.13793851066024));
#3955=CARTESIAN_POINT('',(4.21562696621551E-16,-1.62786185077176,-2.35379088716167));
#3956=VECTOR('',#5059,1.0);
#3957=CARTESIAN_POINT('',(-1.10115544189762,-1.11176313905749,-0.292992222345537));
#3958=CARTESIAN_POINT('',(5.82913739814815E-11,-0.627866362722384,0.0020614891222143));
#3959=VECTOR('',#5060,1000.0);
#3960=AXIS2_PLACEMENT_3D('',#5061,#5062,#5063);
#3961=CARTESIAN_POINT('',(-1.32786576020383E-16,-1.01176199184851,-1.13793851066024));
#3962=CARTESIAN_POINT('',(-1.36891392941594E-16,-1.06176372975895,-1.13793851066024));
#3963=VECTOR('',#5064,1.0);
#3964=CARTESIAN_POINT('',(0.295053711688818,-1.01176313905748,-1.09909395255691));
#3965=AXIS2_PLACEMENT_3D('',#5065,#5066,#5067);
#3966=CARTESIAN_POINT('',(0.295053711679217,-1.11176313905749,-1.09909395255955));
#3967=CARTESIAN_POINT('',(0.29505371169139,-1.01176313905748,-1.09909395255625));
#3968=VECTOR('',#5068,1000.0);
#3969=AXIS2_PLACEMENT_3D('',#5069,#5070,#5071);
#3970=CARTESIAN_POINT('',(-3.305,-3.82105749095486E-06,-0.462938510660239));
#3971=CARTESIAN_POINT('',(-3.505,-3.82105749096711E-06,-0.462938510660239));
#3972=CARTESIAN_POINT('',(-3.08499999999994,-3.82105749094139E-06,-0.462938510660239));
#3973=VECTOR('',#5072,1.0);
#3974=CARTESIAN_POINT('',(-3.505,-3.82105748967386E-06,0.467061489339761));
#3975=AXIS2_PLACEMENT_3D('',#5073,#5074,#5075);
#3976=CARTESIAN_POINT('',(-3.305,-3.82105748942603E-06,0.467061489339761));
#3977=CARTESIAN_POINT('',(-3.08499999999994,-3.82105748941256E-06,0.467061489339761));
#3978=VECTOR('',#5076,1.0);
#3979=AXIS2_PLACEMENT_3D('',#5077,#5078,#5079);
#3980=CARTESIAN_POINT('',(-2.66499999999989,-3.82105749091567E-06,-0.462938510660239));
#3981=CARTESIAN_POINT('',(-2.905,-3.82105749093037E-06,-0.462938510660239));
#3982=CARTESIAN_POINT('',(-3.08499999999994,-3.82105749094139E-06,-0.462938510660239));
#3983=VECTOR('',#5080,1.0);
#3984=CARTESIAN_POINT('',(-2.66499999999989,-3.8210574898907E-06,0.467061489339761));
#3985=AXIS2_PLACEMENT_3D('',#5081,#5082,#5083);
#3986=CARTESIAN_POINT('',(-2.905,-3.82105748940154E-06,0.467061489339761));
#3987=CARTESIAN_POINT('',(-3.08499999999994,-3.82105748941256E-06,0.467061489339761));
#3988=VECTOR('',#5084,1.0);
#3989=CARTESIAN_POINT('',(-2.905,-0.129563374697958,0.448647787898588));
#3990=AXIS2_PLACEMENT_3D('',#5085,#5086,#5087);
#3991=CARTESIAN_POINT('',(-3.305,-0.129563374124,0.448647788065099));
#3992=CARTESIAN_POINT('',(-2.905,-0.12956337469797,0.448647787898563));
#3993=VECTOR('',#5088,1000.0);
#3994=AXIS2_PLACEMENT_3D('',#5089,#5090,#5091);
#3995=AXIS2_PLACEMENT_3D('',#5092,#5093,#5094);
#3996=CARTESIAN_POINT('',(-3.305,-0.129563374697938,-0.444524809219073));
#3997=AXIS2_PLACEMENT_3D('',#5095,#5096,#5097);
#3998=CARTESIAN_POINT('',(-2.905,-0.12956337469794,-0.444524809219073));
#3999=CARTESIAN_POINT('',(-3.305,-0.129563374698,-0.444524809219039));
#4000=VECTOR('',#5098,1000.0);
#4001=AXIS2_PLACEMENT_3D('',#5099,#5100,#5101);
#4002=CARTESIAN_POINT('',(-2.085,-3.8210574906327E-06,-0.337938510660239));
#4003=CARTESIAN_POINT('',(-2.66499999999989,-3.82105749085666E-06,-0.337938510660239));
#4004=CARTESIAN_POINT('',(-2.37499999999994,-3.82105749065046E-06,-0.337938510660239));
#4005=VECTOR('',#5102,1.0);
#4006=CARTESIAN_POINT('',(-2.085,-3.82105748959879E-06,0.342061489339761));
#4007=AXIS2_PLACEMENT_3D('',#5103,#5104,#5105);
#4008=CARTESIAN_POINT('',(-2.66499999999989,-3.8210574896343E-06,0.342061489339761));
#4009=CARTESIAN_POINT('',(-2.37499999999994,-3.82105748961655E-06,0.342061489339761));
#4010=VECTOR('',#5106,1.0);
#4011=AXIS2_PLACEMENT_3D('',#5107,#5108,#5109);
#4012=CARTESIAN_POINT('',(-2.34059492904774E-17,-1.38500573163026,1.27391487341733));
#4013=CARTESIAN_POINT('',(-1.93627814215502E-16,-1.21314444954675,0.86903323986869));
#4014=CARTESIAN_POINT('',(-4.28432550842605E-16,-1.84513392273816,2.35791384924986));
#4015=VECTOR('',#5110,1.0);
#4016=CARTESIAN_POINT('',(-1.2285132927861,-1.38500245226053,0.331240633947116));
#4017=AXIS2_PLACEMENT_3D('',#5111,#5112,#5113);
#4018=CARTESIAN_POINT('',(-0.837431175399646,-1.21314193687728,0.226450496498016));
#4019=CARTESIAN_POINT('',(5.82912754098263E-11,-0.845138434688751,0.00206148955729966));
#4020=VECTOR('',#5114,1000.0);
#4021=AXIS2_PLACEMENT_3D('',#5115,#5116,#5117);
#4022=CARTESIAN_POINT('',(-3.1621079843967E-16,-1.20090467734748,1.35206125580796));
#4023=CARTESIAN_POINT('',(-8.36194931080181E-19,-2.02545117629398,1.00206148933975));
#4024=VECTOR('',#5118,1.0);
#4025=CARTESIAN_POINT('',(-1.30399976216492,-1.20090310187031,0.351467172859047));
#4026=AXIS2_PLACEMENT_3D('',#5119,#5120,#5121);
#4027=CARTESIAN_POINT('',(5.82928039637021E-11,-4.38129988804277,0.00206148955730361));
#4028=VECTOR('',#5122,1000.0);
#4029=CARTESIAN_POINT('',(2.89308138941775E-17,-1.11176546766938,1.14206148933976));
#4030=CARTESIAN_POINT('',(-4.74839338542998E-16,-1.62786185077176,2.35791386584119));
#4031=VECTOR('',#5123,1.0);
#4032=CARTESIAN_POINT('',(-1.10115544190559,-1.11176313905749,0.297115200995393));
#4033=AXIS2_PLACEMENT_3D('',#5124,#5125,#5126);
#4034=CARTESIAN_POINT('',(5.82893646022952E-11,-0.627866362722384,0.0020614895572999));
#4035=VECTOR('',#5127,1000.0);
#4036=CARTESIAN_POINT('',(2.4769086164716E-17,-1.01176199184851,1.14206148933976));
#4037=CARTESIAN_POINT('',(2.58690904799867E-17,-1.06176372975894,1.14206148933976));
#4038=VECTOR('',#5128,1.0);
#4039=CARTESIAN_POINT('',(0.295053711742868,-1.11176313905749,1.10321693122196));
#4040=AXIS2_PLACEMENT_3D('',#5129,#5130,#5131);
#4041=CARTESIAN_POINT('',(0.295053711806421,-1.01176313905747,1.10321693120494));
#4042=CARTESIAN_POINT('',(0.295053711863918,-1.11176313905746,1.10321693118955));
#4043=VECTOR('',#5132,1000.0);
#4044=AXIS2_PLACEMENT_3D('',#5133,#5134,#5135);
#4045=CARTESIAN_POINT('',(2.69688819625983E-17,-0.962687383551879,1.22706148933976));
#4046=CARTESIAN_POINT('',(4.0091331686984E-17,-0.669942447528046,1.73411229271281));
#4047=VECTOR('',#5136,1.0);
#4048=CARTESIAN_POINT('',(-1.18325913713674,-0.962688366057478,0.319114819841728));
#4049=AXIS2_PLACEMENT_3D('',#5137,#5138,#5139);
#4050=CARTESIAN_POINT('',(-1.10115544190554,-1.01176313905746,0.29711520099563));
#4051=CARTESIAN_POINT('',(5.82894471710524E-11,-1.6699390913563,0.00206148955730119));
#4052=VECTOR('',#5140,1000.0);
#4053=AXIS2_PLACEMENT_3D('',#5141,#5142,#5143);
#4054=CARTESIAN_POINT('',(-3.39511262833902E-17,-0.847216942014568,1.02706148933977));
#4055=CARTESIAN_POINT('',(-1.56526864190015E-17,-0.439002339178703,1.73411229339102));
#4056=VECTOR('',#5144,1.0);
#4057=CARTESIAN_POINT('',(-0.990073971880632,-0.847218312057479,0.26735101081486));
#4058=CARTESIAN_POINT('',(5.82862760445298E-11,-1.43899898300696,0.00206148955730174));
#4059=VECTOR('',#5145,1000.0);
#4060=AXIS2_PLACEMENT_3D('',#5146,#5147,#5148);
#4061=CARTESIAN_POINT('',(0.613041884765904,-1.21314319975514,-0.610980395689034));
#4062=AXIS2_PLACEMENT_3D('',#5149,#5150,#5151);
#4063=CARTESIAN_POINT('',(0.866972260096429,-1.21314324736832,0.0020614895706504));
#4064=AXIS2_PLACEMENT_3D('',#5152,#5153,#5154);
#4065=AXIS2_PLACEMENT_3D('',#5155,#5156,#5157);
#4066=CARTESIAN_POINT('',(-1.40996278015253E-16,-0.962687383551879,-1.22293851066024));
#4067=CARTESIAN_POINT('',(-1.89969642626458E-16,-0.669942447528046,-1.72998931403329));
#4068=VECTOR('',#5158,1.0);
#4069=CARTESIAN_POINT('',(-1.10115544189732,-1.01176313905747,-0.292992222346594));
#4070=AXIS2_PLACEMENT_3D('',#5159,#5160,#5161);
#4071=CARTESIAN_POINT('',(-1.18325913712795,-0.962688366057458,-0.31499184119502));
#4072=CARTESIAN_POINT('',(5.82914470910446E-11,-1.6699390913563,0.00206148912221549));
#4073=VECTOR('',#5162,1000.0);
#4074=AXIS2_PLACEMENT_3D('',#5163,#5164,#5165);
#4075=CARTESIAN_POINT('',(-1.94253996226971E-16,-0.847216942014568,-1.02293851066023));
#4076=CARTESIAN_POINT('',(-2.62544306764175E-16,-0.439002339178703,-1.72998931471148));
#4077=VECTOR('',#5166,1.0);
#4078=CARTESIAN_POINT('',(-0.990073971872501,-0.84721831205746,-0.263228032165846));
#4079=AXIS2_PLACEMENT_3D('',#5167,#5168,#5169);
#4080=CARTESIAN_POINT('',(5.82945829202565E-11,-1.43899898300696,0.00206148912221607));
#4081=VECTOR('',#5170,1000.0);
#4082=CARTESIAN_POINT('',(1.025,-0.847216942014568,0.00206148933976836));
#4083=CARTESIAN_POINT('',(1.025,-0.575003821033266,0.00206148933976833));
#4084=CARTESIAN_POINT('',(1.025,-0.711111751566838,0.00206148933976834));
#4085=VECTOR('',#5171,1.0);
#4086=CARTESIAN_POINT('',(0.7247844507162,-0.84721831205749,0.726845940055962));
#4087=AXIS2_PLACEMENT_3D('',#5172,#5173,#5174);
#4088=CARTESIAN_POINT('',(0.724784450716209,-0.57500382103327,0.72684594005596));
#4089=CARTESIAN_POINT('',(0.724784450716193,-0.847218312057495,0.726845940055955));
#4090=VECTOR('',#5175,1000.0);
#4091=AXIS2_PLACEMENT_3D('',#5176,#5177,#5178);
#4092=CARTESIAN_POINT('',(1.225,0.48731163394252,0.0020614893397642));
#4093=CARTESIAN_POINT('',(1.225,-0.962687383551879,0.00206148933976422));
#4094=CARTESIAN_POINT('',(1.225,-0.962688366057458,0.00206148933976422));
#4095=VECTOR('',#5179,1.0);
#4096=CARTESIAN_POINT('',(1.16619037908469,0.658198948092105,0.377061489159997));
#4097=CARTESIAN_POINT('',(1.16619037906483,0.658198948162265,0.377061489122874));
#4098=CARTESIAN_POINT('',(1.20618756308025,0.606969980967403,0.252676605881686));
#4099=CARTESIAN_POINT('',(1.225,0.546970190453532,0.127366910525397));
#4100=CARTESIAN_POINT('',(1.225,0.48731163394252,0.0020614893397642));
#4101=CARTESIAN_POINT('',(1.16619037902688,0.48731163394253,0.377061489249872));
#4102=CARTESIAN_POINT('',(1.16619037908469,0.65819894798451,0.377061488980247));
#4103=VECTOR('',#5180,1000.0);
#4104=CARTESIAN_POINT('',(-0.885,0.48731163394254,0.849056176454147));
#4105=AXIS2_PLACEMENT_3D('',#5181,#5182,#5183);
#4106=CARTESIAN_POINT('',(-0.885,-0.775003821057488,0.849056176450355));
#4107=CARTESIAN_POINT('',(-0.885,-0.962688366057434,0.84905617645414));
#4108=VECTOR('',#5184,1000.0);
#4109=CARTESIAN_POINT('',(-1.18325913722326,-0.775003821057496,0.319114819503451));
#4110=AXIS2_PLACEMENT_3D('',#5185,#5186,#5187);
#4111=CARTESIAN_POINT('',(-1.18325913714037,-0.812688370360685,0.319114819828053));
#4112=VECTOR('',#5188,1000.0);
#4113=CARTESIAN_POINT('',(0.317053330731014,-0.962688366057461,1.18532062641517));
#4114=AXIS2_PLACEMENT_3D('',#5189,#5190,#5191);
#4115=CARTESIAN_POINT('',(0.317053330663783,-0.575003821033311,1.18532062643316));
#4116=CARTESIAN_POINT('',(0.31705333073101,-0.962688366057471,1.18532062641515));
#4117=VECTOR('',#5192,1000.0);
#4118=CARTESIAN_POINT('',(0.866205806953503,-0.575003821033307,0.868267296293277));
#4119=AXIS2_PLACEMENT_3D('',#5193,#5194,#5195);
#4120=CARTESIAN_POINT('',(0.866205806953571,-0.962688366057482,0.868267296293319));
#4121=CARTESIAN_POINT('',(0.866205806953485,-0.812688362552227,0.868267296293282));
#4122=VECTOR('',#5196,1000.0);
#4123=AXIS2_PLACEMENT_3D('',#5197,#5198,#5199);
#4124=CARTESIAN_POINT('',(-4.105,-3.82105749108275E-06,-0.562938510660238));
#4125=CARTESIAN_POINT('',(-24.4559296920434,-3.82105749391997E-06,-0.56293851066024));
#4126=CARTESIAN_POINT('',(-9.075,-3.82105749138708E-06,-0.562938510660239));
#4127=VECTOR('',#5200,1.0);
#4128=CARTESIAN_POINT('',(-24.4559296920434,-3.8210574791744E-06,0.56706148933976));
#4129=CARTESIAN_POINT('',(-24.4559296920434,-3.8210574979409E-06,-0.56293851066024));
#4130=CARTESIAN_POINT('',(-24.4923109776003,0.0709045881322405,-0.564378377715216));
#4131=CARTESIAN_POINT('',(-24.5716720631344,0.204710613694802,-0.538561397278699));
#4132=CARTESIAN_POINT('',(-24.6582289255041,0.406438150006185,-0.415356265791326));
#4133=CARTESIAN_POINT('',(-24.5790597603731,0.536264165878341,-0.214698988841979));
#4134=CARTESIAN_POINT('',(-24.4202306174778,0.592785971924216,0.0514853810894769));
#4135=CARTESIAN_POINT('',(-24.2640227200866,0.456278433992065,0.444921820869091));
#4136=CARTESIAN_POINT('',(-24.38316137599,0.141690654866616,0.564275055663687));
#4137=CARTESIAN_POINT('',(-24.4559069460894,3.99856617507128E-05,0.56706148933976));
#4138=CARTESIAN_POINT('',(-24.4559296920434,-3.8210574791744E-06,0.56706148933976));
#4139=CARTESIAN_POINT('',(-4.105,-3.82105748950494E-06,0.567061489339762));
#4140=CARTESIAN_POINT('',(-9.075,-3.82105748980926E-06,0.56706148933976));
#4141=VECTOR('',#5201,1.0);
#4142=AXIS2_PLACEMENT_3D('',#5202,#5203,#5204);
#4143=CARTESIAN_POINT('',(-3.505,-3.82105749104601E-06,-0.562938510660239));
#4144=CARTESIAN_POINT('',(-3.705,-3.82105749105826E-06,-0.562938510660239));
#4145=CARTESIAN_POINT('',(-9.075,-3.82105749138708E-06,-0.562938510660239));
#4146=VECTOR('',#5205,1.0);
#4147=CARTESIAN_POINT('',(-3.505,-3.8210574894682E-06,0.567061489339761));
#4148=AXIS2_PLACEMENT_3D('',#5206,#5207,#5208);
#4149=CARTESIAN_POINT('',(-3.705,-3.82105748948045E-06,0.567061489339761));
#4150=CARTESIAN_POINT('',(-9.075,-3.82105748980926E-06,0.56706148933976));
#4151=VECTOR('',#5209,1.0);
#4152=CARTESIAN_POINT('',(-3.705,-0.24459880332149,0.511373078302024));
#4153=AXIS2_PLACEMENT_3D('',#5210,#5211,#5212);
#4154=CARTESIAN_POINT('',(-4.105,-0.244598803321488,0.511373078302025));
#4155=CARTESIAN_POINT('',(-4.105,-0.24459880332152,0.511373078301992));
#4156=VECTOR('',#5213,1000.0);
#4157=AXIS2_PLACEMENT_3D('',#5214,#5215,#5216);
#4158=CARTESIAN_POINT('',(-24.4559296920434,-3.82105746759772E-06,0.56706148933976));
#4159=CARTESIAN_POINT('',(-24.4922698801815,-0.0707612238381699,0.568448037301019));
#4160=CARTESIAN_POINT('',(-24.5715363849017,-0.204502925641441,0.542812136825695));
#4161=CARTESIAN_POINT('',(-24.6582064760267,-0.406346515891793,0.419523948235576));
#4162=CARTESIAN_POINT('',(-24.5792814465317,-0.536128409372328,0.219267392734439));
#4163=CARTESIAN_POINT('',(-24.4202225146358,-0.592733523080993,-0.0475310076208729));
#4164=CARTESIAN_POINT('',(-24.2640360363838,-0.457497447463503,-0.439512450144522));
#4165=CARTESIAN_POINT('',(-24.3824661814768,-0.141488121296545,-0.56293851066024));
#4166=CARTESIAN_POINT('',(-24.4559296920434,-3.82105749391997E-06,-0.56293851066024));
#4167=CARTESIAN_POINT('',(-4.105,-0.24459880332151,-0.507250099622493));
#4168=AXIS2_PLACEMENT_3D('',#5217,#5218,#5219);
#4169=CARTESIAN_POINT('',(-3.705,-0.244598803321506,-0.507250099622498));
#4170=CARTESIAN_POINT('',(-3.705,-0.244598803321551,-0.507250099622465));
#4171=VECTOR('',#5220,1000.0);
#4172=AXIS2_PLACEMENT_3D('',#5221,#5222,#5223);
#4173=AXIS2_PLACEMENT_3D('',#5224,#5225,#5226);
#4174=CARTESIAN_POINT('',(-3.505,0.56499617894251,0.00206148933976014));
#4175=AXIS2_PLACEMENT_3D('',#5227,#5228,#5229);
#4176=AXIS2_PLACEMENT_3D('',#5230,#5231,#5232);
#4177=CARTESIAN_POINT('',(-0.885,-0.7750038210575,-1.00793851065701));
#4178=CARTESIAN_POINT('',(-2.085,-0.775003821057485,-1.00793851062949));
#4179=CARTESIAN_POINT('',(-0.978385213719596,-0.775003821057492,-1.00793851059874));
#4180=VECTOR('',#5233,1000.0);
#4181=CARTESIAN_POINT('',(-0.885,-0.775003821057505,-0.844933197771139));
#4182=CARTESIAN_POINT('',(-0.885,-0.775003821057507,-1.10793851066026));
#4183=VECTOR('',#5234,1000.0);
#4184=CARTESIAN_POINT('',(-1.1832591371255,-0.775003821057495,-0.314991841198006));
#4185=AXIS2_PLACEMENT_3D('',#5235,#5236,#5237);
#4186=CARTESIAN_POINT('',(-1.19325474091549,-0.775003821057494,-0.317670155173558));
#4187=CARTESIAN_POINT('',(-1.18325913712163,-0.775003821057475,-0.31499184120646));
#4188=VECTOR('',#5238,1000.0);
#4189=CARTESIAN_POINT('',(-1.28499999999996,-0.775003821057481,-0.0229385106602456));
#4190=CARTESIAN_POINT('',(-0.978385213719485,-0.775003821057492,-1.00793851059874));
#4191=VECTOR('',#5239,1000.0);
#4192=CARTESIAN_POINT('',(-2.085,-0.775003821057476,-0.0229385106602397));
#4193=CARTESIAN_POINT('',(-2.085,-0.775003821057476,-0.0229385106602397));
#4194=VECTOR('',#5240,1000.0);
#4195=CARTESIAN_POINT('',(-2.085,-0.775003821057476,-0.0229385106602397));
#4196=VECTOR('',#5241,1000.0);
#4197=CARTESIAN_POINT('',(0.866205806953588,-0.962688366057461,-0.864144317613748));
#4198=AXIS2_PLACEMENT_3D('',#5242,#5243,#5244);
#4199=CARTESIAN_POINT('',(0.866205806953565,-0.575003821033307,-0.864144317613761));
#4200=CARTESIAN_POINT('',(0.866205806953596,-0.962688366057407,-0.864144317613756));
#4201=VECTOR('',#5245,1000.0);
#4202=CARTESIAN_POINT('',(0.317053330529347,-0.575003821033288,-1.18119764778967));
#4203=AXIS2_PLACEMENT_3D('',#5246,#5247,#5248);
#4204=CARTESIAN_POINT('',(0.317053330533415,-0.962688366057459,-1.18119764778859));
#4205=CARTESIAN_POINT('',(0.317053330529421,-0.812688369536575,-1.18119764778964));
#4206=VECTOR('',#5249,1000.0);
#4207=AXIS2_PLACEMENT_3D('',#5250,#5251,#5252);
#4208=CARTESIAN_POINT('',(-1.18325913712938,-0.962688366057458,-0.314991841189557));
#4209=VECTOR('',#5253,1000.0);
#4210=CARTESIAN_POINT('',(-0.885,0.487311633942525,-0.844933197774613));
#4211=CARTESIAN_POINT('',(-0.885,-0.962688366057482,-0.844933197774611));
#4212=VECTOR('',#5254,1000.0);
#4213=CARTESIAN_POINT('',(1.16619037897053,0.48731163394254,-0.372938510655735));
#4214=AXIS2_PLACEMENT_3D('',#5255,#5256,#5257);
#4215=CARTESIAN_POINT('',(1.16619037899651,0.65819894820951,-0.372938510429453));
#4216=CARTESIAN_POINT('',(1.166190378972,0.48731163394253,-0.372938510651238));
#4217=VECTOR('',#5258,1000.0);
#4218=CARTESIAN_POINT('',(1.166190379009,0.658198948173875,-0.372938510496546));
#4219=CARTESIAN_POINT('',(1.20618756303356,0.606969980983856,-0.248553627250539));
#4220=CARTESIAN_POINT('',(1.225,0.546970190456177,-0.123243931851434));
#4221=CARTESIAN_POINT('',(1.225,0.48731163394252,0.0020614893397642));
#4222=CARTESIAN_POINT('',(-1.19325474091727,-0.57500382104127,-0.317670155166983));
#4223=CARTESIAN_POINT('',(-1.19325474091549,-2.55500382130816,-0.317670155173538));
#4224=VECTOR('',#5259,1000.0);
#4225=CARTESIAN_POINT('',(-1.285,-0.575003821033307,-0.0229385106602484));
#4226=CARTESIAN_POINT('',(-0.947256808999986,-0.575003821033329,-1.10793851066022));
#4227=VECTOR('',#5260,1000.0);
#4228=CARTESIAN_POINT('',(-1.285,-0.575003821033296,-0.0229385106602575));
#4229=VECTOR('',#5261,1000.0);
#4230=CARTESIAN_POINT('',(-0.885,0.564996178942525,1.05206148933976));
#4231=CARTESIAN_POINT('',(-0.885,0.564996178942535,-1.04793851066025));
#4232=CARTESIAN_POINT('',(-0.885,0.56499617894253,1.11206148933983));
#4233=VECTOR('',#5262,1000.0);
#4234=CARTESIAN_POINT('',(-0.73500000000001,0.564996178942545,-1.04793851066026));
#4235=AXIS2_PLACEMENT_3D('',#5263,#5264,#5265);
#4236=CARTESIAN_POINT('',(-0.735000000000013,0.56499617894255,-1.29793851066024));
#4237=CARTESIAN_POINT('',(-0.735000000000013,0.56499617894255,-1.29793851066024));
#4238=VECTOR('',#5266,1000.0);
#4239=CARTESIAN_POINT('',(0.695,0.56499617894255,-1.29793851066024));
#4240=CARTESIAN_POINT('',(-0.735000000000013,0.56499617894255,-1.29793851066024));
#4241=VECTOR('',#5267,1000.0);
#4242=CARTESIAN_POINT('',(0.695,0.56499617894255,-0.947938510660237));
#4243=CARTESIAN_POINT('',(0.695,0.56499617894255,-1.29793851066024));
#4244=VECTOR('',#5268,1000.0);
#4245=CARTESIAN_POINT('',(0.763712847074396,0.564996178942535,-0.459021200663786));
#4246=CARTESIAN_POINT('',(0.695,0.56499617894255,-0.947938510660237));
#4247=VECTOR('',#5269,1000.0);
#4248=CARTESIAN_POINT('',(0.862739653999994,0.56499617894254,-0.372938510660239));
#4249=AXIS2_PLACEMENT_3D('',#5270,#5271,#5272);
#4250=CARTESIAN_POINT('',(0.947315454985054,0.56499617894255,-0.372938510660245));
#4251=CARTESIAN_POINT('',(0.862739655156014,0.56499617894255,-0.372938510660259));
#4252=VECTOR('',#5273,1000.0);
#4253=CARTESIAN_POINT('',(0.947315454980067,0.56499617894255,0.377061489339747));
#4254=CARTESIAN_POINT('',(0.947315454970094,0.56499617894255,0.377061489339748));
#4255=VECTOR('',#5274,1000.0);
#4256=CARTESIAN_POINT('',(0.862739653999994,0.56499617894253,0.377061489339748));
#4257=CARTESIAN_POINT('',(0.947315454970094,0.56499617894255,0.377061489339748));
#4258=VECTOR('',#5275,1000.0);
#4259=CARTESIAN_POINT('',(0.763712847056438,0.564996178942505,0.463144179205018));
#4260=AXIS2_PLACEMENT_3D('',#5276,#5277,#5278);
#4261=CARTESIAN_POINT('',(0.695,0.564996178942545,0.952061489339781));
#4262=CARTESIAN_POINT('',(0.763712846956616,0.56499617894254,0.46314417964906));
#4263=VECTOR('',#5279,1000.0);
#4264=CARTESIAN_POINT('',(0.695,0.564996178942545,1.30206148933975));
#4265=CARTESIAN_POINT('',(0.695,0.56499617894255,0.952061489339948));
#4266=VECTOR('',#5280,1000.0);
#4267=CARTESIAN_POINT('',(-0.735000000000013,0.56499617894253,1.30206148933975));
#4268=CARTESIAN_POINT('',(0.695,0.56499617894254,1.30206148933975));
#4269=VECTOR('',#5281,1000.0);
#4270=CARTESIAN_POINT('',(-0.73500000000001,0.564996178942525,1.05206148933462));
#4271=CARTESIAN_POINT('',(-0.735000000000013,0.56499617894251,1.05206148933974));
#4272=VECTOR('',#5282,1000.0);
#4273=AXIS2_PLACEMENT_3D('',#5283,#5284,#5285);
#4274=CARTESIAN_POINT('',(-3.305,0.57499617894255,0.705438642967818));
#4275=CARTESIAN_POINT('',(-2.905,0.57499617894255,0.705438642967811));
#4276=CARTESIAN_POINT('',(0.947315455000014,0.57499617894255,0.705438642967811));
#4277=VECTOR('',#5286,1000.0);
#4278=CARTESIAN_POINT('',(-2.905,0.57499617894255,-0.701315664288295));
#4279=CARTESIAN_POINT('',(-2.905,0.57499617894255,-0.704595791660241));
#4280=VECTOR('',#5287,1000.0);
#4281=CARTESIAN_POINT('',(-3.305,0.57499617894255,-0.701315664288294));
#4282=CARTESIAN_POINT('',(0.947315455000014,0.57499617894255,-0.701315664288278));
#4283=VECTOR('',#5288,1000.0);
#4284=CARTESIAN_POINT('',(-3.305,0.57499617894255,-1.29793851066024));
#4285=VECTOR('',#5289,1000.0);
#4286=CARTESIAN_POINT('',(-2.085,0.574996178942555,1.11181133289412));
#4287=CARTESIAN_POINT('',(-2.085,0.57499617894255,-1.10768835421463));
#4288=CARTESIAN_POINT('',(-2.085,0.574996178942555,1.31206148933975));
#4289=VECTOR('',#5290,1000.0);
#4290=CARTESIAN_POINT('',(-2.32494771993465,0.574997344082175,1.11180864654895));
#4291=CARTESIAN_POINT('',(-2.32489526012473,0.574996178942555,1.11181133289412));
#4292=VECTOR('',#5291,1000.0);
#4293=CARTESIAN_POINT('',(-2.4249178358444,0.57500824192243,1.01093483926989));
#4294=CARTESIAN_POINT('',(-2.3250002375943,0.57499617889322,1.11180607864804));
#4295=CARTESIAN_POINT('',(-2.37815848039097,0.57499617889322,1.11179687818199));
#4296=CARTESIAN_POINT('',(-2.42457432305637,0.574996178942548,1.06339777283497));
#4297=CARTESIAN_POINT('',(-2.42488043705566,0.57499617894255,1.01093462105401));
#4298=CARTESIAN_POINT('',(-2.72500000003896,0.574996178942555,0.721811332918603));
#4299=AXIS2_PLACEMENT_3D('',#5292,#5293,#5294);
#4300=CARTESIAN_POINT('',(-4.105,0.574996178942555,0.721811332894139));
#4301=CARTESIAN_POINT('',(-2.725,0.574996178942555,0.721811332894139));
#4302=VECTOR('',#5295,1000.0);
#4303=CARTESIAN_POINT('',(-4.105,0.57499617894255,0.70543864297283));
#4304=CARTESIAN_POINT('',(-4.105,0.57499617894255,-1.29793851066024));
#4305=VECTOR('',#5296,1000.0);
#4306=CARTESIAN_POINT('',(-3.705,0.57499617894255,0.705438642972822));
#4307=CARTESIAN_POINT('',(0.947315455000014,0.57499617894255,0.705438642972822));
#4308=VECTOR('',#5297,1000.0);
#4309=CARTESIAN_POINT('',(-3.705,0.57499617894255,-0.70131566429327));
#4310=CARTESIAN_POINT('',(-3.705,0.57499617894255,0.00790647533975265));
#4311=VECTOR('',#5298,1000.0);
#4312=CARTESIAN_POINT('',(-4.105,0.57499617894255,-0.701315664293304));
#4313=CARTESIAN_POINT('',(0.947315455000014,0.57499617894255,-0.701315664293298));
#4314=VECTOR('',#5299,1000.0);
#4315=CARTESIAN_POINT('',(-4.105,0.57499617894255,-0.717688354214623));
#4316=CARTESIAN_POINT('',(-4.105,0.57499617894255,-1.29793851066024));
#4317=VECTOR('',#5300,1000.0);
#4318=CARTESIAN_POINT('',(-2.72499999965973,0.57499617894255,-0.717688354305418));
#4319=CARTESIAN_POINT('',(-4.105,0.57499617894255,-0.717688354214623));
#4320=VECTOR('',#5301,1000.0);
#4321=CARTESIAN_POINT('',(-2.42493910145578,0.575000297512685,-1.00509302068922));
#4322=AXIS2_PLACEMENT_3D('',#5302,#5303,#5304);
#4323=CARTESIAN_POINT('',(-2.32497171593887,0.57499739034211,-1.10768565939915));
#4324=CARTESIAN_POINT('',(-2.42484918498584,0.57499617894255,-1.00509401862809));
#4325=CARTESIAN_POINT('',(-2.42543999793293,0.574996178942568,-1.05832755443306));
#4326=CARTESIAN_POINT('',(-2.37871490687108,0.574996179146345,-1.107673803194));
#4327=CARTESIAN_POINT('',(-2.32500023754951,0.574996179146345,-1.10768309994656));
#4328=CARTESIAN_POINT('',(-2.32656576999998,0.57499617894255,-1.10768835421463));
#4329=VECTOR('',#5305,1000.0);
#4330=CARTESIAN_POINT('',(-0.885,0.48731163394251,-1.23763851066024));
#4331=VECTOR('',#5306,1000.0);
#4332=CARTESIAN_POINT('',(1.025,0.487311633942515,0.377061489339747));
#4333=CARTESIAN_POINT('',(1.1668546323739,0.48731163394252,0.377061489339747));
#4334=VECTOR('',#5307,1000.0);
#4335=CARTESIAN_POINT('',(1.025,0.48731163394251,-0.372938510660231));
#4336=CARTESIAN_POINT('',(1.025,0.48731163394251,-0.372938510660231));
#4337=VECTOR('',#5308,1000.0);
#4338=CARTESIAN_POINT('',(1.025,0.48731163394251,-0.372938510660231));
#4339=VECTOR('',#5309,1000.0);
#4340=CARTESIAN_POINT('',(0.265289521587608,-0.575003821033311,0.992135461190264));
#4341=CARTESIAN_POINT('',(-0.99007397188676,-0.57500382103331,0.267351010792034));
#4342=AXIS2_PLACEMENT_3D('',#5310,#5311,#5312);
#4343=CARTESIAN_POINT('',(0.265289521587589,-0.847218312057479,0.992135461190261));
#4344=CARTESIAN_POINT('',(0.265289521631989,-0.812688367984641,0.992135461178365));
#4345=VECTOR('',#5313,1000.0);
#4346=AXIS2_PLACEMENT_3D('',#5314,#5315,#5316);
#4347=CARTESIAN_POINT('',(-0.990073971892991,-0.847218312057487,0.267351010768763));
#4348=VECTOR('',#5317,1000.0);
#4349=CARTESIAN_POINT('',(-4.105,-0.0147318688296702,0.653844124565777));
#4350=CARTESIAN_POINT('',(-4.105,-0.0147318716123701,0.653844124116275));
#4351=VECTOR('',#5318,1000.0);
#4352=CARTESIAN_POINT('',(-3.705,-0.0147318688163001,0.65384412477306));
#4353=CARTESIAN_POINT('',(-3.705,-0.0147318688788102,0.653844124767567));
#4354=VECTOR('',#5319,1000.0);
#4355=CARTESIAN_POINT('',(-3.705,0.56499617894254,0.70456375633977));
#4356=VECTOR('',#5320,1000.0);
#4357=AXIS2_PLACEMENT_3D('',#5321,#5322,#5323);
#4358=AXIS2_PLACEMENT_3D('',#5324,#5325,#5326);
#4359=CARTESIAN_POINT('',(-2.72500000006996,0.76499617894249,0.52206152411797));
#4360=CARTESIAN_POINT('',(-4.105,0.76499617894252,0.522061489339757));
#4361=CARTESIAN_POINT('',(-2.72500000000489,0.76499617894254,0.522061489339757));
#4362=VECTOR('',#5327,1000.0);
#4363=AXIS2_PLACEMENT_3D('',#5328,#5329,#5330);
#4364=AXIS2_PLACEMENT_3D('',#5331,#5332,#5333);
#4365=CARTESIAN_POINT('',(-2.23725010809327,0.764996179145065,0.912061497675319));
#4366=AXIS2_PLACEMENT_3D('',#5334,#5335,#5336);
#4367=CARTESIAN_POINT('',(-2.085,0.76499617894251,0.912061489339751));
#4368=CARTESIAN_POINT('',(-2.085,0.76499617894253,0.912061489339768));
#4369=VECTOR('',#5337,1000.0);
#4370=CARTESIAN_POINT('',(-2.085,0.7649961789425,1.11206148933976));
#4371=CARTESIAN_POINT('',(-2.085,0.7649961789425,1.11206148933975));
#4372=VECTOR('',#5338,1000.0);
#4373=CARTESIAN_POINT('',(-0.885,0.764996178942525,1.11206148933976));
#4374=CARTESIAN_POINT('',(-0.885,0.7649961789425,1.11206148933975));
#4375=VECTOR('',#5339,1000.0);
#4376=CARTESIAN_POINT('',(-0.885,0.76499617894254,1.05206148933977));
#4377=CARTESIAN_POINT('',(-0.885,0.76499617894254,1.05206148933977));
#4378=VECTOR('',#5340,1000.0);
#4379=CARTESIAN_POINT('',(-0.73500000000001,0.764996178942525,1.05206148933975));
#4380=AXIS2_PLACEMENT_3D('',#5341,#5342,#5343);
#4381=CARTESIAN_POINT('',(-0.735000000000013,0.764996178942525,1.30206148933975));
#4382=CARTESIAN_POINT('',(-0.735000000000013,0.76499617894252,1.30206148933975));
#4383=VECTOR('',#5344,1000.0);
#4384=CARTESIAN_POINT('',(0.695,0.764996178942525,1.30206148933975));
#4385=CARTESIAN_POINT('',(0.695,0.76499617894252,1.30206148933975));
#4386=VECTOR('',#5345,1000.0);
#4387=CARTESIAN_POINT('',(0.695,0.76499617894252,0.952061489340011));
#4388=CARTESIAN_POINT('',(0.695,0.76499617894252,1.30206148933975));
#4389=VECTOR('',#5346,1000.0);
#4390=CARTESIAN_POINT('',(0.763712847056427,0.76499617894252,0.463144179205006));
#4391=CARTESIAN_POINT('',(0.695,0.76499617894252,0.95206148934014));
#4392=VECTOR('',#5347,1000.0);
#4393=CARTESIAN_POINT('',(0.862739653999994,0.76499617894253,0.377061489339742));
#4394=AXIS2_PLACEMENT_3D('',#5348,#5349,#5350);
#4395=CARTESIAN_POINT('',(0.947315454964413,0.764996178942525,0.377061489339746));
#4396=CARTESIAN_POINT('',(0.862739653999994,0.76499617894253,0.377061489339746));
#4397=VECTOR('',#5351,1000.0);
#4398=CARTESIAN_POINT('',(0.947315454893211,0.764996178942515,-0.372938510460243));
#4399=CARTESIAN_POINT('',(0.947315454893211,0.76499617894251,-0.37293851036025));
#4400=VECTOR('',#5352,1000.0);
#4401=CARTESIAN_POINT('',(0.862739653999994,0.764996178942525,-0.372938510660237));
#4402=CARTESIAN_POINT('',(0.862739653999994,0.76499617894253,-0.372938510660232));
#4403=VECTOR('',#5353,1000.0);
#4404=CARTESIAN_POINT('',(0.76371284706321,0.76499617894251,-0.459021200743289));
#4405=AXIS2_PLACEMENT_3D('',#5354,#5355,#5356);
#4406=CARTESIAN_POINT('',(0.695,0.76499617894252,-0.947938510660238));
#4407=CARTESIAN_POINT('',(0.763712846926001,0.76499617894252,-0.459021201186539));
#4408=VECTOR('',#5357,1000.0);
#4409=CARTESIAN_POINT('',(0.695,0.764996178942525,-1.29793851066025));
#4410=CARTESIAN_POINT('',(0.695,0.76499617894252,-0.94793851066035));
#4411=VECTOR('',#5358,1000.0);
#4412=CARTESIAN_POINT('',(-0.735000000000013,0.76499617894251,-1.29793851066025));
#4413=CARTESIAN_POINT('',(-0.735000000000013,0.76499617894253,-1.29793851066026));
#4414=VECTOR('',#5359,1000.0);
#4415=CARTESIAN_POINT('',(-0.73500000000001,0.7649961789425,-1.04793851066026));
#4416=CARTESIAN_POINT('',(-0.735000000000013,0.7649961789425,-1.04793851066026));
#4417=VECTOR('',#5360,1000.0);
#4418=CARTESIAN_POINT('',(-0.885,0.76499617894252,-1.04793851066025));
#4419=AXIS2_PLACEMENT_3D('',#5361,#5362,#5363);
#4420=CARTESIAN_POINT('',(-0.885,0.764996178942535,-1.10793851066024));
#4421=CARTESIAN_POINT('',(-0.885,0.76499617894253,-1.10793851076023));
#4422=VECTOR('',#5364,1000.0);
#4423=CARTESIAN_POINT('',(-2.085,0.764996178942525,-1.10793851066024));
#4424=CARTESIAN_POINT('',(-2.085,0.76499617894254,-1.10793851066025));
#4425=VECTOR('',#5365,1000.0);
#4426=CARTESIAN_POINT('',(-2.085,0.764996178942525,-0.907938510660254));
#4427=CARTESIAN_POINT('',(-2.085,0.76499617894252,-0.907938510660254));
#4428=VECTOR('',#5366,1000.0);
#4429=CARTESIAN_POINT('',(-2.23725011435183,0.764996178768505,-0.907938518675719));
#4430=CARTESIAN_POINT('',(-2.23725006400002,0.76499617894252,-0.907938510660254));
#4431=VECTOR('',#5367,1000.0);
#4432=CARTESIAN_POINT('',(-2.72500013488318,0.76499617849284,-0.517938556885446));
#4433=AXIS2_PLACEMENT_3D('',#5368,#5369,#5370);
#4434=CARTESIAN_POINT('',(-4.105,0.764996178942515,-0.517938510660244));
#4435=CARTESIAN_POINT('',(-4.105,0.76499617894251,-0.517938510660244));
#4436=VECTOR('',#5371,1000.0);
#4437=CARTESIAN_POINT('',(-4.105,0.76499617894251,-0.517938510660244));
#4438=VECTOR('',#5372,1000.0);
#4439=CARTESIAN_POINT('',(-2.42495419169693,0.57502422770473,1.01094781387767));
#4440=CARTESIAN_POINT('',(-2.42354407975629,0.606601605924305,1.00618899078092));
#4441=CARTESIAN_POINT('',(-2.41550215977516,0.678761524019699,1.00234292249445));
#4442=CARTESIAN_POINT('',(-2.29935049044861,0.764996179489908,0.951273703425392));
#4443=CARTESIAN_POINT('',(-2.23725006400002,0.764996179308008,0.91206148933977));
#4444=CARTESIAN_POINT('',(-2.23725008735791,0.764996178942541,0.912061547688628));
#4445=CARTESIAN_POINT('',(-2.29283781358938,0.764996138430861,1.05092171783827));
#4446=CARTESIAN_POINT('',(-2.32205287117832,0.638826095249761,1.10861584021331));
#4447=CARTESIAN_POINT('',(-2.32489526012474,0.574996178942552,1.11181133289412));
#4448=AXIS2_PLACEMENT_3D('',#5373,#5374,#5375);
#4449=AXIS2_PLACEMENT_3D('',#5376,#5377,#5378);
#4450=CARTESIAN_POINT('',(-2.085,0.56499617896049,-1.30793851066025));
#4451=AXIS2_PLACEMENT_3D('',#5379,#5380,#5381);
#4452=CARTESIAN_POINT('',(-2.085,-0.475003821057498,-1.30793851066025));
#4453=CARTESIAN_POINT('',(-2.085,0.56499617894254,-1.30793851066026));
#4454=VECTOR('',#5382,1000.0);
#4455=AXIS2_PLACEMENT_3D('',#5383,#5384,#5385);
#4456=CARTESIAN_POINT('',(-2.085,-0.575003821049216,-0.0229385106602466));
#4457=CARTESIAN_POINT('',(-2.085,-0.775003821057476,-0.0229385106602397));
#4458=VECTOR('',#5386,1000.0);
#4459=CARTESIAN_POINT('',(-2.085,-0.57500382105739,0.0270614893397663));
#4460=CARTESIAN_POINT('',(-2.085,-0.57500382105717,-1.17293851066022));
#4461=VECTOR('',#5387,1000.0);
#4462=CARTESIAN_POINT('',(-2.085,-0.775003821057456,0.0270614893397671));
#4463=CARTESIAN_POINT('',(-2.085,-0.575003821057492,0.0270614893397663));
#4464=VECTOR('',#5388,1000.0);
#4465=CARTESIAN_POINT('',(-2.085,-0.775003821057449,1.01206148936026));
#4466=CARTESIAN_POINT('',(-2.085,-0.775003821057449,1.01206148940126));
#4467=VECTOR('',#5389,1000.0);
#4468=CARTESIAN_POINT('',(-2.085,-0.475003821057462,1.31206148933976));
#4469=AXIS2_PLACEMENT_3D('',#5390,#5391,#5392);
#4470=CARTESIAN_POINT('',(-2.085,0.56499617896987,1.31206148933976));
#4471=CARTESIAN_POINT('',(-2.085,-0.47500382105747,1.31206148933976));
#4472=VECTOR('',#5393,1000.0);
#4473=AXIS2_PLACEMENT_3D('',#5394,#5395,#5396);
#4474=CARTESIAN_POINT('',(-2.085,0.339995618630134,0.00144422756253028));
#4475=AXIS2_PLACEMENT_3D('',#5397,#5398,#5399);
#4476=AXIS2_PLACEMENT_3D('',#5400,#5401,#5402);
#4477=CARTESIAN_POINT('',(-1.19325474108455,-0.775003821057469,0.321793133310297));
#4478=CARTESIAN_POINT('',(-1.19325474100309,-0.575003821033288,0.321793133571946));
#4479=CARTESIAN_POINT('',(-1.19325474108456,-2.55500382128424,0.321793133310292));
#4480=VECTOR('',#5403,1000.0);
#4481=CARTESIAN_POINT('',(-1.285,-0.775003821057469,0.0270614893397659));
#4482=CARTESIAN_POINT('',(-1.285,-0.775003821057469,0.0270614893397681));
#4483=VECTOR('',#5404,1000.0);
#4484=CARTESIAN_POINT('',(-1.285,-0.575003821034142,0.0270614893397594));
#4485=CARTESIAN_POINT('',(-1.285,-0.57500382103934,0.0270614893397613));
#4486=VECTOR('',#5405,1000.0);
#4487=CARTESIAN_POINT('',(-1.285,-0.575003821033289,0.0270614893397503));
#4488=VECTOR('',#5406,1000.0);
#4489=CARTESIAN_POINT('',(-1.285,-0.775003821057469,0.0270614893397681));
#4490=VECTOR('',#5407,1000.0);
#4491=CARTESIAN_POINT('',(-2.085,-0.575003821057492,0.0270614893397663));
#4492=VECTOR('',#5408,1000.0);
#4493=CARTESIAN_POINT('',(-1.19325474108456,-0.775003821057471,0.321793133310307));
#4494=VECTOR('',#5409,1000.0);
#4495=CARTESIAN_POINT('',(-0.885,-0.775003821057462,1.01206148937051));
#4496=CARTESIAN_POINT('',(-0.885,-0.775003821057475,0.84905617645414));
#4497=VECTOR('',#5410,1000.0);
#4498=CARTESIAN_POINT('',(-2.085,-0.775003821057449,1.01206148940126));
#4499=VECTOR('',#5411,1000.0);
#4500=CARTESIAN_POINT('',(-0.885,-0.475003821057462,1.31206148933975));
#4501=AXIS2_PLACEMENT_3D('',#5412,#5413,#5414);
#4502=CARTESIAN_POINT('',(-0.885,-0.47500382105747,1.31206148933976));
#4503=VECTOR('',#5415,1000.0);
#4504=CARTESIAN_POINT('',(-0.885,0.56499617896987,1.31206148933976));
#4505=CARTESIAN_POINT('',(-2.085,0.56499617902455,1.31206148933977));
#4506=VECTOR('',#5416,1000.0);
#4507=CARTESIAN_POINT('',(-0.885,0.56499617900407,1.31206148933975));
#4508=VECTOR('',#5417,1000.0);
#4509=AXIS2_PLACEMENT_3D('',#5418,#5419,#5420);
#4510=CARTESIAN_POINT('',(-0.885,-0.475003821057496,-1.30793851066023));
#4511=AXIS2_PLACEMENT_3D('',#5421,#5422,#5423);
#4512=CARTESIAN_POINT('',(-0.885,0.5649961789545,-1.30793851066023));
#4513=CARTESIAN_POINT('',(-0.885,-0.47500382105749,-1.30793851066023));
#4514=VECTOR('',#5424,1000.0);
#4515=AXIS2_PLACEMENT_3D('',#5425,#5426,#5427);
#4516=CARTESIAN_POINT('',(-0.885,0.56499617894253,-1.04793851066025));
#4517=VECTOR('',#5428,1000.0);
#4518=CARTESIAN_POINT('',(-0.885,0.76499617894254,1.05206148933977));
#4519=VECTOR('',#5429,1000.0);
#4520=CARTESIAN_POINT('',(-0.735000000000013,0.56499617894251,1.05206148933974));
#4521=VECTOR('',#5430,1000.0);
#4522=CARTESIAN_POINT('',(-0.735000000000013,0.10499617894251,1.30206148933975));
#4523=CARTESIAN_POINT('',(-0.735000000000013,0.10499617894251,1.30206148933975));
#4524=VECTOR('',#5431,1000.0);
#4525=CARTESIAN_POINT('',(-0.735000000000013,0.104996178942516,1.50206148933975));
#4526=CARTESIAN_POINT('',(-0.735000000000013,0.10499617894251,1.30206148933975));
#4527=VECTOR('',#5432,1000.0);
#4528=CARTESIAN_POINT('',(-0.735000000000013,0.564996178954505,1.50206148933974));
#4529=CARTESIAN_POINT('',(-0.735000000000013,0.56499617897844,1.50206148933974));
#4530=VECTOR('',#5433,1000.0);
#4531=AXIS2_PLACEMENT_3D('',#5434,#5435,#5436);
#4532=CARTESIAN_POINT('',(0.695,0.564996178954495,1.50206148933975));
#4533=CARTESIAN_POINT('',(-0.735000000000013,0.56499617897844,1.50206148933974));
#4534=VECTOR('',#5437,1000.0);
#4535=AXIS2_PLACEMENT_3D('',#5438,#5439,#5440);
#4536=CARTESIAN_POINT('',(0.695,0.76499617894252,0.952061489339752));
#4537=VECTOR('',#5441,1000.0);
#4538=CARTESIAN_POINT('',(0.695,0.104996178942516,1.50206148933975));
#4539=CARTESIAN_POINT('',(0.695,0.56499617894252,1.50206148933976));
#4540=VECTOR('',#5442,1000.0);
#4541=CARTESIAN_POINT('',(0.695,0.10499617894251,1.30206148933975));
#4542=CARTESIAN_POINT('',(0.695,0.10499617894251,1.30206148933975));
#4543=VECTOR('',#5443,1000.0);
#4544=CARTESIAN_POINT('',(0.695,0.10499617894251,1.30206148933975));
#4545=VECTOR('',#5444,1000.0);
#4546=CARTESIAN_POINT('',(0.695,0.10499617894251,1.30206148933975));
#4547=VECTOR('',#5445,1000.0);
#4548=CARTESIAN_POINT('',(-0.735000000000013,0.10499617894253,1.50206148933975));
#4549=VECTOR('',#5446,1000.0);
#4550=CARTESIAN_POINT('',(0.763712847129311,0.76499617894252,0.463144179218957));
#4551=VECTOR('',#5447,1000.0);
#4552=CARTESIAN_POINT('',(0.862739653999994,0.56499617894255,0.377061489339748));
#4553=VECTOR('',#5448,1000.0);
#4554=AXIS2_PLACEMENT_3D('',#5449,#5450,#5451);
#4555=AXIS2_PLACEMENT_3D('',#5452,#5453,#5454);
#4556=AXIS2_PLACEMENT_3D('',#5455,#5456,#5457);
#4557=AXIS2_PLACEMENT_3D('',#5458,#5459,#5460);
#4558=CARTESIAN_POINT('',(0.862739653999994,0.76499617894253,-0.372938510660232));
#4559=VECTOR('',#5461,1000.0);
#4560=CARTESIAN_POINT('',(0.265289521509135,-0.847218312057477,-0.988012482531783));
#4561=CARTESIAN_POINT('',(0.265289521498847,-0.575003821033291,-0.988012482534534));
#4562=CARTESIAN_POINT('',(0.265289521498902,-0.84721831205741,-0.988012482534547));
#4563=VECTOR('',#5462,1000.0);
#4564=CARTESIAN_POINT('',(-0.990073971874302,-0.575003821033306,-0.263228032159051));
#4565=AXIS2_PLACEMENT_3D('',#5463,#5464,#5465);
#4566=CARTESIAN_POINT('',(-0.990073971874311,-0.812688369134598,-0.263228032159052));
#4567=VECTOR('',#5466,1000.0);
#4568=AXIS2_PLACEMENT_3D('',#5467,#5468,#5469);
#4569=CARTESIAN_POINT('',(1.81343749065496E-14,-1.43899898300696,0.00206148933975628));
#4570=VECTOR('',#5470,1000.0);
#4571=CARTESIAN_POINT('',(0.724784450716171,-0.847218312057472,-0.722722961376428));
#4572=AXIS2_PLACEMENT_3D('',#5471,#5472,#5473);
#4573=CARTESIAN_POINT('',(-2.46061790834994E-14,-1.43899898300696,0.0020614893397498));
#4574=VECTOR('',#5474,1000.0);
#4575=CARTESIAN_POINT('',(0.724784450716188,-0.575003821033265,-0.722722961376459));
#4576=AXIS2_PLACEMENT_3D('',#5475,#5476,#5477);
#4577=CARTESIAN_POINT('',(0.724784450716193,-0.812688360795452,-0.72272296137645));
#4578=VECTOR('',#5478,1000.0);
#4579=CARTESIAN_POINT('',(-1.30732367399999,-0.575003821033275,-0.348234833660226));
#4580=VECTOR('',#5479,1000.0);
#4581=CARTESIAN_POINT('',(-0.197065605886185,-0.575003821033298,0.737520343649441));
#4582=VECTOR('',#5480,1000.0);
#4583=CARTESIAN_POINT('',(-0.0885000000000192,-0.575003821033276,0.0905614893397513));
#4584=VECTOR('',#5481,1000.0);
#4585=CARTESIAN_POINT('',(0.9235,-0.575003821033281,0.925561489339737));
#4586=VECTOR('',#5482,1000.0);
#4587=CARTESIAN_POINT('',(0.308934394204458,-0.575003821033294,1.1550203436076));
#4588=VECTOR('',#5483,1000.0);
#4589=CARTESIAN_POINT('',(-0.746708008000002,-0.575003821033287,0.202141297339752));
#4590=VECTOR('',#5484,1000.0);
#4591=CARTESIAN_POINT('',(-1.75,-0.575003821033296,-0.0229385106602575));
#4592=VECTOR('',#5485,1000.0);
#4593=AXIS2_PLACEMENT_3D('',#5486,#5487,#5488);
#4594=CARTESIAN_POINT('',(-1.10115544189601,-1.11176313905748,-0.292992222351537));
#4595=VECTOR('',#5489,1000.0);
#4596=AXIS2_PLACEMENT_3D('',#5490,#5491,#5492);
#4597=CARTESIAN_POINT('',(2.1754150066031E-10,-1.43899898300696,0.00206148939806448));
#4598=VECTOR('',#5493,1000.0);
#4599=CARTESIAN_POINT('',(2.17544667048697E-10,-1.6699390913563,0.00206148939805298));
#4600=VECTOR('',#5494,1000.0);
#4601=CARTESIAN_POINT('',(0.224388866459289,-1.21314384841807,-0.835369161136787));
#4602=AXIS2_PLACEMENT_3D('',#5495,#5496,#5497);
#4603=CARTESIAN_POINT('',(0.329179973103564,-1.38500379774922,-1.22645489658696));
#4604=CARTESIAN_POINT('',(2.17546512833458E-10,-0.845138434688751,0.00206148939804495));
#4605=VECTOR('',#5498,1000.0);
#4606=CARTESIAN_POINT('',(0.349405704575049,-1.20090282527192,-1.30193835306268));
#4607=CARTESIAN_POINT('',(2.17548031831265E-10,-4.38129988804277,0.00206148939804436));
#4608=VECTOR('',#5499,1000.0);
#4609=CARTESIAN_POINT('',(2.17544581529951E-10,-0.627866362722384,0.00206148939805176));
#4610=VECTOR('',#5500,1000.0);
#4611=CARTESIAN_POINT('',(0.806101730552703,-1.01176313905746,0.808163219892445));
#4612=CARTESIAN_POINT('',(1.19386775722062E-14,-1.6699390913563,0.00206148933975015));
#4613=VECTOR('',#5501,1000.0);
#4614=CARTESIAN_POINT('',(0.806101730552711,-1.01176313905748,-0.804040241212855));
#4615=AXIS2_PLACEMENT_3D('',#5502,#5503,#5504);
#4616=CARTESIAN_POINT('',(-1.83821997427075E-14,-1.6699390913563,0.00206148933974367));
#4617=VECTOR('',#5505,1000.0);
#4618=CARTESIAN_POINT('',(0.806101730552696,-1.11176313905747,-0.804040241212854));
#4619=CARTESIAN_POINT('',(0.806101730552705,-1.11176313905742,-0.804040241212826));
#4620=VECTOR('',#5506,1000.0);
#4621=CARTESIAN_POINT('',(0.954594154592604,-1.2009028500528,-0.952532665264929));
#4622=CARTESIAN_POINT('',(-1.79093555984483E-14,-0.627866362722384,0.00206148933974299));
#4623=VECTOR('',#5507,1000.0);
#4624=CARTESIAN_POINT('',(0.899336428267556,-1.38500382105773,-0.897274938939236));
#4625=CARTESIAN_POINT('',(-1.33096378432709E-14,-4.38129988804277,0.0020614893397391));
#4626=VECTOR('',#5508,1000.0);
#4627=CARTESIAN_POINT('',(-1.42161473210344E-14,-0.845138434688751,0.00206148933973935));
#4628=VECTOR('',#5509,1000.0);
#4629=CARTESIAN_POINT('',(0.613042068016522,-1.21314259325213,0.615103557718624));
#4630=AXIS2_PLACEMENT_3D('',#5510,#5511,#5512);
#4631=AXIS2_PLACEMENT_3D('',#5513,#5514,#5515);
#4632=CARTESIAN_POINT('',(0.899336428273185,-1.38500382105773,0.901397917612949));
#4633=CARTESIAN_POINT('',(7.67161620212083E-15,-0.845138434688751,0.00206148933974582));
#4634=VECTOR('',#5516,1000.0);
#4635=CARTESIAN_POINT('',(0.954594154599212,-1.20090285005592,0.956655643938979));
#4636=CARTESIAN_POINT('',(7.19816160486923E-15,-4.38129988804277,0.00206148933974557));
#4637=VECTOR('',#5517,1000.0);
#4638=CARTESIAN_POINT('',(0.806101730552687,-1.1117631390575,0.808163219892435));
#4639=CARTESIAN_POINT('',(1.1338216324787E-14,-0.627866362722384,0.00206148933974946));
#4640=VECTOR('',#5518,1000.0);
#4641=CARTESIAN_POINT('',(0.806101730552705,-1.01176313905749,0.808163219892447));
#4642=VECTOR('',#5519,1000.0);
#4643=AXIS2_PLACEMENT_3D('',#5520,#5521,#5522);
#4644=AXIS2_PLACEMENT_3D('',#5523,#5524,#5525);
#4645=AXIS2_PLACEMENT_3D('',#5526,#5527,#5528);
#4646=CARTESIAN_POINT('',(2.17568336217727E-10,-1.43899898300696,0.00206148928147715));
#4647=VECTOR('',#5529,1000.0);
#4648=CARTESIAN_POINT('',(2.17565198111347E-10,-1.6699390913563,0.00206148928146566));
#4649=VECTOR('',#5530,1000.0);
#4650=CARTESIAN_POINT('',(0.349405690440523,-1.2009030389171,1.30606127731488));
#4651=CARTESIAN_POINT('',(2.1756515601299E-10,-0.627866362722384,0.00206148928146443));
#4652=VECTOR('',#5531,1000.0);
#4653=CARTESIAN_POINT('',(0.329179144775359,-1.38500245226047,1.23057478208087));
#4654=CARTESIAN_POINT('',(2.17562217737656E-10,-4.38129988804277,0.00206148928145702));
#4655=VECTOR('',#5532,1000.0);
#4656=CARTESIAN_POINT('',(0.224389007271044,-1.21314193595847,0.839492664561238));
#4657=CARTESIAN_POINT('',(2.17563277499109E-10,-0.845138434688751,0.00206148928145762));
#4658=VECTOR('',#5533,1000.0);
#4659=AXIS2_PLACEMENT_3D('',#5534,#5535,#5536);
#4660=AXIS2_PLACEMENT_3D('',#5537,#5538,#5539);
#4661=CARTESIAN_POINT('',(-1.10115544191031,-1.01176313905748,0.297115200977868));
#4662=VECTOR('',#5540,1000.0);
#4663=AXIS2_PLACEMENT_3D('',#5541,#5542,#5543);
#4664=AXIS2_PLACEMENT_3D('',#5544,#5545,#5546);
#4665=AXIS2_PLACEMENT_3D('',#5547,#5548,#5549);
#4666=CARTESIAN_POINT('',(-0.885,0.56499617897846,-1.30793851066024));
#4667=VECTOR('',#5550,1000.0);
#4668=CARTESIAN_POINT('',(-2.085,-0.47500382105749,-1.30793851066023));
#4669=VECTOR('',#5551,1000.0);
#4670=CARTESIAN_POINT('',(-0.735000000000013,0.7649961789425,-1.04793851066026));
#4671=VECTOR('',#5552,1000.0);
#4672=CARTESIAN_POINT('',(-0.735000000000013,0.10499617894252,-1.29793851066024));
#4673=CARTESIAN_POINT('',(-0.735000000000013,0.56499617894255,-1.29793851066024));
#4674=VECTOR('',#5553,1000.0);
#4675=CARTESIAN_POINT('',(-0.735000000000013,0.56499617896989,-1.49793851066024));
#4676=AXIS2_PLACEMENT_3D('',#5554,#5555,#5556);
#4677=CARTESIAN_POINT('',(-0.735000000000013,0.10499617894254,-1.49793851066025));
#4678=CARTESIAN_POINT('',(-0.735000000000013,0.56499617894253,-1.49793851066024));
#4679=VECTOR('',#5557,1000.0);
#4680=CARTESIAN_POINT('',(-0.735000000000013,0.10499617894254,-1.49793851066025));
#4681=VECTOR('',#5558,1000.0);
#4682=CARTESIAN_POINT('',(0.695,0.10499617894252,-1.29793851066024));
#4683=CARTESIAN_POINT('',(-0.735000000000013,0.10499617894251,-1.29793851066024));
#4684=VECTOR('',#5559,1000.0);
#4685=CARTESIAN_POINT('',(0.695,0.56499617894255,-1.29793851066024));
#4686=VECTOR('',#5560,1000.0);
#4687=CARTESIAN_POINT('',(0.695,0.76499617894252,-0.947938510660239));
#4688=VECTOR('',#5561,1000.0);
#4689=CARTESIAN_POINT('',(0.695,0.10499617894254,-1.49793851066025));
#4690=CARTESIAN_POINT('',(0.695,0.10499617894254,-1.49793851066025));
#4691=VECTOR('',#5562,1000.0);
#4692=CARTESIAN_POINT('',(0.695,0.56499617898356,-1.49793851066025));
#4693=CARTESIAN_POINT('',(0.695,0.10499617894254,-1.49793851066025));
#4694=VECTOR('',#5563,1000.0);
#4695=AXIS2_PLACEMENT_3D('',#5564,#5565,#5566);
#4696=CARTESIAN_POINT('',(0.763712847131809,0.56499617894254,-0.459021200521651));
#4697=VECTOR('',#5567,1000.0);
#4698=CARTESIAN_POINT('',(0.695,0.56499617902457,-1.49793851066025));
#4699=VECTOR('',#5568,1000.0);
#4700=CARTESIAN_POINT('',(0.695,0.10499617894254,-1.49793851066025));
#4701=VECTOR('',#5569,1000.0);
#4702=CARTESIAN_POINT('',(-2.32490857796589,0.57499617894255,-1.10768835421463));
#4703=CARTESIAN_POINT('',(-2.32214542380161,0.640643657425886,-1.10440186961393));
#4704=CARTESIAN_POINT('',(-2.29292592264673,0.76499616123161,-1.04497888992742));
#4705=CARTESIAN_POINT('',(-2.23725007450125,0.764996178942538,-0.907938536508009));
#4706=CARTESIAN_POINT('',(-2.23725006400002,0.764996178638539,-0.907938510660254));
#4707=CARTESIAN_POINT('',(-2.29973394874774,0.764996178797989,-0.945705849468398));
#4708=CARTESIAN_POINT('',(-2.41564159942128,0.675371429315722,-0.997201914158553));
#4709=CARTESIAN_POINT('',(-2.42328141463681,0.613475260265226,-1.00065047443517));
#4710=CARTESIAN_POINT('',(-2.42501967183567,0.575017168196066,-1.00518741086222));
#4711=AXIS2_PLACEMENT_3D('',#5570,#5571,#5572);
#4712=AXIS2_PLACEMENT_3D('',#5573,#5574,#5575);
#4713=AXIS2_PLACEMENT_3D('',#5576,#5577,#5578);
#4714=AXIS2_PLACEMENT_3D('',#5579,#5580,#5581);
#4715=AXIS2_PLACEMENT_3D('',#5582,#5583,#5584);
#4716=CARTESIAN_POINT('',(-2.905,-0.08898470016087,0.518932114395163));
#4717=CARTESIAN_POINT('',(-2.905,-0.0889846999684001,0.518932114493957));
#4718=VECTOR('',#5585,1000.0);
#4719=CARTESIAN_POINT('',(-2.905,-0.0889846996928403,-0.514809136291844));
#4720=CARTESIAN_POINT('',(-2.905,-0.12956337469794,-0.444524809219039));
#4721=VECTOR('',#5586,1000.0);
#4722=CARTESIAN_POINT('',(-2.905,0.144676197282055,-0.663667544848057));
#4723=AXIS2_PLACEMENT_3D('',#5587,#5588,#5589);
#4724=CARTESIAN_POINT('',(-2.905,0.14467619404792,-0.663667544232044));
#4725=VECTOR('',#5590,1000.0);
#4726=CARTESIAN_POINT('',(-2.905,0.14467619680305,0.667790523485657));
#4727=CARTESIAN_POINT('',(-2.905,0.56499617894254,0.70456375633977));
#4728=VECTOR('',#5591,1000.0);
#4729=AXIS2_PLACEMENT_3D('',#5592,#5593,#5594);
#4730=CARTESIAN_POINT('',(-3.305,0.144676196670335,-0.663667544794522));
#4731=CARTESIAN_POINT('',(-3.305,0.56499617894255,-0.700440777660253));
#4732=VECTOR('',#5595,1000.0);
#4733=CARTESIAN_POINT('',(-3.305,-0.0889846999157703,-0.514809136140143));
#4734=AXIS2_PLACEMENT_3D('',#5596,#5597,#5598);
#4735=CARTESIAN_POINT('',(-3.305,-0.0889846995666702,-0.514809136510233));
#4736=VECTOR('',#5599,1000.0);
#4737=CARTESIAN_POINT('',(-3.305,-0.0889846975247699,0.518932118726555));
#4738=CARTESIAN_POINT('',(-3.305,-0.12956337386606,0.448647788098059));
#4739=VECTOR('',#5600,1000.0);
#4740=CARTESIAN_POINT('',(-3.305,0.14467619734836,0.667790523533376));
#4741=AXIS2_PLACEMENT_3D('',#5601,#5602,#5603);
#4742=CARTESIAN_POINT('',(-3.305,0.14467619424677,0.667790522928967));
#4743=VECTOR('',#5604,1000.0);
#4744=CARTESIAN_POINT('',(-2.905,-0.0889847001633001,-0.514809135711342));
#4745=VECTOR('',#5605,1000.0);
#4746=CARTESIAN_POINT('',(-3.305,0.14467619889914,-0.663667545156038));
#4747=VECTOR('',#5606,1000.0);
#4748=CARTESIAN_POINT('',(-2.905,0.14467619889916,0.667790523835568));
#4749=VECTOR('',#5607,1000.0);
#4750=CARTESIAN_POINT('',(-3.305,-0.08898470025175,0.518932114237649));
#4751=VECTOR('',#5608,1000.0);
#4752=AXIS2_PLACEMENT_3D('',#5609,#5610,#5611);
#4753=AXIS2_PLACEMENT_3D('',#5612,#5613,#5614);
#4754=AXIS2_PLACEMENT_3D('',#5615,#5616,#5617);
#4755=AXIS2_PLACEMENT_3D('',#5618,#5619,#5620);
#4756=AXIS2_PLACEMENT_3D('',#5621,#5622,#5623);
#4757=CARTESIAN_POINT('',(-0.25,-1.27500382103332,0.402061489339746));
#4758=CARTESIAN_POINT('',(-0.25,-1.27500382103332,-0.397938510660235));
#4759=CARTESIAN_POINT('',(-0.25,-1.27500382103332,0.402061489339746));
#4760=VECTOR('',#5624,1000.0);
#4761=CARTESIAN_POINT('',(0.25,-1.27500382103332,0.402061489339751));
#4762=CARTESIAN_POINT('',(-0.25,-1.27500382103332,0.402061489339746));
#4763=VECTOR('',#5625,1000.0);
#4764=CARTESIAN_POINT('',(0.25,-1.27500382103332,-0.39793851066024));
#4765=CARTESIAN_POINT('',(0.25,-1.27500382103332,-0.39793851066024));
#4766=VECTOR('',#5626,1000.0);
#4767=CARTESIAN_POINT('',(0.25,-1.27500382103332,-0.39793851066024));
#4768=VECTOR('',#5627,1000.0);
#4769=CARTESIAN_POINT('',(-0.25,-1.07964555064124,-0.230348918660973));
#4770=CARTESIAN_POINT('',(-0.25,-0.575003821035267,-0.329874520394825));
#4771=CARTESIAN_POINT('',(-0.25,-1.02706847744561,-0.240718185687833));
#4772=VECTOR('',#5628,1000.0);
#4773=CARTESIAN_POINT('',(-0.25,-0.575003821033303,0.333997499075522));
#4774=CARTESIAN_POINT('',(-0.25,-0.575003821033317,0.402061489339753));
#4775=VECTOR('',#5629,1000.0);
#4776=CARTESIAN_POINT('',(-0.25,-1.07964555064125,0.234471897340856));
#4777=CARTESIAN_POINT('',(-0.25,-0.37500382103329,0.373441562416063));
#4778=VECTOR('',#5630,1000.0);
#4779=CARTESIAN_POINT('',(-0.25,-1.22500382121676,0.284078467548776));
#4780=CARTESIAN_POINT('',(-0.25,-1.22500382111457,0.284078467513952));
#4781=VECTOR('',#5631,1000.0);
#4782=CARTESIAN_POINT('',(-0.25,-1.18473963064664,0.402061489339754));
#4783=CARTESIAN_POINT('',(-0.25,-1.22500382131889,0.284078467583656));
#4784=VECTOR('',#5632,1000.0);
#4785=CARTESIAN_POINT('',(-0.25,-1.27500382103332,0.402061489339746));
#4786=VECTOR('',#5633,1000.0);
#4787=CARTESIAN_POINT('',(-0.24999999999963,-1.18473963063752,-0.39793851066024));
#4788=CARTESIAN_POINT('',(-0.25,-1.18473963065547,-0.397938510660233));
#4789=VECTOR('',#5634,1000.0);
#4790=CARTESIAN_POINT('',(-0.25,-1.225003821282,-0.279955489011748));
#4791=CARTESIAN_POINT('',(-0.25,-1.18473963062855,-0.397938510660254));
#4792=VECTOR('',#5635,1000.0);
#4793=CARTESIAN_POINT('',(-0.25,-1.13036326941033,-0.247657408002151));
#4794=VECTOR('',#5636,1000.0);
#4795=CARTESIAN_POINT('',(0.25,-1.18473963067344,-0.397938510660237));
#4796=CARTESIAN_POINT('',(0.25,-1.27500382103332,-0.39793851066024));
#4797=VECTOR('',#5637,1000.0);
#4798=CARTESIAN_POINT('',(0.25,-1.18473963065547,-0.397938510660233));
#4799=VECTOR('',#5638,1000.0);
#4800=CARTESIAN_POINT('',(0.25,-1.22500382126219,-0.279955489227834));
#4801=CARTESIAN_POINT('',(-0.25,-1.22500382131888,-0.27995548890374));
#4802=VECTOR('',#5639,1000.0);
#4803=CARTESIAN_POINT('',(0.25,-1.2250038212253,-0.279955489335842));
#4804=VECTOR('',#5640,1000.0);
#4805=CARTESIAN_POINT('',(0.25,-1.07964554966409,-0.230348918791533));
#4806=CARTESIAN_POINT('',(0.25,-1.2250038212253,-0.279955489335842));
#4807=VECTOR('',#5641,1000.0);
#4808=CARTESIAN_POINT('',(-0.295582852743087,-1.07964555073031,-0.230348918649042));
#4809=VECTOR('',#5642,1000.0);
#4810=CARTESIAN_POINT('',(0.25,-1.07964554966413,0.234471897471448));
#4811=CARTESIAN_POINT('',(0.25,-0.575003821031319,0.333997499014201));
#4812=CARTESIAN_POINT('',(0.25,-1.02706847941427,0.244841163917453));
#4813=VECTOR('',#5643,1000.0);
#4814=CARTESIAN_POINT('',(0.25,-0.575003821031327,-0.329874520334285));
#4815=CARTESIAN_POINT('',(0.25,-0.575003821033269,-0.39793851066026));
#4816=VECTOR('',#5644,1000.0);
#4817=CARTESIAN_POINT('',(0.25,-0.37500382103328,-0.369318583674041));
#4818=VECTOR('',#5645,1000.0);
#4819=CARTESIAN_POINT('',(0.25,-1.18473963067359,0.402061489339753));
#4820=CARTESIAN_POINT('',(0.25,-1.18473963065563,0.402061489339753));
#4821=VECTOR('',#5646,1000.0);
#4822=CARTESIAN_POINT('',(0.25,-1.22500382126218,0.284078467907766));
#4823=CARTESIAN_POINT('',(0.25,-1.18473963068255,0.402061489339775));
#4824=VECTOR('',#5647,1000.0);
#4825=CARTESIAN_POINT('',(0.25,-1.13036326934622,0.251780387124135));
#4826=VECTOR('',#5648,1000.0);
#4827=CARTESIAN_POINT('',(-0.603513079411686,-0.575003821033312,-0.329874520439582));
#4828=VECTOR('',#5649,1000.0);
#4829=CARTESIAN_POINT('',(-0.603513079411686,-0.575003821033274,0.333997499119463));
#4830=VECTOR('',#5650,1000.0);
#4831=CARTESIAN_POINT('',(-0.603513078931486,-1.07964555133209,0.234471897248546));
#4832=VECTOR('',#5651,1000.0);
#4833=CARTESIAN_POINT('',(0.25,-1.22500382066764,0.284078467825446));
#4834=VECTOR('',#5652,1000.0);
#4835=CARTESIAN_POINT('',(-0.25,-1.18473963065563,0.402061489339753));
#4836=VECTOR('',#5653,1000.0);
#4837=CARTESIAN_POINT('',(-3.705,-0.0147318702861102,-0.649721145964963));
#4838=CARTESIAN_POINT('',(-3.705,-0.0147318714431404,-0.649721145451548));
#4839=VECTOR('',#5654,1000.0);
#4840=CARTESIAN_POINT('',(-4.105,-0.0147318689368503,-0.649721145876873));
#4841=CARTESIAN_POINT('',(-4.105,-0.0147318690932404,-0.649721146069241));
#4842=VECTOR('',#5655,1000.0);
#4843=CARTESIAN_POINT('',(-4.105,0.56499617894255,-0.700440777660253));
#4844=VECTOR('',#5656,1000.0);
#4845=AXIS2_PLACEMENT_3D('',#5657,#5658,#5659);
#4846=AXIS2_PLACEMENT_3D('',#5660,#5661,#5662);
#4847=CARTESIAN_POINT('',(-43.5,0.439996178942507,0.00206148933975988));
#4848=CARTESIAN_POINT('',(-46.5,0.439996178942507,0.00206148933975969));
#4849=CARTESIAN_POINT('',(-46.5,0.439996178942507,0.00206148933975969));
#4850=VECTOR('',#5663,1.0);
#4851=CARTESIAN_POINT('',(-43.5,-3.82105749260362E-06,-0.43793851066024));
#4852=AXIS2_PLACEMENT_3D('',#5664,#5665,#5666);
#4853=CARTESIAN_POINT('',(-46.5,-3.82105749282046E-06,-0.43793851066024));
#4854=CARTESIAN_POINT('',(-46.5,-3.82105749282046E-06,-0.43793851066024));
#4855=VECTOR('',#5667,1000.0);
#4856=AXIS2_PLACEMENT_3D('',#5668,#5669,#5670);
#4857=CARTESIAN_POINT('',(-48.0,-0.390003821057503,-2.89139062484232E-15));
#4858=CARTESIAN_POINT('',(-46.5,-0.390003821057503,-2.79954211490626E-15));
#4859=CARTESIAN_POINT('',(-46.5,-0.390003821057503,-2.84730334007301E-15));
#4860=VECTOR('',#5671,1.0);
#4861=CARTESIAN_POINT('',(-48.0,0.389996178942517,-2.93915185000906E-15));
#4862=AXIS2_PLACEMENT_3D('',#5672,#5673,#5674);
#4863=CARTESIAN_POINT('',(-46.5,0.389996178942517,-2.84730334007301E-15));
#4864=CARTESIAN_POINT('',(-46.5,0.389996178942517,-2.84730334007301E-15));
#4865=VECTOR('',#5675,1.0);
#4866=AXIS2_PLACEMENT_3D('',#5676,#5677,#5678);
#4867=CARTESIAN_POINT('',(-50.0,-0.240003821057502,-3.03222500674426E-15));
#4868=CARTESIAN_POINT('',(-48.0,-0.240003821057502,-2.90976032682953E-15));
#4869=CARTESIAN_POINT('',(-49.0,-0.240003821057502,-3.00038418996643E-15));
#4870=VECTOR('',#5679,1.0);
#4871=CARTESIAN_POINT('',(-50.0,0.239996178942516,-3.0616165299238E-15));
#4872=AXIS2_PLACEMENT_3D('',#5680,#5681,#5682);
#4873=CARTESIAN_POINT('',(-48.0,0.239996178942516,-2.93915185000906E-15));
#4874=CARTESIAN_POINT('',(-49.0,0.239996178942516,-3.00038418996643E-15));
#4875=VECTOR('',#5683,1.0);
#4876=AXIS2_PLACEMENT_3D('',#5684,#5685,#5686);
#4877=CARTESIAN_POINT('',(-25.5440703079566,-3.82105749348629E-06,-0.562938510660241));
#4878=CARTESIAN_POINT('',(-43.5,-3.821057493495E-06,-0.56293851066024));
#4879=CARTESIAN_POINT('',(-34.420385537248,-3.82105749293903E-06,-0.562938510660241));
#4880=VECTOR('',#5687,1.0);
#4881=CARTESIAN_POINT('',(-25.5440703079566,-3.82105750206387E-06,0.567061489339759));
#4882=CARTESIAN_POINT('',(-25.5440703079566,-3.82105750128537E-06,-0.56293851066024));
#4883=CARTESIAN_POINT('',(-25.5076890223997,-0.0709122302472246,-0.564378377715215));
#4884=CARTESIAN_POINT('',(-25.4283279368656,-0.20471825580978,-0.538561397278698));
#4885=CARTESIAN_POINT('',(-25.3417710744959,-0.406445792121149,-0.41535626579134));
#4886=CARTESIAN_POINT('',(-25.4209402396269,-0.536271807993309,-0.214698988842013));
#4887=CARTESIAN_POINT('',(-25.5797693825222,-0.5927936140392,0.0514853810894247));
#4888=CARTESIAN_POINT('',(-25.7359772799133,-0.456286076107098,0.444921820869036));
#4889=CARTESIAN_POINT('',(-25.6168386240099,-0.141698296981645,0.564275055663677));
#4890=CARTESIAN_POINT('',(-25.5440930539106,-4.76277767509199E-05,0.567061489339759));
#4891=CARTESIAN_POINT('',(-25.5440703079566,-3.82105750206387E-06,0.567061489339759));
#4892=CARTESIAN_POINT('',(-43.5,-3.82105749191718E-06,0.56706148933976));
#4893=CARTESIAN_POINT('',(-34.420385537248,-3.82105749136122E-06,0.567061489339759));
#4894=VECTOR('',#5688,1.0);
#4895=CARTESIAN_POINT('',(-43.5,-0.354439993026438,0.44206148933976));
#4896=AXIS2_PLACEMENT_3D('',#5689,#5690,#5691);
#4897=CARTESIAN_POINT('',(-43.5,-0.354439993026438,-0.43793851066024));
#4898=AXIS2_PLACEMENT_3D('',#5692,#5693,#5694);
#4899=AXIS2_PLACEMENT_3D('',#5695,#5696,#5697);
#4900=AXIS2_PLACEMENT_3D('',#5698,#5699,#5700);
#4901=CARTESIAN_POINT('',(-25.5440703079566,-3.82105751331004E-06,0.567061489339759));
#4902=CARTESIAN_POINT('',(-25.5077301198184,0.0707535817231514,0.568448037301022));
#4903=CARTESIAN_POINT('',(-25.4284636150983,0.204495283526406,0.542812136825708));
#4904=CARTESIAN_POINT('',(-25.3417935239732,0.406338873776758,0.41952394823563));
#4905=CARTESIAN_POINT('',(-25.4207185534683,0.536120767257335,0.219267392734472));
#4906=CARTESIAN_POINT('',(-25.5797774853642,0.592725880966012,-0.0475310076208444));
#4907=CARTESIAN_POINT('',(-25.7359639636162,0.457489805348539,-0.439512450144514));
#4908=CARTESIAN_POINT('',(-25.6175338185232,0.14148047918155,-0.562938510660241));
#4909=CARTESIAN_POINT('',(-25.5440703079566,-3.82105749348629E-06,-0.562938510660241));
#4910=AXIS2_PLACEMENT_3D('',#5701,#5702,#5703);
#4911=AXIS2_PLACEMENT_3D('',#5704,#5705,#5706);
#4912=AXIS2_PLACEMENT_3D('',#5707,#5708,#5709);
#4913=CARTESIAN_POINT('',(-43.3,-0.843403821057467,-17.2));
#4914=CARTESIAN_POINT('',(-52.3,-0.843403821057464,-17.2));
#4915=CARTESIAN_POINT('',(-43.3,-0.843403821057467,-17.2));
#4916=VECTOR('',#5710,1000.0);
#4917=CARTESIAN_POINT('',(-43.3,-0.843403821057463,17.7));
#4918=CARTESIAN_POINT('',(-43.3,-0.843403821057467,-17.2));
#4919=VECTOR('',#5711,1000.0);
#4920=CARTESIAN_POINT('',(-52.3,-0.84340382105746,17.7));
#4921=CARTESIAN_POINT('',(-43.3,-0.843403821057463,17.7));
#4922=VECTOR('',#5712,1000.0);
#4923=CARTESIAN_POINT('',(-52.3,-0.843403821057464,-17.2));
#4924=VECTOR('',#5713,1000.0);
#4925=AXIS2_PLACEMENT_3D('',#5714,#5715,#5716);
#4926=CARTESIAN_POINT('',(-52.3,-0.59000382105746,17.7));
#4927=CARTESIAN_POINT('',(-52.3,-0.84340382105746,17.7));
#4928=VECTOR('',#5717,1000.0);
#4929=CARTESIAN_POINT('',(-52.3,-0.590003821057464,-17.2));
#4930=CARTESIAN_POINT('',(-52.3,-0.590003821057464,-17.2));
#4931=VECTOR('',#5718,1000.0);
#4932=CARTESIAN_POINT('',(-52.3,-0.843403821057464,-17.2));
#4933=VECTOR('',#5719,1000.0);
#4934=CARTESIAN_POINT('',(-43.3,-0.590003821057464,-17.2));
#4935=CARTESIAN_POINT('',(-52.3,-0.590003821057464,-17.2));
#4936=VECTOR('',#5720,1000.0);
#4937=CARTESIAN_POINT('',(-43.3,-0.590003821057464,-17.2));
#4938=VECTOR('',#5721,1000.0);
#4939=CARTESIAN_POINT('',(-43.3,-0.59000382105746,17.7));
#4940=CARTESIAN_POINT('',(-43.3,-0.59000382105746,17.7));
#4941=VECTOR('',#5722,1000.0);
#4942=CARTESIAN_POINT('',(-43.3,-0.590003821057464,-17.2));
#4943=VECTOR('',#5723,1000.0);
#4944=CARTESIAN_POINT('',(-52.3,-0.59000382105746,17.7));
#4945=VECTOR('',#5724,1000.0);
#4946=CARTESIAN_POINT('',(-46.5,-3.82105749271269E-06,0.44206148933976));
#4947=AXIS2_PLACEMENT_3D('',#5725,#5726,#5727);
#4948=CARTESIAN_POINT('',(-46.5,-0.590003821057647,-0.43793851066024));
#4949=CARTESIAN_POINT('',(-46.5,-3.82105749282046E-06,-0.43793851066024));
#4950=VECTOR('',#5728,1000.0);
#4951=CARTESIAN_POINT('',(-46.5,-0.590003821057647,0.44206148933976));
#4952=CARTESIAN_POINT('',(-46.5,-0.590003821057647,-0.43793851066024));
#4953=VECTOR('',#5729,1000.0);
#4954=CARTESIAN_POINT('',(-46.5,-0.590003821057647,0.44206148933976));
#4955=VECTOR('',#5730,1000.0);
#4956=CARTESIAN_POINT('',(-43.5,-3.82105749249585E-06,0.442061489339759));
#4957=CARTESIAN_POINT('',(-46.5,-3.82105749271269E-06,0.44206148933976));
#4958=VECTOR('',#5731,1000.0);
#4959=AXIS2_PLACEMENT_3D('',#5732,#5733,#5734);
#4960=CARTESIAN_POINT('',(-43.5,-3.82105749260362E-06,-0.43793851066024));
#4961=VECTOR('',#5735,1000.0);
#4962=CARTESIAN_POINT('',(-43.5,-0.590003821057462,-0.437938510660242));
#4963=CARTESIAN_POINT('',(-43.5,-3.82105749260362E-06,-0.43793851066024));
#4964=VECTOR('',#5736,1000.0);
#4965=CARTESIAN_POINT('',(-46.5,-0.590003821057647,-0.43793851066024));
#4966=VECTOR('',#5737,1000.0);
#4967=CARTESIAN_POINT('',(-43.5,-0.590003821057462,0.44206148933976));
#4968=CARTESIAN_POINT('',(-43.5,-0.590003821057464,-17.2));
#4969=VECTOR('',#5738,1000.0);
#4970=CARTESIAN_POINT('',(-46.5,-0.590003821057647,0.44206148933976));
#4971=VECTOR('',#5739,1000.0);
#4972=CARTESIAN_POINT('',(-43.5,-0.590003821057647,0.44206148933976));
#4973=VECTOR('',#5740,1000.0);
#4974=CARTESIAN_POINT('',(-43.5,-0.590003821057647,0.44206148933976));
#4975=VECTOR('',#5741,1000.0);
#4976=CARTESIAN_POINT('',(-4.93780010145134E-10,-1.07643784381007,0.00206148957065048));
#4977=DIRECTION('',(-6.83000394575716E-17,1.0,-1.22464679914735E-16));
#4978=DIRECTION('',(0.0,-1.22464679914735E-16,-1.0));
#4979=CARTESIAN_POINT('',(0.239407616263611,-1.07643784381007,-0.891419899702141));
#4980=DIRECTION('',(0.965925826275688,3.72517814500281E-16,0.258819045152458));
#4981=DIRECTION('',(-0.258819045152458,1.02443701376012E-16,0.965925826275688));
#4982=CARTESIAN_POINT('',(-4.93780018020517E-10,-0.94782307673289,0.00206148957065047));
#4983=DIRECTION('',(6.12323399573677E-17,-1.0,1.22464679914735E-16));
#4984=DIRECTION('',(-6.12323399573676E-17,1.22464679914735E-16,1.0));
#4985=CARTESIAN_POINT('',(-4.93780018020517E-10,-0.94782307673289,0.00206148957065047));
#4986=DIRECTION('',(6.12323399573677E-17,-1.0,1.22464679914735E-16));
#4987=DIRECTION('',(-6.12323399573676E-17,1.22464679914735E-16,1.0));
#4988=CARTESIAN_POINT('',(-0.893481389766572,-1.07643784381007,-0.23734612718674));
#4989=DIRECTION('',(-0.258819045152458,1.16040818128737E-15,0.965925826275688));
#4990=DIRECTION('',(-0.965925826275688,-9.08420900885474E-17,-0.258819045152458));
#4991=CARTESIAN_POINT('',(-4.93780010145134E-10,-1.07643784381007,0.00206148957065048));
#4992=DIRECTION('',(-6.83000394575716E-17,1.0,-1.22464679914735E-16));
#4993=DIRECTION('',(0.0,-1.22464679914735E-16,-1.0));
#4994=CARTESIAN_POINT('',(-0.893481389766572,-1.07643784381007,0.241469106328041));
#4995=DIRECTION('',(-0.258819045152458,-1.19210437280781E-15,-0.965925826275688));
#4996=DIRECTION('',(0.965925826275688,2.74497070476809E-17,-0.258819045152458));
#4997=CARTESIAN_POINT('',(-2.68955562902905E-17,-0.947823722025701,0.00206148933977435));
#4998=DIRECTION('',(-6.12323399573677E-17,1.0,-1.22464679914735E-16));
#4999=DIRECTION('',(6.12323399573676E-17,-1.22464679914735E-16,-1.0));
#5000=CARTESIAN_POINT('',(-2.68955562902905E-17,-0.947823722025701,0.00206148933977435));
#5001=DIRECTION('',(-6.12323399573677E-17,1.0,-1.22464679914735E-16));
#5002=DIRECTION('',(6.12323399573676E-17,-1.22464679914735E-16,-1.0));
#5003=CARTESIAN_POINT('',(0.239407616263611,-1.07643784381007,0.895542878843442));
#5004=DIRECTION('',(0.965925826275688,-2.54226017364053E-16,-0.258819045152458));
#5005=DIRECTION('',(0.258819045152458,1.34139892896445E-16,0.965925826275688));
#5006=CARTESIAN_POINT('',(-4.93780010145134E-10,-1.07643784381007,0.00206148957065048));
#5007=DIRECTION('',(-6.83000394575716E-17,1.0,-1.22464679914735E-16));
#5008=DIRECTION('',(0.0,-1.22464679914735E-16,-1.0));
#5009=CARTESIAN_POINT('',(0.65407377208019,-1.07643784381007,0.656135262144621));
#5010=DIRECTION('',(-0.707106781186547,4.32978028117746E-17,0.707106781186547));
#5011=DIRECTION('',(-0.707106781186547,-1.29893408435324E-16,-0.707106781186547));
#5012=CARTESIAN_POINT('',(-2.6895556276666E-17,-0.947823722248206,0.00206148933977435));
#5013=DIRECTION('',(-6.12323399573677E-17,1.0,-1.22464679914735E-16));
#5014=DIRECTION('',(6.12323399573676E-17,-1.22464679914735E-16,-1.0));
#5015=CARTESIAN_POINT('',(0.924999999472864,-1.07643784381007,0.00206148957065037));
#5016=DIRECTION('',(1.15943417401076E-16,1.22464679914735E-16,1.0));
#5017=DIRECTION('',(1.0,6.83000394575716E-17,-1.15943417401076E-16));
#5018=CARTESIAN_POINT('',(-4.93780010145134E-10,-1.07643784381007,0.00206148957065048));
#5019=DIRECTION('',(-6.83000394575716E-17,1.0,-1.22464679914735E-16));
#5020=DIRECTION('',(0.0,-1.22464679914735E-16,-1.0));
#5021=CARTESIAN_POINT('',(-2.6895556276666E-17,-0.947823722248206,0.00206148933977435));
#5022=DIRECTION('',(-6.12323399573677E-17,1.0,-1.22464679914735E-16));
#5023=DIRECTION('',(6.12323399573676E-17,-1.22464679914735E-16,-1.0));
#5024=CARTESIAN_POINT('',(0.65407377208019,-1.07643784381007,-0.65201228300332));
#5025=DIRECTION('',(-0.707106781186547,-1.29893408435324E-16,-0.707106781186547));
#5026=DIRECTION('',(0.707106781186547,-4.32978028117746E-17,-0.707106781186547));
#5027=DIRECTION('',(-8.65956056234979E-17,0.707106010475331,-0.707107551896924));
#5028=CARTESIAN_POINT('',(-6.86155324057003E-18,-1.2750038210333,0.00206148933974266));
#5029=DIRECTION('',(6.12323399573677E-17,-1.0,1.22464679914735E-16));
#5030=DIRECTION('',(-6.12323399573676E-17,1.22464679914735E-16,1.0));
#5031=DIRECTION('',(-9.43848509143774E-23,-0.707106010475331,-0.707107551896924));
#5032=CARTESIAN_POINT('',(-1.29848206063533E-17,-1.17500327605908,0.00206148933974264));
#5033=DIRECTION('',(6.12323399573677E-17,-1.0,1.22464679914735E-16));
#5034=DIRECTION('',(6.12323399573676E-17,-1.22464679914735E-16,-1.0));
#5035=CARTESIAN_POINT('',(-1.29848206063533E-17,-1.17500327605908,0.00206148933974264));
#5036=DIRECTION('',(6.12323399573677E-17,-1.0,1.22464679914735E-16));
#5037=DIRECTION('',(6.12323399573676E-17,-1.22464679914735E-16,-1.0));
#5038=DIRECTION('',(6.12323399573677E-17,-1.0,1.22464679914735E-16));
#5039=CARTESIAN_POINT('',(-4.97241912107263E-17,-0.575003821033321,0.00206148933974649));
#5040=DIRECTION('',(-6.12323399573676E-17,1.0,-1.21468994847664E-15));
#5041=DIRECTION('',(1.0,6.12323399573677E-17,6.12323399573676E-17));
#5042=DIRECTION('',(-6.12323399573677E-17,1.0,-1.22464679914735E-16));
#5043=CARTESIAN_POINT('',(-1.29848206063533E-17,-1.17500327605908,0.00206148933974264));
#5044=DIRECTION('',(6.12323399573677E-17,-1.0,1.22464679914735E-16));
#5045=DIRECTION('',(6.12323399573676E-17,-1.22464679914735E-16,-1.0));
#5046=DIRECTION('',(1.93019404644394E-16,-0.390729635511721,-0.920505487182384));
#5047=CARTESIAN_POINT('',(-4.93780001774342E-10,-1.21314324753015,0.0020614895706505));
#5048=DIRECTION('',(6.12323399573677E-17,-1.0,1.22464679914735E-16));
#5049=DIRECTION('',(-6.12323399573676E-17,1.22464679914735E-16,1.0));
#5050=DIRECTION('',(0.889140023297948,0.390729635511722,0.238244351250142));
#5051=CARTESIAN_POINT('',(-1.25878854937395E-19,-1.38500573163026,0.00206148933975222));
#5052=DIRECTION('',(-6.12323399573677E-17,1.0,-1.22464679914735E-16));
#5053=DIRECTION('',(-6.12323399573676E-17,1.22464679914735E-16,1.0));
#5054=DIRECTION('',(-8.02900655075225E-17,0.920504635474601,-0.390731642012485));
#5055=DIRECTION('',(0.377417784162965,-0.920504635474601,0.101128790496524));
#5056=CARTESIAN_POINT('',(-1.13988171972903E-17,-1.20090467734748,0.0020614893397522));
#5057=DIRECTION('',(6.12323399573677E-17,-1.0,1.22464679914735E-16));
#5058=DIRECTION('',(-6.12323399573676E-17,1.22464679914735E-16,1.0));
#5059=DIRECTION('',(-1.93019404683431E-16,0.390729633180072,0.920505488172106));
#5060=DIRECTION('',(-0.889140024253948,-0.390729633180069,-0.238244351506301));
#5061=CARTESIAN_POINT('',(-1.68570195878318E-17,-1.11176546766938,0.00206148933976091));
#5062=DIRECTION('',(6.12323399573677E-17,-1.0,1.22464679914735E-16));
#5063=DIRECTION('',(-6.12323399573676E-17,1.22464679914735E-16,1.0));
#5064=DIRECTION('',(6.12323399573677E-17,-1.0,1.22464679914735E-16));
#5065=CARTESIAN_POINT('',(-2.29804664162134E-17,-1.01176199184851,0.00206148933976199));
#5066=DIRECTION('',(-6.12323399573677E-17,1.0,-1.22464679914735E-16));
#5067=DIRECTION('',(6.12323399573676E-17,-1.22464679914735E-16,-1.0));
#5068=DIRECTION('',(6.12323399573676E-17,-1.0,1.21468994847664E-15));
#5069=CARTESIAN_POINT('',(-1.68570195878318E-17,-1.11176546766938,0.00206148933976091));
#5070=DIRECTION('',(6.12323399573677E-17,-1.0,1.22464679914735E-16));
#5071=DIRECTION('',(-6.12323399573676E-17,1.22464679914735E-16,1.0));
#5072=DIRECTION('',(-1.0,-6.12323399573677E-17,-6.12323399573676E-17));
#5073=CARTESIAN_POINT('',(-3.505,-3.82105749016449E-06,0.00206148933976083));
#5074=DIRECTION('',(-1.0,-1.72254642419883E-16,-6.12323399573675E-17));
#5075=DIRECTION('',(-6.12323399573677E-17,1.05511171000979E-15,1.0));
#5076=DIRECTION('',(1.0,6.12323399573677E-17,6.12323399573676E-17));
#5077=CARTESIAN_POINT('',(-3.305,-3.82105749016449E-06,0.00206148933976084));
#5078=DIRECTION('',(1.0,1.72254642419883E-16,6.12323399573676E-17));
#5079=DIRECTION('',(-6.12323399573677E-17,5.88788194962264E-16,1.0));
#5080=DIRECTION('',(-1.0,-6.12323399573677E-17,-6.12323399573676E-17));
#5081=CARTESIAN_POINT('',(-2.66499999999989,-3.82105749016449E-06,0.00206148933976088));
#5082=DIRECTION('',(1.0,1.72254642419883E-16,6.12323399573676E-17));
#5083=DIRECTION('',(-6.12323399573677E-17,5.88788194962264E-16,1.0));
#5084=DIRECTION('',(1.0,6.12323399573677E-17,6.12323399573676E-17));
#5085=CARTESIAN_POINT('',(-2.905,-3.82105749016449E-06,0.00206148933976086));
#5086=DIRECTION('',(-1.0,-1.72254642419883E-16,-6.12323399573674E-17));
#5087=DIRECTION('',(6.12323399573678E-17,-1.98775874010486E-15,-1.0));
#5088=DIRECTION('',(-1.0,-6.12323399573677E-17,-6.12323399573676E-17));
#5089=CARTESIAN_POINT('',(-3.305,-3.82105749016449E-06,0.00206148933976084));
#5090=DIRECTION('',(1.0,1.72254642419883E-16,6.12323399573676E-17));
#5091=DIRECTION('',(-6.12323399573677E-17,5.88788194962264E-16,1.0));
#5092=CARTESIAN_POINT('',(-3.505,-3.82105749016449E-06,0.00206148933976083));
#5093=DIRECTION('',(-1.0,-1.72254642419883E-16,-6.12323399573675E-17));
#5094=DIRECTION('',(-6.12323399573677E-17,1.05511171000979E-15,1.0));
#5095=CARTESIAN_POINT('',(-3.305,-3.82105749016449E-06,0.00206148933976084));
#5096=DIRECTION('',(1.0,1.72254642419883E-16,6.12323399573676E-17));
#5097=DIRECTION('',(-6.12323399573677E-17,5.88788194962264E-16,1.0));
#5098=DIRECTION('',(1.0,6.12323399573677E-17,6.12323399573676E-17));
#5099=CARTESIAN_POINT('',(-2.905,-3.82105749016449E-06,0.00206148933976086));
#5100=DIRECTION('',(-1.0,-1.72254642419883E-16,-6.12323399573674E-17));
#5101=DIRECTION('',(6.12323399573678E-17,-1.98775874010486E-15,-1.0));
#5102=DIRECTION('',(-1.0,-6.12323399573677E-17,-6.12323399573676E-17));
#5103=CARTESIAN_POINT('',(-2.085,-3.82105749016449E-06,0.00206148933976091));
#5104=DIRECTION('',(1.0,6.12323399573677E-17,6.12323399573676E-17));
#5105=DIRECTION('',(-6.11210732155325E-17,0.999998352022424,-0.0018154758153842));
#5106=DIRECTION('',(1.0,6.12323399573677E-17,6.12323399573676E-17));
#5107=CARTESIAN_POINT('',(-2.66499999999989,-3.82105749016449E-06,0.00206148933976088));
#5108=DIRECTION('',(-1.0,-1.72254642419883E-16,-6.12323399573674E-17));
#5109=DIRECTION('',(6.12323399573678E-17,-2.03576263135975E-15,-1.0));
#5110=DIRECTION('',(1.4516882489825E-16,0.390729635511721,-0.920505487182384));
#5111=CARTESIAN_POINT('',(-1.25878854937395E-19,-1.38500573163026,0.00206148933975222));
#5112=DIRECTION('',(-6.12323399573677E-17,1.0,-1.22464679914735E-16));
#5113=DIRECTION('',(-6.12323399573676E-17,1.22464679914735E-16,1.0));
#5114=DIRECTION('',(-0.889140023297948,-0.390729635511722,0.238244351250143));
#5115=CARTESIAN_POINT('',(-4.93780001774269E-10,-1.21314444954675,0.0020614895706505));
#5116=DIRECTION('',(-6.12323399573677E-17,1.0,-1.22464679914735E-16));
#5117=DIRECTION('',(-6.12323399573676E-17,1.22464679914735E-16,1.0));
#5118=DIRECTION('',(3.24392400359047E-17,-0.920504635474601,-0.390731642012485));
#5119=CARTESIAN_POINT('',(-1.13988171972908E-17,-1.20090467734748,0.00206148933976092));
#5120=DIRECTION('',(-6.12323399573677E-17,1.0,-1.22464679914735E-16));
#5121=DIRECTION('',(6.12323399573676E-17,-1.22464679914735E-16,-1.0));
#5122=DIRECTION('',(-0.377417784162965,0.920504635474601,0.101128790496522));
#5123=DIRECTION('',(-1.45168825222831E-16,-0.390729633180071,0.920505488172106));
#5124=CARTESIAN_POINT('',(-1.68570195878318E-17,-1.11176546766938,0.00206148933976091));
#5125=DIRECTION('',(6.12323399573677E-17,-1.0,1.22464679914735E-16));
#5126=DIRECTION('',(-6.12323399573676E-17,1.22464679914735E-16,1.0));
#5127=DIRECTION('',(0.889140024253948,0.390729633180069,-0.238244351506302));
#5128=DIRECTION('',(-6.12323399573677E-17,1.0,-1.22464679914735E-16));
#5129=CARTESIAN_POINT('',(-1.68570195878318E-17,-1.11176546766938,0.00206148933976091));
#5130=DIRECTION('',(6.12323399573677E-17,-1.0,1.22464679914735E-16));
#5131=DIRECTION('',(-6.12323399573676E-17,1.22464679914735E-16,1.0));
#5132=DIRECTION('',(-6.12323399573676E-17,1.0,-1.21468994847664E-15));
#5133=CARTESIAN_POINT('',(-2.29804664162134E-17,-1.01176199184851,0.00206148933976199));
#5134=DIRECTION('',(-6.12323399573677E-17,1.0,-1.22464679914735E-16));
#5135=DIRECTION('',(6.12323399573676E-17,-1.22464679914735E-16,-1.0));
#5136=DIRECTION('',(-2.24127134281519E-17,-0.499998742342432,-0.866026129892157));
#5137=CARTESIAN_POINT('',(-2.59854195147075E-17,-0.962687383551879,0.00206148933976199));
#5138=DIRECTION('',(6.12323399573677E-17,-1.0,1.22464679914735E-16));
#5139=DIRECTION('',(6.12323399573676E-17,-1.22464679914735E-16,-1.0));
#5140=DIRECTION('',(-0.836517005092415,0.499998742342436,0.224144056015766));
#5141=CARTESIAN_POINT('',(-2.29804664162134E-17,-1.01176199184851,0.00206148933976199));
#5142=DIRECTION('',(-6.12323399573677E-17,1.0,-1.22464679914735E-16));
#5143=DIRECTION('',(6.12323399573676E-17,-1.22464679914735E-16,-1.0));
#5144=DIRECTION('',(2.24127134423338E-17,0.499998742195597,0.866026129976931));
#5145=DIRECTION('',(0.836517005174302,-0.499998742195601,-0.224144056037707));
#5146=CARTESIAN_POINT('',(-3.30559448459483E-17,-0.847216942014568,0.00206148933977433));
#5147=DIRECTION('',(-6.12323399573677E-17,1.0,-1.22464679914735E-16));
#5148=DIRECTION('',(6.12323399573676E-17,-1.22464679914735E-16,-1.0));
#5149=CARTESIAN_POINT('',(0.65407377208019,-1.07643784381007,-0.65201228300332));
#5150=DIRECTION('',(-0.707106781186547,-1.29893408435324E-16,-0.707106781186547));
#5151=DIRECTION('',(0.707106781186547,-4.32978028117746E-17,-0.707106781186547));
#5152=CARTESIAN_POINT('',(-4.93780001774342E-10,-1.21314324736832,0.0020614895706505));
#5153=DIRECTION('',(6.12323399573677E-17,-1.0,1.22464679914735E-16));
#5154=DIRECTION('',(-6.12323399573676E-17,1.22464679914735E-16,1.0));
#5155=CARTESIAN_POINT('',(0.924999999472864,-1.07643784381007,0.00206148957065037));
#5156=DIRECTION('',(1.15943417401076E-16,1.22464679914735E-16,1.0));
#5157=DIRECTION('',(1.0,6.83000394575716E-17,-1.15943417401076E-16));
#5158=DIRECTION('',(-8.3644899366888E-17,0.499998742342432,-0.866026129892157));
#5159=CARTESIAN_POINT('',(-2.29804664162134E-17,-1.01176199184851,0.00206148933976199));
#5160=DIRECTION('',(-6.12323399573677E-17,1.0,-1.22464679914735E-16));
#5161=DIRECTION('',(6.12323399573676E-17,-1.22464679914735E-16,-1.0));
#5162=DIRECTION('',(0.836517005092415,-0.499998742342436,0.224144056015767));
#5163=CARTESIAN_POINT('',(-2.59854195147075E-17,-0.962687383551879,0.00206148933976199));
#5164=DIRECTION('',(6.12323399573677E-17,-1.0,1.22464679914735E-16));
#5165=DIRECTION('',(6.12323399573676E-17,-1.22464679914735E-16,-1.0));
#5166=DIRECTION('',(8.3644899363088E-17,-0.499998742195597,0.866026129976931));
#5167=CARTESIAN_POINT('',(-3.30559448459483E-17,-0.847216942014568,0.00206148933977433));
#5168=DIRECTION('',(-6.12323399573677E-17,1.0,-1.22464679914735E-16));
#5169=DIRECTION('',(6.12323399573676E-17,-1.22464679914735E-16,-1.0));
#5170=DIRECTION('',(-0.836517005174301,0.499998742195601,-0.224144056037708));
#5171=DIRECTION('',(-6.12323399573677E-17,1.0,-1.22464679914735E-16));
#5172=CARTESIAN_POINT('',(-3.30559448459483E-17,-0.847216942014568,0.00206148933977433));
#5173=DIRECTION('',(-6.12323399573677E-17,1.0,-1.22464679914735E-16));
#5174=DIRECTION('',(6.12323399573676E-17,-1.22464679914735E-16,-1.0));
#5175=DIRECTION('',(-6.12323399573676E-17,1.0,-1.21468994847664E-15));
#5176=CARTESIAN_POINT('',(-4.97241912107314E-17,-0.575003821033266,0.00206148933977414));
#5177=DIRECTION('',(6.12323399573676E-17,-1.0,1.28599871867967E-15));
#5178=DIRECTION('',(6.12323399573677E-17,-1.28599871867967E-15,-1.0));
#5179=DIRECTION('',(6.12323399573677E-17,-1.0,1.22464679914735E-16));
#5180=DIRECTION('',(6.12323399573676E-17,-1.0,1.21468994847664E-15));
#5181=CARTESIAN_POINT('',(-1.14772252291775E-16,0.48731163394254,0.00206148933977241));
#5182=DIRECTION('',(-2.11020759122707E-16,1.0,-1.16652400730112E-15));
#5183=DIRECTION('',(0.951992146087865,-1.56209080596027E-16,-0.306122449008598));
#5184=DIRECTION('',(6.12323399573676E-17,-1.0,1.21468994847664E-15));
#5185=CARTESIAN_POINT('',(5.7731222503276E-12,-0.775003821057502,0.00206148933821008));
#5186=DIRECTION('',(6.12323399573676E-17,-1.0,1.2730465772463E-15));
#5187=DIRECTION('',(-6.12323399573677E-17,1.2730465772463E-15,1.0));
#5188=DIRECTION('',(6.12323399573676E-17,-1.0,1.21468994847664E-15));
#5189=CARTESIAN_POINT('',(-2.59854195147075E-17,-0.962687383551879,0.00206148933976199));
#5190=DIRECTION('',(6.12323399573677E-17,-1.0,1.22464679914735E-16));
#5191=DIRECTION('',(6.12323399573676E-17,-1.22464679914735E-16,-1.0));
#5192=DIRECTION('',(-6.12323399573676E-17,1.0,-1.21468994847664E-15));
#5193=CARTESIAN_POINT('',(-4.16830876146542E-14,-0.575003821033321,0.00206148933974649));
#5194=DIRECTION('',(6.12323399573676E-17,-1.0,1.27304657724629E-15));
#5195=DIRECTION('',(6.12323399573677E-17,-1.27304657724629E-15,-1.0));
#5196=DIRECTION('',(6.12323399573676E-17,-1.0,1.21468994847664E-15));
#5197=CARTESIAN_POINT('',(-2.59854195147075E-17,-0.962687383551879,0.00206148933976199));
#5198=DIRECTION('',(6.12323399573677E-17,-1.0,1.22464679914735E-16));
#5199=DIRECTION('',(6.12323399573676E-17,-1.22464679914735E-16,-1.0));
#5200=DIRECTION('',(-1.0,-6.12323399573677E-17,-6.12323399573676E-17));
#5201=DIRECTION('',(1.0,6.12323399573677E-17,6.12323399573676E-17));
#5202=CARTESIAN_POINT('',(-4.105,-3.82105749016449E-06,0.00206148933976229));
#5203=DIRECTION('',(1.0,6.12323399573677E-17,6.12323399573676E-17));
#5204=DIRECTION('',(6.12323399573677E-17,-1.0,1.22464679914735E-16));
#5205=DIRECTION('',(-1.0,-6.12323399573677E-17,-6.12323399573676E-17));
#5206=CARTESIAN_POINT('',(-3.505,-3.82105749016449E-06,0.00206148933976083));
#5207=DIRECTION('',(1.0,6.12323399573677E-17,8.35218439127107E-17));
#5208=DIRECTION('',(-6.12323399573676E-17,1.0,-1.2146124711975E-15));
#5209=DIRECTION('',(1.0,6.12323399573677E-17,6.12323399573676E-17));
#5210=CARTESIAN_POINT('',(-3.705,-3.82105749016449E-06,0.00206148933976081));
#5211=DIRECTION('',(-1.0,-1.50924555299122E-16,-1.17514086340266E-16));
#5212=DIRECTION('',(1.93203736634535E-17,0.531520058764618,-0.847045705455648));
#5213=DIRECTION('',(1.0,6.12323399573677E-17,6.12323399573676E-17));
#5214=CARTESIAN_POINT('',(-4.105,-3.82105749016449E-06,0.00206148933976229));
#5215=DIRECTION('',(1.0,6.12323399573677E-17,6.12323399573676E-17));
#5216=DIRECTION('',(6.12323399573677E-17,-1.0,1.22464679914735E-16));
#5217=CARTESIAN_POINT('',(-4.105,-3.82105749016449E-06,0.00206148933976229));
#5218=DIRECTION('',(1.0,6.12323399573677E-17,6.12323399573676E-17));
#5219=DIRECTION('',(6.12323399573677E-17,-1.0,1.22464679914735E-16));
#5220=DIRECTION('',(-1.0,-6.12323399573677E-17,-6.12323399573676E-17));
#5221=CARTESIAN_POINT('',(-3.705,-3.82105749016449E-06,0.00206148933976081));
#5222=DIRECTION('',(-1.0,-1.50924555299122E-16,-1.17514086340266E-16));
#5223=DIRECTION('',(1.93203736634535E-17,0.531520058764618,-0.847045705455648));
#5224=CARTESIAN_POINT('',(-3.705,-3.82105749016449E-06,0.00206148933976081));
#5225=DIRECTION('',(-1.0,-1.50924555299122E-16,-1.17514086340266E-16));
#5226=DIRECTION('',(1.93203736634535E-17,0.531520058764618,-0.847045705455648));
#5227=CARTESIAN_POINT('',(-3.505,-3.82105749016449E-06,0.00206148933976083));
#5228=DIRECTION('',(1.0,6.12323399573677E-17,8.35218439127107E-17));
#5229=DIRECTION('',(-6.12323399573676E-17,1.0,-1.2146124711975E-15));
#5230=CARTESIAN_POINT('',(-3.505,-3.82105749016449E-06,0.00206148933976083));
#5231=DIRECTION('',(1.0,6.12323399573677E-17,8.35218439127107E-17));
#5232=DIRECTION('',(-6.12323399573676E-17,1.0,-1.2146124711975E-15));
#5233=DIRECTION('',(-1.0,-2.61884461795882E-16,-6.12323399573674E-17));
#5234=DIRECTION('',(6.12323399573677E-17,-1.21468994847664E-15,-1.0));
#5235=CARTESIAN_POINT('',(2.6089866301459E-12,-0.775003821057495,0.00206148934226238));
#5236=DIRECTION('',(6.12323399573676E-17,-1.0,1.2730465772463E-15));
#5237=DIRECTION('',(-6.12323399573677E-17,1.2730465772463E-15,1.0));
#5238=DIRECTION('',(0.965925826224311,3.73005705498237E-16,0.2588190453442));
#5239=DIRECTION('',(-0.297217098173266,1.14130000274578E-15,0.954809926924445));
#5240=DIRECTION('',(1.0,6.12323399573677E-17,6.12323399573676E-17));
#5241=DIRECTION('',(6.12323399573677E-17,-1.21468994847664E-15,-1.0));
#5242=CARTESIAN_POINT('',(-2.59854195147075E-17,-0.962687383551879,0.00206148933976199));
#5243=DIRECTION('',(6.12323399573677E-17,-1.0,1.22464679914735E-16));
#5244=DIRECTION('',(6.12323399573676E-17,-1.22464679914735E-16,-1.0));
#5245=DIRECTION('',(-6.12323399573676E-17,1.0,-1.21468994847664E-15));
#5246=CARTESIAN_POINT('',(-4.16830876146542E-14,-0.575003821033321,0.00206148933974649));
#5247=DIRECTION('',(6.12323399573676E-17,-1.0,1.27304657724629E-15));
#5248=DIRECTION('',(6.12323399573677E-17,-1.27304657724629E-15,-1.0));
#5249=DIRECTION('',(6.12323399573676E-17,-1.0,1.21468994847664E-15));
#5250=CARTESIAN_POINT('',(-2.59854195147075E-17,-0.962687383551879,0.00206148933976199));
#5251=DIRECTION('',(6.12323399573677E-17,-1.0,1.22464679914735E-16));
#5252=DIRECTION('',(6.12323399573676E-17,-1.22464679914735E-16,-1.0));
#5253=DIRECTION('',(-6.12323399573676E-17,1.0,-1.21468994847664E-15));
#5254=DIRECTION('',(-6.12323399573676E-17,1.0,-1.21468994847664E-15));
#5255=CARTESIAN_POINT('',(-1.14772252291775E-16,0.48731163394254,0.00206148933977241));
#5256=DIRECTION('',(-2.11020759122707E-16,1.0,-1.16652400730112E-15));
#5257=DIRECTION('',(0.951992146087865,-1.56209080596027E-16,-0.306122449008598));
#5258=DIRECTION('',(-6.12323399573676E-17,1.0,-1.21468994847664E-15));
#5259=DIRECTION('',(-6.12323399573676E-17,1.0,-1.21468994847664E-15));
#5260=DIRECTION('',(0.29721709817322,-1.13674635362135E-15,-0.954809926924459));
#5261=DIRECTION('',(6.12323399573676E-17,-1.0,1.21468994847664E-15));
#5262=DIRECTION('',(6.12323399573673E-17,5.46529647664106E-15,-1.0));
#5263=CARTESIAN_POINT('',(-0.81,0.56499617894253,-1.04793851066025));
#5264=DIRECTION('',(-6.12323399573676E-17,1.0,-1.21468994847664E-15));
#5265=DIRECTION('',(-1.0,-6.12323399573677E-17,-6.12323399573676E-17));
#5266=DIRECTION('',(-6.12323399573677E-17,1.21468994847664E-15,1.0));
#5267=DIRECTION('',(1.0,6.12323399573677E-17,6.12323399573676E-17));
#5268=DIRECTION('',(-6.12323399573677E-17,1.21468994847664E-15,1.0));
#5269=DIRECTION('',(0.13917310126231,1.21486429093592E-15,0.990268068699093));
#5270=CARTESIAN_POINT('',(0.862739653999994,0.56499617894253,-0.472938510660246));
#5271=DIRECTION('',(-2.11761373531454E-16,1.0,-1.19353447375495E-15));
#5272=DIRECTION('',(-0.990268069923627,-4.35926428746965E-17,0.139173092549296));
#5273=DIRECTION('',(1.0,6.12323399573677E-17,6.12323399573676E-17));
#5274=DIRECTION('',(6.12323399573677E-17,-9.14799627567142E-16,-1.0));
#5275=DIRECTION('',(-1.0,-6.12323399573677E-17,-6.12323399573676E-17));
#5276=CARTESIAN_POINT('',(0.862739653999994,0.56499617894251,0.477061489339763));
#5277=DIRECTION('',(-6.12323149998749E-17,1.0,-2.29086902488574E-15));
#5278=DIRECTION('',(2.31908362483997E-08,-2.29086902346572E-15,-1.0));
#5279=DIRECTION('',(-0.139173101262438,1.19543525685761E-15,0.990268068699075));
#5280=DIRECTION('',(-6.12323399573677E-17,1.21468994847664E-15,1.0));
#5281=DIRECTION('',(-1.0,-6.12323399573677E-17,-6.12323399573676E-17));
#5282=DIRECTION('',(-6.12323399573677E-17,1.21468994847664E-15,1.0));
#5283=CARTESIAN_POINT('',(-0.81,0.56499617894251,1.05206148933974));
#5284=DIRECTION('',(-6.12323401816538E-17,1.0,-1.21468994847664E-15));
#5285=DIRECTION('',(1.0,6.12323399322199E-17,-2.05347830236414E-10));
#5286=DIRECTION('',(1.0,6.12323399573677E-17,6.12323399573676E-17));
#5287=DIRECTION('',(-6.12323399573677E-17,1.21468994847664E-15,1.0));
#5288=DIRECTION('',(-1.0,-6.12323399573677E-17,-6.12323399573676E-17));
#5289=DIRECTION('',(6.12323399573677E-17,-1.21468994847664E-15,-1.0));
#5290=DIRECTION('',(6.12323399573677E-17,-1.21468994847664E-15,-1.0));
#5291=DIRECTION('',(-1.0,-6.12323399573677E-17,-6.12323399573676E-17));
#5292=CARTESIAN_POINT('',(-2.72500000019801,0.574996178942555,1.02206148960435));
#5293=DIRECTION('',(6.12323399573676E-17,-1.0,1.21468994847664E-15));
#5294=DIRECTION('',(-6.12323399573677E-17,1.21468994847664E-15,1.0));
#5295=DIRECTION('',(-1.0,-6.12323399573677E-17,-6.12323399573676E-17));
#5296=DIRECTION('',(6.12323399573677E-17,-1.21468994847664E-15,-1.0));
#5297=DIRECTION('',(1.0,6.12323399573677E-17,6.12323399573676E-17));
#5298=DIRECTION('',(-6.12323399573677E-17,1.21468994847664E-15,1.0));
#5299=DIRECTION('',(-1.0,-6.12323399573677E-17,-6.12323399573676E-17));
#5300=DIRECTION('',(6.12323399573677E-17,-1.21468994847664E-15,-1.0));
#5301=DIRECTION('',(1.0,6.12323399573677E-17,6.12323399573676E-17));
#5302=CARTESIAN_POINT('',(-2.7249999999856,0.57499617894255,-1.01793851070876));
#5303=DIRECTION('',(6.12323399573676E-17,-1.0,1.21468994847664E-15));
#5304=DIRECTION('',(-6.12323399573677E-17,1.21468994847664E-15,1.0));
#5305=DIRECTION('',(1.0,6.12323399573677E-17,6.12323399573676E-17));
#5306=DIRECTION('',(-6.12323399573677E-17,1.21468994847664E-15,1.0));
#5307=DIRECTION('',(-1.0,-6.12323399573677E-17,-6.12323399573676E-17));
#5308=DIRECTION('',(-6.12323399573677E-17,1.21468994847664E-15,1.0));
#5309=DIRECTION('',(1.0,6.12323399573677E-17,6.12323399573676E-17));
#5310=CARTESIAN_POINT('',(-4.97241912107263E-17,-0.575003821033321,0.00206148933974649));
#5311=DIRECTION('',(1.79858256582722E-17,-1.0,1.27334483451128E-15));
#5312=DIRECTION('',(-0.593440246833704,1.01421379303115E-15,0.804878048798669));
#5313=DIRECTION('',(6.12323399573676E-17,-1.0,1.21468994847664E-15));
#5314=CARTESIAN_POINT('',(-3.30559448459483E-17,-0.847216942014568,0.00206148933977433));
#5315=DIRECTION('',(-6.12323399573677E-17,1.0,-1.22464679914735E-16));
#5316=DIRECTION('',(6.12323399573676E-17,-1.22464679914735E-16,-1.0));
#5317=DIRECTION('',(-6.12323399573676E-17,1.0,-1.21468994847664E-15));
#5318=DIRECTION('',(-6.63360824742426E-17,0.996194698110848,0.087155742529316));
#5319=DIRECTION('',(-1.0,-6.12323399573677E-17,-6.12323399573676E-17));
#5320=DIRECTION('',(6.6336082474242E-17,-0.996194698110849,-0.0871557425293054));
#5321=CARTESIAN_POINT('',(-3.705,0.0114148539425499,0.35498571533975));
#5322=DIRECTION('',(1.0,6.12323399573677E-17,6.12323399573676E-17));
#5323=DIRECTION('',(-5.56625812181008E-17,-0.0871557597175877,0.996194696607069));
#5324=CARTESIAN_POINT('',(-4.105,0.0114148539425499,0.35498571533975));
#5325=DIRECTION('',(-1.0,-6.12323399573677E-17,-6.12323399573676E-17));
#5326=DIRECTION('',(6.12323399573676E-17,-1.0,1.20666685240024E-15));
#5327=DIRECTION('',(-1.0,-6.12323399573677E-17,-6.12323399573676E-17));
#5328=CARTESIAN_POINT('',(-4.105,0.56499617894251,0.522061489339759));
#5329=DIRECTION('',(-1.0,-6.12323399573677E-17,-6.12323399573676E-17));
#5330=DIRECTION('',(-6.12323399573677E-17,1.20666685240024E-15,1.0));
#5331=CARTESIAN_POINT('',(-2.72499999993278,0.56499617944224,0.522061489839563));
#5332=DIRECTION('',(1.0,2.27379505760484E-11,5.30461636207802E-10));
#5333=DIRECTION('',(-2.27379492505199E-11,1.0,-2.49882050675521E-09));
#5334=CARTESIAN_POINT('',(-2.72500000020259,0.76499617961706,1.02206148933456));
#5335=DIRECTION('',(2.27618536832803E-11,-1.0,1.3491564901727E-09));
#5336=DIRECTION('',(-1.62587349106761E-06,-1.34915652717881E-09,-0.999999999998678));
#5337=DIRECTION('',(-1.0,-6.12323399573677E-17,-6.12323399573676E-17));
#5338=DIRECTION('',(6.12323399573677E-17,-1.21468994847664E-15,-1.0));
#5339=DIRECTION('',(-1.0,-2.46269510728226E-16,-6.12323399573674E-17));
#5340=DIRECTION('',(-6.12323399573677E-17,1.21468994847664E-15,1.0));
#5341=CARTESIAN_POINT('',(-0.81,0.76499617894254,1.05206148933977));
#5342=DIRECTION('',(6.12323399573676E-17,-1.0,1.21468994847664E-15));
#5343=DIRECTION('',(-1.0,-6.12323399573677E-17,-6.12323399573676E-17));
#5344=DIRECTION('',(6.12323399573677E-17,-1.21468994847664E-15,-1.0));
#5345=DIRECTION('',(-1.0,-3.71784234957412E-16,-6.12323399573673E-17));
#5346=DIRECTION('',(6.12323399573677E-17,-1.21468994847664E-15,-1.0));
#5347=DIRECTION('',(0.139173101262295,-1.19348369294716E-15,-0.990268068699095));
#5348=CARTESIAN_POINT('',(0.862739653999994,0.76499617894253,0.477061489339733));
#5349=DIRECTION('',(-8.92966935291362E-17,-1.0,1.19353447378006E-15));
#5350=DIRECTION('',(-0.990268069935237,-7.76802193288777E-17,-0.139173092466689));
#5351=DIRECTION('',(1.0,6.12323399573677E-17,6.12323399573676E-17));
#5352=DIRECTION('',(-6.12323399573677E-17,1.21468994847664E-15,1.0));
#5353=DIRECTION('',(1.0,6.12323399573677E-17,6.12323399573676E-17));
#5354=CARTESIAN_POINT('',(0.862739653999994,0.76499617894251,-0.472938510660248));
#5355=DIRECTION('',(6.12323399575228E-17,-1.0,1.22464679914735E-16));
#5356=DIRECTION('',(-1.42091716935558E-13,1.22464679914727E-16,1.0));
#5357=DIRECTION('',(-0.139173101262205,-1.21226220572196E-15,-0.990268068699107));
#5358=DIRECTION('',(6.12323399573677E-17,-1.21468994847664E-15,-1.0));
#5359=DIRECTION('',(1.0,3.71784234957412E-16,6.12323399573673E-17));
#5360=DIRECTION('',(6.12323399573677E-17,-1.21468994847664E-15,-1.0));
#5361=CARTESIAN_POINT('',(-0.81,0.7649961789425,-1.04793851066026));
#5362=DIRECTION('',(6.12323399573676E-17,-1.0,1.21468994847664E-15));
#5363=DIRECTION('',(1.0,6.12323399573677E-17,6.12323399573676E-17));
#5364=DIRECTION('',(-6.12323399573677E-17,1.21468994847664E-15,1.0));
#5365=DIRECTION('',(1.0,2.46269510728226E-16,6.12323399573674E-17));
#5366=DIRECTION('',(6.12323399573677E-17,-1.21468994847664E-15,-1.0));
#5367=DIRECTION('',(1.0,6.12323399573677E-17,6.12323399573676E-17));
#5368=CARTESIAN_POINT('',(-2.72500000073242,0.76499617705547,-1.01793851119375));
#5369=DIRECTION('',(3.73423060995274E-09,-1.0,2.42502247407904E-09));
#5370=DIRECTION('',(0.975499857357465,4.17624652759474E-09,0.220000064308095));
#5371=DIRECTION('',(1.0,6.12323399573677E-17,6.12323399573676E-17));
#5372=DIRECTION('',(-6.12323399573677E-17,1.21468994847664E-15,1.0));
#5373=CARTESIAN_POINT('',(-2.085,0.56499617894255,0.912061489339742));
#5374=DIRECTION('',(1.0,6.12323399573677E-17,6.12323399573676E-17));
#5375=DIRECTION('',(-6.12323399573676E-17,1.0,-1.20666685240024E-15));
#5376=CARTESIAN_POINT('',(-2.085,0.56499617894254,-0.907938510660253));
#5377=DIRECTION('',(1.0,6.12323399573677E-17,6.12323399573676E-17));
#5378=DIRECTION('',(6.12323399573677E-17,-1.20666685240024E-15,-1.0));
#5379=CARTESIAN_POINT('',(-2.085,0.56499617894252,-1.10793851066023));
#5380=DIRECTION('',(-1.0,-6.12323399573677E-17,-6.12323399573676E-17));
#5381=DIRECTION('',(-6.12323399573676E-17,1.0,-1.20666685240024E-15));
#5382=DIRECTION('',(6.12323399573676E-17,-1.0,1.21468994847664E-15));
#5383=CARTESIAN_POINT('',(-2.085,-0.475003821057502,-1.00793851066024));
#5384=DIRECTION('',(-1.0,-2.41932702038285E-16,-6.12323399573677E-17));
#5385=DIRECTION('',(6.12323399573676E-17,2.389360442471E-16,-1.0));
#5386=DIRECTION('',(-6.12323399573676E-17,1.0,-1.21468994847664E-15));
#5387=DIRECTION('',(-6.12323399573669E-17,-1.24852887030502E-14,1.0));
#5388=DIRECTION('',(6.12323399573676E-17,-1.0,1.21468994847664E-15));
#5389=DIRECTION('',(6.12323399573677E-17,-1.21468994847664E-15,-1.0));
#5390=CARTESIAN_POINT('',(-2.085,-0.475003821057459,1.01206148933976));
#5391=DIRECTION('',(-1.0,-6.12323399573677E-17,-6.12323399759186E-17));
#5392=DIRECTION('',(6.12323399510814E-17,-1.0,1.02662503375884E-10));
#5393=DIRECTION('',(-6.12323399573676E-17,1.0,-1.21468994847664E-15));
#5394=CARTESIAN_POINT('',(-2.085,0.56499617894253,1.11206148933977));
#5395=DIRECTION('',(-1.0,-3.32282883078743E-16,-6.12323399017982E-17));
#5396=DIRECTION('',(-6.12323399699212E-17,2.05015163866481E-10,1.0));
#5397=CARTESIAN_POINT('',(-2.085,-3.82105749016449E-06,0.00206148933976091));
#5398=DIRECTION('',(1.0,6.12323399573677E-17,6.12323399573676E-17));
#5399=DIRECTION('',(-6.11210732155325E-17,0.999998352022424,-0.0018154758153842));
#5400=CARTESIAN_POINT('',(-2.085,-3.82105749016449E-06,0.00206148933976091));
#5401=DIRECTION('',(1.0,6.12323399573677E-17,6.12323399573676E-17));
#5402=DIRECTION('',(-6.11210732155325E-17,0.999998352022424,-0.0018154758153842));
#5403=DIRECTION('',(-6.12323399573676E-17,1.0,-1.21468994847664E-15));
#5404=DIRECTION('',(0.297217098173189,1.18138488692521E-15,0.954809926924469));
#5405=DIRECTION('',(6.12323399573676E-17,-1.0,1.21468994847664E-15));
#5406=DIRECTION('',(-0.29721709817322,-1.17314495041432E-15,-0.954809926924459));
#5407=DIRECTION('',(-1.0,-6.12323399573677E-17,-6.12323399573676E-17));
#5408=DIRECTION('',(-1.0,-2.70559892112931E-11,-6.12323399245635E-17));
#5409=DIRECTION('',(-0.965925826343198,2.55364429610174E-16,0.258819044900507));
#5410=DIRECTION('',(6.12323399573677E-17,-1.21468994847664E-15,-1.0));
#5411=DIRECTION('',(1.0,2.61884461788945E-16,6.12323399573674E-17));
#5412=CARTESIAN_POINT('',(-0.885,-0.475003821057459,1.01206148933976));
#5413=DIRECTION('',(1.0,2.41932702038285E-16,6.12323399573674E-17));
#5414=DIRECTION('',(-6.12323399573677E-17,1.56806757656208E-15,1.0));
#5415=DIRECTION('',(-1.0,-2.46269510728226E-16,-6.12323399573674E-17));
#5416=DIRECTION('',(1.0,4.31306681499086E-16,6.12323399573672E-17));
#5417=DIRECTION('',(6.12323399573676E-17,-1.0,1.21468994847664E-15));
#5418=CARTESIAN_POINT('',(-0.885,0.56499617894253,1.11206148933977));
#5419=DIRECTION('',(1.0,6.12323399573677E-17,6.12323399573676E-17));
#5420=DIRECTION('',(-6.12323399573676E-17,1.0,-1.20666685240024E-15));
#5421=CARTESIAN_POINT('',(-0.885,-0.475003821057502,-1.00793851066024));
#5422=DIRECTION('',(1.0,8.13101579664818E-17,4.4436948948679E-18));
#5423=DIRECTION('',(7.81411837348626E-17,-0.942809041581702,-0.333333333334356));
#5424=DIRECTION('',(-6.12323399573676E-17,1.0,-1.21468994847664E-15));
#5425=CARTESIAN_POINT('',(-0.885,0.56499617894252,-1.10793851066023));
#5426=DIRECTION('',(1.0,3.32282883078743E-16,6.12323399817077E-17));
#5427=DIRECTION('',(6.1232339951869E-17,8.9798922471432E-11,-1.0));
#5428=DIRECTION('',(-6.12323399573676E-17,1.0,-1.21468994847664E-15));
#5429=DIRECTION('',(6.12323399573676E-17,-1.0,1.21468994847664E-15));
#5430=DIRECTION('',(-6.12323399573676E-17,1.0,-1.21468994847664E-15));
#5431=DIRECTION('',(-6.12323399573676E-17,1.0,-1.21468994847664E-15));
#5432=DIRECTION('',(-6.12323399573677E-17,1.21468994847664E-15,1.0));
#5433=DIRECTION('',(6.12323399573676E-17,-1.0,1.21468994847664E-15));
#5434=CARTESIAN_POINT('',(-0.735000000000013,0.56499617894254,1.30206148933975));
#5435=DIRECTION('',(-1.0,-3.32282883078743E-16,-6.1232339933027E-17));
#5436=DIRECTION('',(-6.12323399628664E-17,8.98013358051368E-11,1.0));
#5437=DIRECTION('',(1.0,3.71784234957412E-16,6.12323399573673E-17));
#5438=CARTESIAN_POINT('',(0.695,0.56499617894254,1.30206148933975));
#5439=DIRECTION('',(1.0,6.12323399573677E-17,6.12323399573676E-17));
#5440=DIRECTION('',(-6.12323399573676E-17,1.0,-1.20666685240024E-15));
#5441=DIRECTION('',(6.12323399573676E-17,-1.0,1.21468994847664E-15));
#5442=DIRECTION('',(6.12323399573676E-17,-1.0,1.21468994847664E-15));
#5443=DIRECTION('',(-6.12323399573677E-17,1.21468994847664E-15,1.0));
#5444=DIRECTION('',(-6.12323399573676E-17,1.0,-1.21468994847664E-15));
#5445=DIRECTION('',(-1.0,-6.12323399573677E-17,-6.12323399573676E-17));
#5446=DIRECTION('',(1.0,6.12323399573677E-17,6.12323399573676E-17));
#5447=DIRECTION('',(6.12323399573676E-17,-1.0,1.21468994847664E-15));
#5448=DIRECTION('',(-6.12323399573676E-17,1.0,-1.21468994847664E-15));
#5449=CARTESIAN_POINT('',(0.947315455000014,0.48731163394252,0.377061489339747));
#5450=DIRECTION('',(-6.12323399573677E-17,1.09857425461712E-15,1.0));
#5451=DIRECTION('',(6.12323399573676E-17,-1.0,1.09857425461712E-15));
#5452=CARTESIAN_POINT('',(0.947315455000014,0.48731163394252,0.377061489339747));
#5453=DIRECTION('',(6.1232339948647E-17,-8.20288276928471E-16,-1.0));
#5454=DIRECTION('',(-1.91710346745535E-10,1.0,-8.2028827694021E-16));
#5455=CARTESIAN_POINT('',(0.947315455000014,0.48731163394251,-0.372938510360247));
#5456=DIRECTION('',(6.12323399538098E-17,-1.09857425461712E-15,-1.0));
#5457=DIRECTION('',(-1.92269439931258E-10,1.0,-1.0985742546289E-15));
#5458=CARTESIAN_POINT('',(0.947315455000014,0.48731163394251,-0.372938510660231));
#5459=DIRECTION('',(-6.12323399573656E-17,8.64709487198311E-16,1.0));
#5460=DIRECTION('',(1.0,-2.73006204809758E-15,6.1232339957368E-17));
#5461=DIRECTION('',(6.12323399573676E-17,-1.0,1.21468994847664E-15));
#5462=DIRECTION('',(-6.12323399573676E-17,1.0,-1.21468994847664E-15));
#5463=CARTESIAN_POINT('',(-4.97241912107263E-17,-0.575003821033321,0.00206148933974649));
#5464=DIRECTION('',(6.58829427062796E-17,-1.0,1.21512230208172E-15));
#5465=DIRECTION('',(-0.99570636025562,-1.78081568844127E-16,-0.0925680514351741));
#5466=DIRECTION('',(6.12323399573676E-17,-1.0,1.21468994847664E-15));
#5467=CARTESIAN_POINT('',(-3.30559448459483E-17,-0.847216942014568,0.00206148933977433));
#5468=DIRECTION('',(-6.12323399573677E-17,1.0,-1.22464679914735E-16));
#5469=DIRECTION('',(6.12323399573676E-17,-1.22464679914735E-16,-1.0));
#5470=DIRECTION('',(-0.612372949191429,-0.499998742195601,-0.612372949191429));
#5471=CARTESIAN_POINT('',(-3.30559448459483E-17,-0.847216942014568,0.00206148933977433));
#5472=DIRECTION('',(-6.12323399573677E-17,1.0,-1.22464679914735E-16));
#5473=DIRECTION('',(6.12323399573676E-17,-1.22464679914735E-16,-1.0));
#5474=DIRECTION('',(0.612372949191429,0.499998742195601,-0.612372949191429));
#5475=CARTESIAN_POINT('',(-4.97241912107314E-17,-0.575003821033266,0.00206148933977414));
#5476=DIRECTION('',(6.12323399573676E-17,-1.0,1.28599871867967E-15));
#5477=DIRECTION('',(6.12323399573677E-17,-1.28599871867967E-15,-1.0));
#5478=DIRECTION('',(6.12323399573676E-17,-1.0,1.21468994847664E-15));
#5479=DIRECTION('',(0.965925826275688,3.73547806564142E-16,0.258819045152458));
#5480=DIRECTION('',(-0.258819045152458,1.16040818128737E-15,0.965925826275688));
#5481=DIRECTION('',(0.707106781186548,-8.13948707014471E-16,-0.707106781186547));
#5482=DIRECTION('',(-0.707106781186548,-9.00544312638021E-16,-0.707106781186547));
#5483=DIRECTION('',(0.258819045152458,1.19210437280781E-15,0.965925826275688));
#5484=DIRECTION('',(-0.965925826275688,2.55256009427914E-16,0.258819045152458));
#5485=DIRECTION('',(1.0,6.12323399573677E-17,6.12323399573676E-17));
#5486=CARTESIAN_POINT('',(-4.97241912107263E-17,-0.575003821033321,0.00206148933974649));
#5487=DIRECTION('',(-6.12323399573676E-17,1.0,-1.21468994847664E-15));
#5488=DIRECTION('',(1.0,6.12323399573677E-17,6.12323399573676E-17));
#5489=DIRECTION('',(-6.12323399573676E-17,1.0,-1.21468994847664E-15));
#5490=CARTESIAN_POINT('',(-0.893481389766572,-1.07643784381007,-0.23734612718674));
#5491=DIRECTION('',(-0.258819045152458,1.16040818128737E-15,0.965925826275688));
#5492=DIRECTION('',(-0.965925826275688,-9.08420900885474E-17,-0.258819045152458));
#5493=DIRECTION('',(-0.224144056037707,-0.499998742195601,0.836517005174302));
#5494=DIRECTION('',(0.224144056015766,0.499998742342436,-0.836517005092415));
#5495=CARTESIAN_POINT('',(0.239407616263611,-1.07643784381007,-0.891419899702141));
#5496=DIRECTION('',(0.965925826275688,3.72517814500281E-16,0.258819045152458));
#5497=DIRECTION('',(-0.258819045152458,1.02443701376012E-16,0.965925826275688));
#5498=DIRECTION('',(0.238244351250143,-0.390729635511722,-0.889140023297948));
#5499=DIRECTION('',(0.101128790496523,0.920504635474601,-0.377417784162965));
#5500=DIRECTION('',(-0.238244351506302,0.390729633180069,0.889140024253948));
#5501=DIRECTION('',(0.612372949131484,0.499998742342436,0.612372949131484));
#5502=CARTESIAN_POINT('',(-2.29804664162134E-17,-1.01176199184851,0.00206148933976199));
#5503=DIRECTION('',(-6.12323399573677E-17,1.0,-1.22464679914735E-16));
#5504=DIRECTION('',(6.12323399573676E-17,-1.22464679914735E-16,-1.0));
#5505=DIRECTION('',(-0.612372949131484,-0.499998742342436,0.612372949131484));
#5506=DIRECTION('',(-6.12323399573676E-17,1.0,-1.21468994847664E-15));
#5507=DIRECTION('',(0.65089567280593,-0.390729633180069,-0.65089567280593));
#5508=DIRECTION('',(-0.276288993691182,-0.920504635474601,0.276288993691182));
#5509=DIRECTION('',(-0.65089567210609,0.390729635511722,0.65089567210609));
#5510=CARTESIAN_POINT('',(-4.93780001774342E-10,-1.21314324736832,0.0020614895706505));
#5511=DIRECTION('',(6.12323399573677E-17,-1.0,1.22464679914735E-16));
#5512=DIRECTION('',(-6.12323399573676E-17,1.22464679914735E-16,1.0));
#5513=CARTESIAN_POINT('',(0.65407377208019,-1.07643784381007,0.656135262144621));
#5514=DIRECTION('',(-0.707106781186547,4.32978028117746E-17,0.707106781186547));
#5515=DIRECTION('',(-0.707106781186547,-1.29893408435324E-16,-0.707106781186547));
#5516=DIRECTION('',(0.65089567210609,-0.390729635511722,0.65089567210609));
#5517=DIRECTION('',(0.276288993691182,0.920504635474601,0.276288993691182));
#5518=DIRECTION('',(-0.65089567280593,0.390729633180069,-0.65089567280593));
#5519=DIRECTION('',(6.12323399573676E-17,-1.0,1.21468994847664E-15));
#5520=CARTESIAN_POINT('',(-1.68570195878318E-17,-1.11176546766938,0.00206148933976091));
#5521=DIRECTION('',(6.12323399573677E-17,-1.0,1.22464679914735E-16));
#5522=DIRECTION('',(-6.12323399573676E-17,1.22464679914735E-16,1.0));
#5523=CARTESIAN_POINT('',(-1.13988171972908E-17,-1.20090467734748,0.00206148933976092));
#5524=DIRECTION('',(-6.12323399573677E-17,1.0,-1.22464679914735E-16));
#5525=DIRECTION('',(6.12323399573676E-17,-1.22464679914735E-16,-1.0));
#5526=CARTESIAN_POINT('',(-1.25878854937486E-19,-1.38500573163026,0.0020614893397536));
#5527=DIRECTION('',(6.12323399573677E-17,-1.0,1.22464679914735E-16));
#5528=DIRECTION('',(6.12323399573676E-17,-1.22464679914735E-16,-1.0));
#5529=DIRECTION('',(0.224144056037708,0.499998742195601,0.836517005174301));
#5530=DIRECTION('',(-0.224144056015766,-0.499998742342436,-0.836517005092415));
#5531=DIRECTION('',(0.238244351506302,-0.390729633180069,0.889140024253948));
#5532=DIRECTION('',(-0.101128790496523,-0.920504635474601,-0.377417784162965));
#5533=DIRECTION('',(-0.238244351250142,0.390729635511722,-0.889140023297948));
#5534=CARTESIAN_POINT('',(0.239407616263611,-1.07643784381007,0.895542878843442));
#5535=DIRECTION('',(0.965925826275688,-2.54226017364053E-16,-0.258819045152458));
#5536=DIRECTION('',(0.258819045152458,1.34139892896445E-16,0.965925826275688));
#5537=CARTESIAN_POINT('',(-0.893481389766572,-1.07643784381007,0.241469106328041));
#5538=DIRECTION('',(-0.258819045152458,-1.19210437280781E-15,-0.965925826275688));
#5539=DIRECTION('',(0.965925826275688,2.74497070476809E-17,-0.258819045152458));
#5540=DIRECTION('',(6.12323399573676E-17,-1.0,1.21468994847664E-15));
#5541=CARTESIAN_POINT('',(-1.13988171972908E-17,-1.20090467734748,0.00206148933976092));
#5542=DIRECTION('',(-6.12323399573677E-17,1.0,-1.22464679914735E-16));
#5543=DIRECTION('',(6.12323399573676E-17,-1.22464679914735E-16,-1.0));
#5544=CARTESIAN_POINT('',(-1.25878854937395E-19,-1.38500573163026,0.00206148933975222));
#5545=DIRECTION('',(-6.12323399573677E-17,1.0,-1.22464679914735E-16));
#5546=DIRECTION('',(-6.12323399573676E-17,1.22464679914735E-16,1.0));
#5547=CARTESIAN_POINT('',(-4.93780001774269E-10,-1.21314444954675,0.0020614895706505));
#5548=DIRECTION('',(-6.12323399573677E-17,1.0,-1.22464679914735E-16));
#5549=DIRECTION('',(-6.12323399573676E-17,1.22464679914735E-16,1.0));
#5550=DIRECTION('',(-1.0,-2.46269510728226E-16,-6.12323399573674E-17));
#5551=DIRECTION('',(1.0,2.46269510728226E-16,6.12323399573674E-17));
#5552=DIRECTION('',(6.12323399573676E-17,-1.0,1.21468994847664E-15));
#5553=DIRECTION('',(6.12323399573676E-17,-1.0,1.21468994847664E-15));
#5554=CARTESIAN_POINT('',(-0.735000000000013,0.56499617894255,-1.29793851066024));
#5555=DIRECTION('',(-1.0,-6.12323399573677E-17,-6.12323399573676E-17));
#5556=DIRECTION('',(-6.12323399573676E-17,1.0,-1.20666685240024E-15));
#5557=DIRECTION('',(6.12323399573676E-17,-1.0,1.21468994847664E-15));
#5558=DIRECTION('',(-6.12323399573677E-17,1.21468994847664E-15,1.0));
#5559=DIRECTION('',(1.0,6.12323399573677E-17,6.12323399573676E-17));
#5560=DIRECTION('',(6.12323399573676E-17,-1.0,1.21468994847664E-15));
#5561=DIRECTION('',(6.12323399573676E-17,-1.0,1.21468994847664E-15));
#5562=DIRECTION('',(-6.12323399573677E-17,1.21468994847664E-15,1.0));
#5563=DIRECTION('',(-6.12323399573676E-17,1.0,-1.21468994847664E-15));
#5564=CARTESIAN_POINT('',(0.695,0.56499617894255,-1.29793851066024));
#5565=DIRECTION('',(1.0,3.32282883078743E-16,6.12323400129585E-17));
#5566=DIRECTION('',(6.12323399448093E-17,2.05094065695713E-10,-1.0));
#5567=DIRECTION('',(-6.12323399573676E-17,1.0,-1.21468994847664E-15));
#5568=DIRECTION('',(-1.0,-3.71784234957412E-16,-6.12323399573673E-17));
#5569=DIRECTION('',(-1.0,-6.12323399573677E-17,-6.12323399573676E-17));
#5570=CARTESIAN_POINT('',(-2.72499999938078,0.56499617814316,-0.517938510666035));
#5571=DIRECTION('',(1.0,3.7342307607336E-09,-1.20955755075565E-09));
#5572=DIRECTION('',(-1.20955756568079E-09,3.9968450475753E-09,-1.0));
#5573=CARTESIAN_POINT('',(-4.105,0.56499617894253,-0.517938510660242));
#5574=DIRECTION('',(-1.0,-6.12323399573677E-17,-6.12323399573676E-17));
#5575=DIRECTION('',(-6.12323399573676E-17,1.0,-1.20666685240024E-15));
#5576=CARTESIAN_POINT('',(-2.66499999999989,-3.82105749016449E-06,0.00206148933976088));
#5577=DIRECTION('',(-1.0,-1.72254642419883E-16,-6.12323399573674E-17));
#5578=DIRECTION('',(6.12323399573678E-17,-2.03576263135975E-15,-1.0));
#5579=CARTESIAN_POINT('',(-2.66499999999989,-3.82105749016449E-06,0.00206148933976088));
#5580=DIRECTION('',(1.0,1.72254642419883E-16,6.12323399573676E-17));
#5581=DIRECTION('',(-6.12323399573677E-17,5.88788194962264E-16,1.0));
#5582=CARTESIAN_POINT('',(-2.905,-3.82105749016449E-06,0.00206148933976086));
#5583=DIRECTION('',(-1.0,-1.72254642419883E-16,-6.12323399573674E-17));
#5584=DIRECTION('',(6.12323399573678E-17,-1.98775874010486E-15,-1.0));
#5585=DIRECTION('',(8.36449318790334E-17,-0.499999998612986,-0.866025404585231));
#5586=DIRECTION('',(2.24125920915533E-17,0.499999998612704,-0.866025404585395));
#5587=CARTESIAN_POINT('',(-2.905,0.1708229209425,-0.364809135660245));
#5588=DIRECTION('',(1.0,6.12323399573677E-17,6.12323399573676E-17));
#5589=DIRECTION('',(8.36449320295984E-17,-0.866025401226296,-0.500000004430833));
#5590=DIRECTION('',(-5.5662582395648E-17,0.996194698154191,-0.087155742033904));
#5591=DIRECTION('',(6.63360824465642E-17,-0.996194698154186,-0.0871557420339548));
#5592=CARTESIAN_POINT('',(-2.905,0.17082292094252,0.368932114339747));
#5593=DIRECTION('',(1.0,6.12323399573677E-17,6.12323399573676E-17));
#5594=DIRECTION('',(-5.56625811160467E-17,-0.0871557612501733,0.996194696472985));
#5595=DIRECTION('',(5.56625823956407E-17,-0.996194698154181,0.0871557420340148));
#5596=CARTESIAN_POINT('',(-3.305,0.1708229209425,-0.364809135660245));
#5597=DIRECTION('',(-1.0,-6.12323399573677E-17,-6.12323399573676E-17));
#5598=DIRECTION('',(6.6336083594418E-17,-0.0871557625771256,-0.996194696356892));
#5599=DIRECTION('',(-2.24125920915508E-17,-0.499999998612729,0.86602540458538));
#5600=DIRECTION('',(-8.36449319121089E-17,0.499999999891026,0.866025403847355));
#5601=CARTESIAN_POINT('',(-3.305,0.17082292094252,0.368932114339747));
#5602=DIRECTION('',(-1.0,-6.12323399573677E-17,-6.12323399573676E-17));
#5603=DIRECTION('',(2.24125890623082E-17,-0.866025386477632,0.500000029976268));
#5604=DIRECTION('',(-6.6336082446561E-17,0.996194698154192,0.0871557420338966));
#5605=DIRECTION('',(-1.0,-6.12323399573677E-17,-6.12323399573676E-17));
#5606=DIRECTION('',(1.0,6.12323399573677E-17,6.12323399573676E-17));
#5607=DIRECTION('',(-1.0,-6.12323399573677E-17,-6.12323399573676E-17));
#5608=DIRECTION('',(1.0,6.12323399573677E-17,6.12323399573676E-17));
#5609=CARTESIAN_POINT('',(-1.13988171972903E-17,-1.20090467734748,0.0020614893397522));
#5610=DIRECTION('',(6.12323399573677E-17,-1.0,1.22464679914735E-16));
#5611=DIRECTION('',(-6.12323399573676E-17,1.22464679914735E-16,1.0));
#5612=CARTESIAN_POINT('',(-1.25878854937395E-19,-1.38500573163026,0.00206148933975222));
#5613=DIRECTION('',(-6.12323399573677E-17,1.0,-1.22464679914735E-16));
#5614=DIRECTION('',(-6.12323399573676E-17,1.22464679914735E-16,1.0));
#5615=CARTESIAN_POINT('',(-4.93780001774342E-10,-1.21314324753015,0.0020614895706505));
#5616=DIRECTION('',(6.12323399573677E-17,-1.0,1.22464679914735E-16));
#5617=DIRECTION('',(-6.12323399573676E-17,1.22464679914735E-16,1.0));
#5618=CARTESIAN_POINT('',(-1.29848206063533E-17,-1.17500327605908,0.00206148933974264));
#5619=DIRECTION('',(6.12323399573677E-17,-1.0,1.22464679914735E-16));
#5620=DIRECTION('',(6.12323399573676E-17,-1.22464679914735E-16,-1.0));
#5621=CARTESIAN_POINT('',(-6.86155324057003E-18,-1.2750038210333,0.00206148933974266));
#5622=DIRECTION('',(6.12323399573677E-17,-1.0,1.22464679914735E-16));
#5623=DIRECTION('',(-6.12323399573676E-17,1.22464679914735E-16,1.0));
#5624=DIRECTION('',(6.12323399573677E-17,-1.21468994847664E-15,-1.0));
#5625=DIRECTION('',(1.0,6.12323399573677E-17,6.12323399573676E-17));
#5626=DIRECTION('',(-6.12323399573677E-17,1.21468994847664E-15,1.0));
#5627=DIRECTION('',(-1.0,-6.12323399573677E-17,-6.12323399573676E-17));
#5628=DIRECTION('',(-4.8227108313492E-17,0.981101621736532,-0.193493172556417));
#5629=DIRECTION('',(-6.12323399573677E-17,1.21468994847664E-15,1.0));
#5630=DIRECTION('',(7.19231877563002E-17,-0.981101621736532,-0.193493172556416));
#5631=DIRECTION('',(-3.81737536025349E-17,0.946405514567217,-0.322980807474316));
#5632=DIRECTION('',(-7.77274949535547E-17,0.322980811071023,0.946405513339765));
#5633=DIRECTION('',(-6.12323399573676E-17,1.0,-1.21468994847664E-15));
#5634=DIRECTION('',(6.12323399573676E-17,-1.0,1.21468994847664E-15));
#5635=DIRECTION('',(-3.81737533071533E-17,-0.322980811070865,0.946405513339819));
#5636=DIRECTION('',(7.77274948084797E-17,-0.946405514567217,-0.322980807474316));
#5637=DIRECTION('',(-6.12323399573676E-17,1.0,-1.21468994847664E-15));
#5638=DIRECTION('',(-1.0,-6.12323399573677E-17,-6.12323399573676E-17));
#5639=DIRECTION('',(1.0,1.87156351697735E-10,-8.64211751990597E-10));
#5640=DIRECTION('',(3.81737533071551E-17,0.322980811070844,-0.946405513339826));
#5641=DIRECTION('',(-7.77274948084798E-17,0.946405514567216,0.322980807474319));
#5642=DIRECTION('',(-1.0,-1.95425680707522E-09,2.6115147558829E-10));
#5643=DIRECTION('',(-7.19231877563003E-17,0.981101621736531,0.193493172556419));
#5644=DIRECTION('',(6.12323399573677E-17,-1.21468994847664E-15,-1.0));
#5645=DIRECTION('',(4.8227108313492E-17,-0.981101621736532,0.193493172556416));
#5646=DIRECTION('',(6.12323399573676E-17,-1.0,1.21468994847664E-15));
#5647=DIRECTION('',(7.77274949535502E-17,-0.322980811070912,-0.946405513339803));
#5648=DIRECTION('',(3.81737536025339E-17,-0.946405514567213,0.322980807474328));
#5649=DIRECTION('',(-1.0,-6.12323401083459E-17,-1.24267658745243E-10));
#5650=DIRECTION('',(-1.0,-6.12323398059603E-17,1.24267366539274E-10));
#5651=DIRECTION('',(-1.0,-1.95425551154141E-09,-2.61151512288667E-10));
#5652=DIRECTION('',(-1.0,-8.93923440995692E-10,-6.23011037374153E-10));
#5653=DIRECTION('',(1.0,6.12323399573677E-17,6.12323399573676E-17));
#5654=DIRECTION('',(-5.56625823626618E-17,0.996194698110852,-0.0871557425292702));
#5655=DIRECTION('',(1.0,6.12323399573677E-17,6.12323399573676E-17));
#5656=DIRECTION('',(5.56625823626564E-17,-0.996194698110845,0.087155742529352));
#5657=CARTESIAN_POINT('',(-3.705,0.0114148539425499,-0.350862736660238));
#5658=DIRECTION('',(1.0,6.12323399573677E-17,6.12323399573676E-17));
#5659=DIRECTION('',(8.41742457701807E-17,-0.853379347890591,-0.521290407156923));
#5660=CARTESIAN_POINT('',(-4.105,0.0114148539425499,-0.350862736660238));
#5661=DIRECTION('',(-1.0,-6.12323399573677E-17,-6.12323399573676E-17));
#5662=DIRECTION('',(6.12323399573676E-17,-1.0,1.20666685240024E-15));
#5663=DIRECTION('',(-1.0,-6.12323399573677E-17,-6.12323399573676E-17));
#5664=CARTESIAN_POINT('',(-43.5,-3.82105749254974E-06,0.00206148933975988));
#5665=DIRECTION('',(-1.0,-6.12323399573677E-17,-6.12323399573676E-17));
#5666=DIRECTION('',(6.12323399573676E-17,-1.22464679914735E-16,-1.0));
#5667=DIRECTION('',(1.0,6.12323399573677E-17,6.12323399573676E-17));
#5668=CARTESIAN_POINT('',(-46.5,-3.82105749276658E-06,0.00206148933975969));
#5669=DIRECTION('',(-1.0,-6.12323399573677E-17,-6.12323399573676E-17));
#5670=DIRECTION('',(6.12323399573676E-17,-1.22464679914735E-16,-1.0));
#5671=DIRECTION('',(1.0,6.12323399573677E-17,6.12323399573676E-17));
#5672=CARTESIAN_POINT('',(-48.0,-3.82105749298367E-06,-2.93915185000906E-15));
#5673=DIRECTION('',(1.0,6.12323399573677E-17,6.12323399573676E-17));
#5674=DIRECTION('',(6.12323399573677E-17,-1.0,1.22464679914735E-16));
#5675=DIRECTION('',(-1.0,-6.12323399573677E-17,-6.12323399573676E-17));
#5676=CARTESIAN_POINT('',(-46.5,-3.82105749276683E-06,-2.84730334007301E-15));
#5677=DIRECTION('',(1.0,6.12323399573677E-17,6.12323399573676E-17));
#5678=DIRECTION('',(6.12323399573677E-17,-1.0,1.22464679914735E-16));
#5679=DIRECTION('',(1.0,6.12323399573677E-17,6.12323399573676E-17));
#5680=CARTESIAN_POINT('',(-50.0,-3.82105749298367E-06,-3.0616165299238E-15));
#5681=DIRECTION('',(1.0,6.12323399573677E-17,6.12323399573676E-17));
#5682=DIRECTION('',(6.12323399573677E-17,-1.0,1.22464679914735E-16));
#5683=DIRECTION('',(-1.0,-6.12323399573677E-17,-6.12323399573676E-17));
#5684=CARTESIAN_POINT('',(-48.0,-3.82105749298367E-06,-2.93915185000906E-15));
#5685=DIRECTION('',(1.0,6.12323399573677E-17,6.12323399573676E-17));
#5686=DIRECTION('',(6.12323399573677E-17,-1.0,1.22464679914735E-16));
#5687=DIRECTION('',(-1.0,-6.12323399573677E-17,-6.12323399573676E-17));
#5688=DIRECTION('',(1.0,6.12323399573677E-17,6.12323399573676E-17));
#5689=CARTESIAN_POINT('',(-43.5,-3.82105749254974E-06,0.00206148933975988));
#5690=DIRECTION('',(1.0,6.12323399573677E-17,6.12323399573676E-17));
#5691=DIRECTION('',(6.12323399573676E-17,-1.22464679914735E-16,-1.0));
#5692=CARTESIAN_POINT('',(-43.5,-3.82105749254974E-06,0.00206148933975988));
#5693=DIRECTION('',(1.0,6.12323399573677E-17,6.12323399573676E-17));
#5694=DIRECTION('',(6.12323399573676E-17,-1.22464679914735E-16,-1.0));
#5695=CARTESIAN_POINT('',(-43.5,-3.82105749254974E-06,0.00206148933975988));
#5696=DIRECTION('',(1.0,6.12323399573677E-17,6.12323399573676E-17));
#5697=DIRECTION('',(6.12323399573676E-17,-1.22464679914735E-16,-1.0));
#5698=CARTESIAN_POINT('',(-43.5,-3.82105749254974E-06,0.00206148933975988));
#5699=DIRECTION('',(1.0,6.12323399573677E-17,6.12323399573676E-17));
#5700=DIRECTION('',(6.12323399573676E-17,-1.22464679914735E-16,-1.0));
#5701=CARTESIAN_POINT('',(-50.0,-3.82105749298367E-06,-3.0616165299238E-15));
#5702=DIRECTION('',(1.0,6.12323399573677E-17,6.12323399573676E-17));
#5703=DIRECTION('',(6.12323399573677E-17,-1.0,1.22464679914735E-16));
#5704=CARTESIAN_POINT('',(-48.0,-3.82105749298367E-06,-2.93915185000906E-15));
#5705=DIRECTION('',(1.0,6.12323399573677E-17,6.12323399573676E-17));
#5706=DIRECTION('',(6.12323399573677E-17,-1.0,1.22464679914735E-16));
#5707=CARTESIAN_POINT('',(-48.0,-3.82105749298367E-06,-2.93915185000906E-15));
#5708=DIRECTION('',(1.0,6.12323399573677E-17,6.12323399573676E-17));
#5709=DIRECTION('',(6.12323399573677E-17,-1.0,1.22464679914735E-16));
#5710=DIRECTION('',(-1.0,3.12215075009862E-16,-6.12323399573677E-17));
#5711=DIRECTION('',(-6.12323399573676E-17,1.22464679914735E-16,1.0));
#5712=DIRECTION('',(-1.0,3.12215075009862E-16,-6.12323399573677E-17));
#5713=DIRECTION('',(-6.12323399573676E-17,1.22464679914735E-16,1.0));
#5714=CARTESIAN_POINT('',(-46.5,-3.82105749276683E-06,-2.84730334007301E-15));
#5715=DIRECTION('',(1.0,6.12323399573677E-17,6.12323399573676E-17));
#5716=DIRECTION('',(6.12323399573677E-17,-1.0,1.22464679914735E-16));
#5717=DIRECTION('',(-6.12323399573677E-17,1.0,-1.22464679914735E-16));
#5718=DIRECTION('',(-6.12323399573676E-17,1.22464679914735E-16,1.0));
#5719=DIRECTION('',(-6.12323399573677E-17,1.0,-1.22464679914735E-16));
#5720=DIRECTION('',(1.0,6.12323399573677E-17,6.12323399573676E-17));
#5721=DIRECTION('',(6.12323399573677E-17,-1.0,1.22464679914735E-16));
#5722=DIRECTION('',(6.12323399573677E-17,-1.0,1.22464679914735E-16));
#5723=DIRECTION('',(-6.12323399573676E-17,1.22464679914735E-16,1.0));
#5724=DIRECTION('',(1.0,6.12323399573677E-17,6.12323399573676E-17));
#5725=CARTESIAN_POINT('',(-46.5,-3.82105749276658E-06,0.00206148933975969));
#5726=DIRECTION('',(-1.0,-6.12323399573677E-17,-6.12323399573676E-17));
#5727=DIRECTION('',(6.12323399573676E-17,-1.22464679914735E-16,-1.0));
#5728=DIRECTION('',(6.12323399573677E-17,-1.0,2.14346219955856E-16));
#5729=DIRECTION('',(-6.12323399573676E-17,1.22464679914735E-16,1.0));
#5730=DIRECTION('',(-6.12323399573677E-17,1.0,-3.06227759996976E-16));
#5731=DIRECTION('',(1.0,6.12323399573677E-17,6.12323399573676E-17));
#5732=CARTESIAN_POINT('',(-43.5,-3.82105749254974E-06,0.00206148933975988));
#5733=DIRECTION('',(-1.0,-6.12323399573677E-17,-6.12323399573676E-17));
#5734=DIRECTION('',(6.12323399573676E-17,-1.22464679914735E-16,-1.0));
#5735=DIRECTION('',(6.12323399573677E-17,-1.0,2.14346219955856E-16));
#5736=DIRECTION('',(6.12323399573677E-17,-1.0,2.14346219955856E-16));
#5737=DIRECTION('',(1.0,6.12323399573677E-17,6.12323399573676E-17));
#5738=DIRECTION('',(6.12323399573676E-17,-1.22464679914735E-16,-1.0));
#5739=DIRECTION('',(1.0,6.12323399573677E-17,6.12323399573676E-17));
#5740=DIRECTION('',(-6.12323399573677E-17,1.0,-3.06227759996976E-16));
#5741=DIRECTION('',(-6.12323399573677E-17,1.0,-3.06227759996976E-16));
ENDSEC;
END-ISO-10303-21;
